Brand,Model,Car_Type,Year,Age_Years,Transmission,Fuel_Type,No_of_Owners,KM_Driven,Price_USD
Toyota,Tacoma,Truck,2023,3,Manual,Petrol,1,58555,18500
Honda,Civic,Sedan,2020,6,Automatic,Petrol,3,75171,11070
Kia,Carnival,Minivan,2024,2,Manual,Hybrid,1,18461,23520
Mazda,Mazda3,Sedan,2023,3,Automatic,Petrol,1,52561,14590
Tesla,Model S,Sedan,2016,10,Automatic,Electric,3,178631,19460
Volkswagen,Jetta,Sedan,2022,4,CVT,Diesel,2,57052,11500
Chevrolet,Camaro,Coupe,2024,2,Manual,Petrol,1,19512,22710
Chevrolet,Camaro,Coupe,2025,1,Manual,Petrol,1,16443,25190
Audi,A5,Coupe,2022,4,Manual,Petrol,2,30095,27000
Hyundai,Tucson,SUV,2011,15,Automatic,Petrol,5,260717,2090
Chevrolet,Camaro,Coupe,2022,4,Automatic,Petrol,2,81621,18030
Chevrolet,Camaro,Coupe,2018,8,Manual,Hybrid,2,77546,12470
Kia,Rio,Hatchback,2021,5,Manual,CNG,1,77902,7490
Ford,Mustang Convertible,Convertible,2015,11,Semi-Automatic,Petrol,1,169909,11160
Kia,Carnival,Minivan,2016,10,Automatic,Petrol,1,98307,11270
Ford,Fusion,Sedan,2024,2,CVT,Petrol,1,52672,16590
Jeep,Grand Cherokee,SUV,2022,4,Manual,CNG,2,32222,19770
Volkswagen,Golf,Hatchback,2025,1,Manual,Petrol,1,24414,19580
Toyota,Yaris,Sedan,2016,10,Manual,Petrol,4,114205,4770
Nissan,Rogue,SUV,2019,7,Manual,Petrol,3,65079,10530
Lexus,IS,Sedan,2024,2,Automatic,Petrol,1,31451,29860
Hyundai,Elantra,Sedan,2026,0,Automatic,Petrol,1,500,20150
Jeep,Grand Cherokee,SUV,2026,0,Automatic,Hybrid,1,500,43140
Honda,Odyssey,Minivan,2024,2,Manual,Petrol,1,14739,24060
Hyundai,Elantra,Sedan,2016,10,Automatic,Petrol,2,96859,6350
Hyundai,Ioniq 5,SUV,2024,2,Automatic,Electric,1,19418,30570
Peugeot,208,Hatchback,2019,7,Automatic,Hybrid,1,58809,9460
Kia,K5,Sedan,2020,6,Manual,Petrol,1,45333,12050
Toyota,Prius,Hatchback,2022,4,Automatic,Hybrid,2,87436,15710
Nissan,Versa,Hatchback,2016,10,Automatic,Hybrid,3,70412,5250
Audi,A5,Coupe,2016,10,Manual,Petrol,4,156030,12770
Nissan,Sentra,Sedan,2020,6,Manual,Petrol,2,61655,8690
Toyota,Prius Prime,Hatchback,2022,4,Automatic,Petrol,1,34783,19160
Nissan,Sentra,Sedan,2023,3,Automatic,Hybrid,1,40524,14750
Honda,Fit,Hatchback,2017,9,Semi-Automatic,Hybrid,4,99247,5830
Hyundai,Ioniq 5,SUV,2023,3,Automatic,Electric,1,36371,26210
Tesla,Model 3,Sedan,2022,4,Automatic,Electric,1,51673,22010
Chevrolet,Camaro Convertible,Convertible,2022,4,Manual,Petrol,2,53531,23140
Kia,Rio,Hatchback,2022,4,Automatic,Petrol,2,76585,9080
Nissan,Sentra,Sedan,2015,11,Automatic,Diesel,2,93851,5430
Nissan,Leaf,Hatchback,2015,11,Automatic,Electric,3,154706,6430
Honda,Ridgeline,Truck,2015,11,Manual,Hybrid,3,187684,9680
GMC,Acadia,SUV,2022,4,Automatic,Petrol,1,72236,21790
Fiat,500,Hatchback,2022,4,Manual,Petrol,1,51151,10220
Mazda,CX-5,SUV,2021,5,Manual,Petrol,1,76665,14840
Ford,Mustang Mach-E,SUV,2018,8,Automatic,Electric,1,108898,16530
Land Rover,Range Rover Sport,SUV,2021,5,CVT,Petrol,2,113611,40940
Ford,F-150,Truck,2022,4,CVT,Diesel,2,90189,18660
Toyota,Tacoma,Truck,2021,5,Manual,Petrol,1,39787,15490
Audi,Q7,SUV,2022,4,Automatic,Petrol,1,43696,35520
Honda,City,Sedan,2018,8,Automatic,Diesel,3,96168,6630
Nissan,Versa,Hatchback,2014,12,CVT,Diesel,4,212653,1340
Suzuki,Swift,Hatchback,2022,4,Automatic,Petrol,2,86350,7320
Honda,Insight,Sedan,2026,0,Automatic,Hybrid,1,500,23940
Toyota,RAV4,SUV,2023,3,CVT,Hybrid,2,23509,20990
Honda,Pilot,SUV,2013,13,Automatic,Petrol,1,305733,5530
Ford,Fusion,Sedan,2014,12,Automatic,Petrol,4,243103,3620
Subaru,Legacy,Sedan,2023,3,Automatic,Diesel,1,61149,15910
Skoda,Octavia,Sedan,2020,6,Manual,Petrol,1,84139,11660
Lexus,RX,SUV,2022,4,Automatic,Diesel,2,43641,27290
Hyundai,Santa Fe,SUV,2017,9,Manual,CNG,2,147326,8980
Audi,Q5,SUV,2017,9,Automatic,Diesel,3,89919,14960
BMW,Z4,Convertible,2022,4,Manual,Petrol,1,49665,29010
Mini,Cooper,Hatchback,2023,3,Manual,Hybrid,1,33161,17820
Honda,Fit,Hatchback,2021,5,Manual,Diesel,1,38955,8840
Mazda,CX-5,SUV,2011,15,Automatic,Petrol,5,220346,3990
Lexus,IS,Sedan,2014,12,Manual,Petrol,2,158725,9780
GMC,Terrain,SUV,2024,2,Automatic,Petrol,1,21836,20770
Hyundai,Elantra,Sedan,2024,2,Manual,Petrol,1,12352,14920
Hyundai,Elantra,Sedan,2025,1,CVT,Petrol,1,8839,16630
Lexus,RX,SUV,2023,3,Automatic,Hybrid,2,57942,31740
Kia,Sportage,SUV,2022,4,Automatic,Petrol,1,74890,14990
Nissan,Titan,Truck,2020,6,Automatic,Petrol,1,52031,16910
BMW,4 Series,Coupe,2025,1,CVT,Petrol,1,23575,41980
Hyundai,Tucson,SUV,2024,2,Automatic,Hybrid,1,23778,23050
Lexus,RX,SUV,2021,5,Automatic,Hybrid,2,113050,23240
Nissan,Sentra,Sedan,2020,6,Manual,Hybrid,1,82209,10340
Ford,Mustang Convertible,Convertible,2025,1,Automatic,Petrol,1,15893,31690
Toyota,Tacoma,Truck,2021,5,Semi-Automatic,Diesel,2,71951,16020
Fiat,500,Hatchback,2018,8,Automatic,Petrol,1,95401,7220
BMW,X5,SUV,2016,10,Automatic,Diesel,4,101601,17570
Ford,Mustang Convertible,Convertible,2024,2,Automatic,Petrol,1,32022,28590
Honda,Fit,Hatchback,2026,0,Automatic,Diesel,1,500,15580
Tesla,Model S,Sedan,2014,12,Automatic,Electric,3,143419,15640
Land Rover,Range Rover Evoque,SUV,2020,6,Automatic,Petrol,3,144662,20020
Honda,Odyssey,Minivan,2023,3,CVT,Petrol,2,58130,21000
Mazda,CX-9,SUV,2021,5,Automatic,Petrol,2,124783,16380
Chevrolet,Bolt EV,Hatchback,2025,1,Automatic,Electric,1,20932,21320
Mercedes-Benz,C-Class,Sedan,2021,5,Automatic,Petrol,2,120623,21750
Mercedes-Benz,C-Class Coupe,Coupe,2013,13,CVT,Petrol,1,253255,8940
Chevrolet,Bolt EV,Hatchback,2019,7,Automatic,Electric,3,78728,10560
Nissan,Altima,Sedan,2019,7,Automatic,Petrol,2,167400,8730
Kia,EV6,SUV,2024,2,Automatic,Electric,1,24118,30440
BMW,5 Series,Sedan,2019,7,Automatic,Petrol,1,50460,23940
Honda,Insight,Sedan,2021,5,Manual,Petrol,1,91814,11230
Honda,Pilot,SUV,2013,13,Automatic,CNG,3,153464,7480
Ford,Explorer,SUV,2011,15,Automatic,Petrol,3,175219,7260
Mini,Cooper Convertible,Convertible,2020,6,Automatic,Diesel,2,144092,11910
Volkswagen,Golf,Hatchback,2019,7,Manual,Petrol,3,139760,8860
Nissan,Sentra,Sedan,2020,6,Automatic,Petrol,3,83211,8850
Honda,Odyssey,Minivan,2021,5,Semi-Automatic,Petrol,2,73046,18920
Mazda,MX-5 Miata,Convertible,2021,5,CVT,Hybrid,1,72424,16620
Nissan,Leaf,Hatchback,2022,4,Automatic,Electric,2,37683,15900
Volvo,XC60,SUV,2022,4,Manual,Petrol,1,62171,25800
Toyota,Tundra,Truck,2015,11,CVT,Petrol,3,123108,11300
Subaru,Legacy,Sedan,2024,2,CVT,Petrol,1,35567,17820
Porsche,911,Coupe,2025,1,Automatic,Petrol,1,21312,86310
Kia,Sportage,SUV,2025,1,CVT,Hybrid,1,20719,22150
Chevrolet,Malibu,Sedan,2025,1,CVT,Hybrid,1,17306,19960
Ford,Fusion,Sedan,2017,9,Automatic,Diesel,2,173876,6600
GMC,Terrain,SUV,2024,2,CVT,Petrol,1,37021,20380
Nissan,Rogue,SUV,2024,2,Automatic,Petrol,1,19474,21260
Nissan,Murano,SUV,2021,5,Automatic,Petrol,1,112792,17400
Honda,Civic,Sedan,2022,4,Automatic,Petrol,1,76441,13920
Kia,Forte,Sedan,2020,6,Manual,Petrol,3,105322,8100
Mazda,Mazda3,Sedan,2019,7,Automatic,Diesel,3,91487,8900
Subaru,Forester,SUV,2023,3,Manual,Petrol,2,44026,15690
Tesla,Model S,Sedan,2022,4,Automatic,Electric,2,74952,38510
Chevrolet,Malibu,Sedan,2014,12,CVT,Petrol,4,261952,1200
Lexus,NX,SUV,2021,5,Automatic,Petrol,1,67148,21400
Hyundai,Tucson,SUV,2020,6,CVT,CNG,3,98657,10280
Suzuki,Swift,Hatchback,2022,4,Automatic,Diesel,1,31429,9320
Honda,Civic,Sedan,2022,4,Automatic,Petrol,2,45697,13760
Volkswagen,Jetta,Sedan,2018,8,Automatic,Hybrid,1,107369,8670
Suzuki,Swift,Hatchback,2022,4,Automatic,Petrol,1,55382,8590
Chevrolet,Traverse,SUV,2024,2,Automatic,CNG,1,42253,25140
Hyundai,Santa Fe,SUV,2019,7,Automatic,Petrol,3,120275,13120
Hyundai,Santa Fe,SUV,2016,10,CVT,Petrol,4,178729,7580
Toyota,RAV4,SUV,2021,5,CVT,Hybrid,2,63584,15920
Chevrolet,Traverse,SUV,2023,3,Manual,Hybrid,1,32666,25440
Honda,Pilot,SUV,2017,9,CVT,Diesel,2,73377,13710
Kia,K5,Sedan,2021,5,Manual,Petrol,2,107666,10230
Ram,1500,Truck,2021,5,Automatic,Petrol,2,95292,19170
Nissan,Altima,Sedan,2025,1,CVT,Petrol,1,15854,21580
Ford,Mustang Mach-E,SUV,2015,11,Automatic,Electric,2,135216,11340
Volkswagen,ID.4,SUV,2012,14,Automatic,Electric,1,150340,7900
Mercedes-Benz,GLC,SUV,2015,11,Automatic,Petrol,4,129264,12090
Kia,Forte,Sedan,2022,4,Automatic,Petrol,2,76341,10470
Volvo,XC60,SUV,2023,3,CVT,Petrol,2,36477,29170
Toyota,Highlander,SUV,2018,8,CVT,Petrol,3,102763,12780
Renault,Clio,Hatchback,2014,12,Automatic,Petrol,4,186680,4100
BMW,X3,SUV,2016,10,CVT,Diesel,1,211837,10700
Lexus,ES,Sedan,2017,9,Manual,Diesel,2,96765,14120
Ford,F-150,Truck,2021,5,Manual,Petrol,1,77333,18310
Lexus,NX,SUV,2023,3,Automatic,CNG,2,40759,25270
Kia,EV6,SUV,2020,6,Automatic,Electric,2,61795,18820
Ford,Mustang Convertible,Convertible,2021,5,Automatic,Petrol,2,66478,20790
Jeep,Compass,SUV,2023,3,Automatic,Petrol,1,24511,18980
Toyota,Sienna,Minivan,2015,11,Automatic,Petrol,4,130279,8930
Volkswagen,Jetta,Sedan,2024,2,Automatic,Petrol,1,16980,15880
Toyota,Sienna,Minivan,2017,9,Automatic,Petrol,4,85888,11490
Hyundai,Tucson,SUV,2020,6,Automatic,Hybrid,1,65410,14670
BMW,X3,SUV,2026,0,Automatic,Diesel,1,500,43710
Kia,Forte,Sedan,2020,6,Manual,Petrol,3,88785,9010
Audi,A6,Sedan,2012,14,Manual,Diesel,4,278930,7640
Chevrolet,Spark,Hatchback,2016,10,Manual,Petrol,3,195041,1310
BMW,Z4,Convertible,2016,10,Automatic,Petrol,1,160330,16950
Mazda,MX-5 Miata,Convertible,2022,4,Semi-Automatic,Petrol,1,57718,17980
Porsche,911,Coupe,2011,15,Automatic,Petrol,2,192820,19250
GMC,Acadia,SUV,2022,4,Automatic,Diesel,2,49072,19910
Toyota,Sienna,Minivan,2020,6,Automatic,Hybrid,2,105429,18600
Ford,Mustang,Coupe,2025,1,Automatic,Diesel,1,17652,26100
Ford,Escape,SUV,2020,6,Manual,Petrol,3,66603,11250
Lexus,ES,Sedan,2020,6,Automatic,Petrol,2,122310,19170
Volkswagen,Tiguan,SUV,2025,1,Automatic,Petrol,1,18056,24830
Peugeot,208,Hatchback,2021,5,Manual,Petrol,2,120452,7540
Toyota,Sienna,Minivan,2012,14,Automatic,Petrol,2,161680,7450
Land Rover,Range Rover Evoque,SUV,2025,1,CVT,Petrol,1,23496,41400
Kia,K5,Sedan,2025,1,Automatic,Petrol,1,14431,20730
Lexus,ES,Sedan,2021,5,Automatic,Diesel,1,92040,22690
Volkswagen,Golf,Hatchback,2016,10,CVT,Petrol,1,130269,7520
Audi,Q5,SUV,2020,6,Manual,Petrol,3,72326,20770
Lexus,RX,SUV,2025,1,CVT,Petrol,1,19614,38930
Ram,1500,Truck,2023,3,Manual,Petrol,1,61480,22100
Kia,Sportage,SUV,2022,4,Automatic,Petrol,1,58445,17560
Ford,Fusion,Sedan,2025,1,Automatic,Diesel,1,11502,18410
Chevrolet,Equinox,SUV,2013,13,Automatic,Hybrid,2,314292,1200
BMW,X5,SUV,2021,5,CVT,Petrol,1,97410,31630
Hyundai,Elantra,Sedan,2017,9,Automatic,Petrol,4,66288,6900
Nissan,Murano,SUV,2022,4,Automatic,Diesel,1,43165,20580
Tesla,Model Y,SUV,2019,7,Automatic,Electric,1,49383,19260
Nissan,Murano,SUV,2021,5,Automatic,Diesel,1,33701,18280
GMC,Acadia,SUV,2014,12,Automatic,Hybrid,3,180258,8250
Tesla,Model S,Sedan,2021,5,Automatic,Electric,2,43618,36340
Renault,Clio,Hatchback,2019,7,Manual,Diesel,1,88523,8000
Ford,Focus,Hatchback,2024,2,Automatic,Diesel,1,24323,14030
Honda,Accord,Sedan,2022,4,Automatic,Petrol,1,65947,17240
Hyundai,Sonata,Sedan,2011,15,Automatic,Petrol,4,188670,4080
Nissan,Rogue,SUV,2017,9,Manual,Hybrid,3,106587,9020
Nissan,Versa,Hatchback,2019,7,Manual,Diesel,2,76838,6170
Chevrolet,Malibu,Sedan,2016,10,Automatic,Petrol,4,245493,2490
Audi,A5,Coupe,2019,7,CVT,Petrol,3,76080,18910
BMW,3 Series,Sedan,2023,3,Manual,Petrol,1,50323,27350
Audi,A5,Coupe,2024,2,Manual,Petrol,1,36331,31570
Fiat,500,Hatchback,2015,11,Manual,Petrol,1,139811,4740
Audi,A6,Sedan,2014,12,CVT,Petrol,1,219880,12940
Chevrolet,Spark,Hatchback,2020,6,Automatic,Hybrid,1,100065,7110
Toyota,Prius Prime,Hatchback,2024,2,Automatic,Diesel,1,29948,19910
Honda,CR-V,SUV,2024,2,Manual,Petrol,1,36636,19920
BMW,3 Series,Sedan,2026,0,CVT,Petrol,1,500,43430
Toyota,Corolla,Sedan,2023,3,Automatic,Petrol,1,30827,15970
Chevrolet,Camaro Convertible,Convertible,2015,11,Automatic,Petrol,3,111432,10420
GMC,Acadia,SUV,2015,11,Manual,Petrol,2,218767,6970
Mercedes-Benz,GLE,SUV,2020,6,Automatic,Diesel,1,143733,26210
Chevrolet,Bolt EV,Hatchback,2024,2,Automatic,Electric,1,33470,17100
Ford,Fusion,Sedan,2025,1,Automatic,Petrol,1,13883,18170
Toyota,Yaris,Sedan,2022,4,Automatic,Petrol,1,38769,9880
Fiat,500,Hatchback,2018,8,Manual,Petrol,3,120629,6040
Honda,Insight,Sedan,2013,13,Automatic,Hybrid,5,175221,4610
Ford,Fusion,Sedan,2026,0,Automatic,Diesel,1,500,21910
Ford,Focus,Hatchback,2023,3,Automatic,Petrol,1,31659,14520
Honda,Fit,Hatchback,2026,0,Automatic,Petrol,1,500,17590
Mini,Cooper Convertible,Convertible,2023,3,Automatic,Petrol,2,56098,20370
Nissan,Titan,Truck,2023,3,Automatic,Petrol,1,44882,25370
Honda,Ridgeline,Truck,2019,7,Automatic,Petrol,2,67127,17390
Nissan,Versa,Hatchback,2021,5,Automatic,Diesel,1,104346,6950
Honda,City,Sedan,2021,5,Automatic,Petrol,2,59084,9440
GMC,Acadia,SUV,2017,9,Automatic,Petrol,2,166430,10370
Lexus,IS,Sedan,2011,15,Automatic,CNG,4,330623,1290
Toyota,RAV4,SUV,2022,4,Automatic,Petrol,2,67695,17190
Ford,Mustang Convertible,Convertible,2022,4,CVT,Diesel,2,49083,21510
Volvo,XC60,SUV,2024,2,Automatic,Petrol,1,24347,35750
Honda,CR-V,SUV,2013,13,CVT,Hybrid,4,216957,5260
Lexus,ES,Sedan,2020,6,Automatic,Hybrid,1,112608,19330
Toyota,Camry,Sedan,2023,3,CVT,Petrol,1,27426,18640
Ford,F-150,Truck,2026,0,Manual,Hybrid,1,500,33150
Tesla,Model 3,Sedan,2022,4,Automatic,Electric,1,27561,23510
Tesla,Model 3,Sedan,2017,9,Automatic,Electric,1,109066,13300
Chevrolet,Camaro,Coupe,2011,15,Automatic,Diesel,1,135897,5450
Audi,A4,Sedan,2019,7,CVT,Petrol,2,137089,15430
Toyota,Yaris,Sedan,2020,6,Manual,Hybrid,2,37638,7630
Nissan,Altima,Sedan,2026,0,CVT,Petrol,1,500,23030
Mercedes-Benz,E-Class,Sedan,2017,9,Automatic,Petrol,3,141824,16770
Mazda,MX-5 Miata,Convertible,2022,4,Automatic,CNG,1,61958,16250
Honda,Civic,Sedan,2021,5,Manual,Petrol,1,87357,11710
Volkswagen,Jetta,Sedan,2023,3,Automatic,Diesel,1,21489,14500
Peugeot,208,Hatchback,2014,12,Automatic,Petrol,4,126866,4640
Land Rover,Range Rover Sport,SUV,2025,1,Automatic,Petrol,1,19108,65220
Mini,Cooper Convertible,Convertible,2015,11,CVT,Petrol,2,123744,8270
Volkswagen,Atlas,SUV,2023,3,Automatic,Petrol,2,28432,24530
GMC,Terrain,SUV,2024,2,Automatic,Petrol,1,33656,21370
Toyota,Highlander,SUV,2020,6,Manual,Diesel,2,102059,17040
Peugeot,208,Hatchback,2021,5,Manual,Petrol,1,51864,10680
Skoda,Octavia,Sedan,2019,7,Automatic,Petrol,3,76900,10700
Tesla,Model S,Sedan,2017,9,Automatic,Electric,4,105011,21560
Hyundai,Tucson,SUV,2021,5,Semi-Automatic,Petrol,2,99593,12830
Nissan,Murano,SUV,2020,6,CVT,Diesel,1,48888,16480
Lexus,RX,SUV,2022,4,Manual,CNG,2,74124,24620
Mercedes-Benz,GLC,SUV,2023,3,Manual,Petrol,2,48602,28060
Honda,Civic,Sedan,2015,11,Automatic,Petrol,1,152897,6540
Honda,City,Sedan,2025,1,Automatic,Petrol,1,10509,15160
Toyota,Tundra,Truck,2015,11,CVT,Petrol,2,168139,9890
Chrysler,Pacifica,Minivan,2020,6,Automatic,Petrol,2,95321,16040
Toyota,Camry,Sedan,2018,8,Automatic,Diesel,1,152231,8530
Subaru,Legacy,Sedan,2021,5,CVT,Petrol,2,84764,12580
Chevrolet,Silverado 1500,Truck,2017,9,Manual,Petrol,1,125489,11720
BMW,5 Series,Sedan,2024,2,Automatic,Petrol,1,27015,44570
Audi,A6,Sedan,2024,2,Automatic,Petrol,1,40012,41340
Lexus,IS,Sedan,2021,5,Semi-Automatic,Diesel,2,67055,19560
Lexus,RX,SUV,2023,3,Manual,Petrol,2,28600,30730
Volkswagen,Atlas,SUV,2025,1,Automatic,Petrol,1,18036,29190
Hyundai,Tucson,SUV,2018,8,CVT,Hybrid,2,93231,10430
Hyundai,Ioniq 5,SUV,2018,8,Automatic,Electric,1,107666,16200
Hyundai,Tucson,SUV,2024,2,Automatic,Hybrid,1,37722,20840
BMW,4 Series,Coupe,2014,12,Automatic,Petrol,5,272235,8490
Hyundai,Sonata,Sedan,2016,10,Automatic,Hybrid,2,90988,8050
BMW,5 Series,Sedan,2022,4,Automatic,Petrol,2,48590,34140
Toyota,GR86,Coupe,2014,12,Automatic,Hybrid,3,239362,4330
Toyota,Tacoma,Truck,2025,1,Automatic,Petrol,1,10754,26670
Honda,CR-V,SUV,2018,8,CVT,Petrol,3,88558,9800
Chevrolet,Bolt EV,Hatchback,2021,5,Automatic,Electric,2,64595,12400
Toyota,Prius,Hatchback,2023,3,Manual,Hybrid,2,54757,17200
BMW,Z4,Convertible,2019,7,Manual,Petrol,1,52612,21720
Toyota,Corolla,Sedan,2012,14,CVT,Diesel,4,228726,3170
Mazda,Mazda6,Sedan,2024,2,CVT,Petrol,1,36665,18790
Audi,A4,Sedan,2020,6,Manual,Petrol,1,125365,18970
BMW,3 Series,Sedan,2022,4,Automatic,Diesel,2,35478,25450
GMC,Terrain,SUV,2014,12,Automatic,Diesel,1,247791,4840
Mazda,MX-5 Miata,Convertible,2018,8,Manual,Petrol,1,79752,10860
Toyota,Corolla,Sedan,2024,2,CVT,CNG,1,29849,15750
Honda,Accord,Sedan,2024,2,Automatic,Petrol,1,35698,21930
Hyundai,Tucson,SUV,2020,6,Automatic,Petrol,2,39472,12720
Toyota,RAV4,SUV,2017,9,Manual,Hybrid,1,106120,10110
Hyundai,Santa Fe,SUV,2025,1,Manual,Petrol,1,12029,27480
Mercedes-Benz,GLC,SUV,2023,3,CVT,Petrol,2,38203,30720
Honda,Civic,Sedan,2021,5,Automatic,Petrol,2,89339,11640
Volkswagen,Atlas,SUV,2024,2,Automatic,Diesel,1,42921,24480
Chevrolet,Bolt EV,Hatchback,2023,3,Automatic,Electric,2,52126,14580
Chrysler,Pacifica,Minivan,2022,4,Manual,Hybrid,2,62534,20370
Chevrolet,Malibu,Sedan,2024,2,CVT,Petrol,1,25543,18860
Toyota,RAV4,SUV,2022,4,Automatic,Hybrid,2,51268,18290
Volkswagen,Atlas,SUV,2018,8,Manual,CNG,3,110596,11520
Honda,Pilot,SUV,2026,0,Manual,Petrol,1,500,34970
Mercedes-Benz,GLE,SUV,2013,13,Automatic,CNG,2,147540,12800
Nissan,370Z,Coupe,2018,8,Automatic,Hybrid,3,56835,13870
Hyundai,Santa Fe,SUV,2023,3,Automatic,Petrol,2,52630,20640
Ford,Focus,Hatchback,2018,8,Automatic,Petrol,3,55850,7250
Nissan,Rogue,SUV,2023,3,Automatic,Petrol,1,37362,19560
Toyota,Yaris,Sedan,2025,1,Automatic,Diesel,1,18021,13670
Audi,A6,Sedan,2021,5,Automatic,Petrol,1,34219,28790
Mini,Cooper Convertible,Convertible,2017,9,Automatic,CNG,3,201080,8140
Kia,K5,Sedan,2015,11,Automatic,Petrol,4,132645,5840
Subaru,Outback,SUV,2022,4,CVT,Petrol,2,52404,18030
Mini,Cooper,Hatchback,2025,1,CVT,Petrol,1,16105,20270
Chevrolet,Equinox,SUV,2016,10,Automatic,Petrol,2,197911,5840
Nissan,Rogue,SUV,2020,6,Automatic,Diesel,2,59235,14010
Mini,Cooper Convertible,Convertible,2021,5,CVT,Petrol,2,122019,13570
Suzuki,Swift,Hatchback,2018,8,Manual,Petrol,1,170024,3960
Audi,A6,Sedan,2017,9,Automatic,Petrol,3,106759,18340
Lexus,RX,SUV,2017,9,CVT,Hybrid,4,99716,16620
Honda,Accord,Sedan,2015,11,Automatic,Petrol,2,171537,7620
Hyundai,Sonata,Sedan,2015,11,Automatic,Hybrid,1,259542,2140
Chevrolet,Traverse,SUV,2023,3,Automatic,Petrol,1,48583,23790
BMW,4 Series,Coupe,2015,11,Manual,CNG,3,134978,12150
Ford,Fusion,Sedan,2019,7,Automatic,Petrol,3,129988,8240
Kia,Carnival,Minivan,2020,6,Automatic,CNG,2,75703,13960
Toyota,Prius Prime,Hatchback,2018,8,Manual,Diesel,2,90397,10260
Mazda,Mazda6,Sedan,2022,4,Automatic,Diesel,2,102833,12920
Mazda,Mazda3,Sedan,2020,6,Manual,Diesel,3,66203,9090
Kia,Rio,Hatchback,2024,2,Automatic,Hybrid,1,14216,13220
Ford,F-150,Truck,2022,4,Manual,Hybrid,1,59420,23330
Jeep,Wrangler,SUV,2018,8,Manual,Diesel,2,109040,12310
Volkswagen,Tiguan,SUV,2022,4,Automatic,Petrol,2,79481,15370
Toyota,Tacoma,Truck,2017,9,Automatic,Petrol,3,155013,8850
Chevrolet,Equinox,SUV,2022,4,CVT,Petrol,2,36133,15800
Mercedes-Benz,C-Class,Sedan,2025,1,Manual,Diesel,1,16658,32200
Chevrolet,Equinox,SUV,2021,5,Automatic,Diesel,2,60320,14840
Nissan,Altima,Sedan,2017,9,CVT,Petrol,2,112023,9080
Kia,Carnival,Minivan,2025,1,Automatic,Petrol,1,14116,27320
Porsche,911,Coupe,2022,4,Automatic,Hybrid,2,77491,59820
Nissan,370Z,Coupe,2022,4,Automatic,Petrol,2,44852,18920
Mazda,Mazda6,Sedan,2023,3,Automatic,Petrol,2,45409,16270
Audi,A6,Sedan,2020,6,Automatic,Petrol,3,73801,23760
Mazda,CX-5,SUV,2026,0,CVT,Hybrid,1,500,30400
Ford,Focus,Hatchback,2022,4,Semi-Automatic,Petrol,2,44668,11700
Tesla,Model Y,SUV,2021,5,Automatic,Electric,2,91257,22290
BMW,3 Series,Sedan,2020,6,Automatic,Diesel,1,84493,20520
Nissan,Murano,SUV,2017,9,Automatic,Diesel,4,100604,11080
Audi,A6,Sedan,2021,5,Automatic,CNG,2,71033,26300
Chevrolet,Equinox,SUV,2018,8,CVT,Petrol,1,164807,8200
Honda,Accord,Sedan,2019,7,Semi-Automatic,Hybrid,2,148889,10480
Kia,Carnival,Minivan,2019,7,Manual,Hybrid,2,86182,14260
Ford,Mustang,Coupe,2020,6,Manual,Petrol,1,99158,14590
GMC,Acadia,SUV,2021,5,Manual,Petrol,2,110535,17000
Ford,Mustang Mach-E,SUV,2024,2,Automatic,Electric,1,47027,31440
Chevrolet,Camaro,Coupe,2021,5,Automatic,Petrol,2,55407,17420
Lexus,NX,SUV,2019,7,Automatic,Diesel,3,127908,14530
Nissan,Leaf,Hatchback,2019,7,Automatic,Electric,3,52176,11620
Ford,Mustang Convertible,Convertible,2015,11,CVT,Hybrid,1,98027,11780
Ford,Escape,SUV,2016,10,Automatic,Petrol,4,106215,8120
Lexus,IS,Sedan,2022,4,CVT,Petrol,2,70249,21590
Lexus,RX,SUV,2024,2,Semi-Automatic,Hybrid,1,34787,38130
Toyota,Camry,Sedan,2018,8,Automatic,Petrol,3,138113,9230
Toyota,Tacoma,Truck,2021,5,Automatic,Petrol,1,35754,16310
Tesla,Model S,Sedan,2026,0,Automatic,Electric,1,500,63970
Chevrolet,Equinox,SUV,2025,1,Automatic,Petrol,1,10225,22430
Toyota,Prius Prime,Hatchback,2021,5,Semi-Automatic,Petrol,1,71668,15420
Ford,Fusion,Sedan,2021,5,Automatic,Petrol,1,73010,12220
Audi,Q5,SUV,2025,1,Automatic,Petrol,1,9969,37610
Land Rover,Range Rover Evoque,SUV,2024,2,Manual,Petrol,1,27809,35330
BMW,3 Series,Sedan,2021,5,CVT,Petrol,1,74342,24080
Tesla,Model S,Sedan,2024,2,Automatic,Electric,1,15470,54770
Toyota,Highlander,SUV,2025,1,Automatic,Hybrid,1,20646,32570
Mercedes-Benz,C-Class Coupe,Coupe,2019,7,CVT,Diesel,2,116424,18420
Nissan,Sentra,Sedan,2019,7,Automatic,Diesel,2,81030,9000
Nissan,Titan,Truck,2016,10,Automatic,Petrol,3,125857,10790
Subaru,Forester,SUV,2016,10,Automatic,Petrol,4,199703,5980
Nissan,Leaf,Hatchback,2022,4,Automatic,Electric,2,81475,14640
Honda,Civic,Sedan,2018,8,CVT,Hybrid,1,113422,8540
GMC,Sierra 1500,Truck,2019,7,Manual,Petrol,3,112987,13300
Mercedes-Benz,GLC,SUV,2022,4,Manual,Diesel,1,64696,26950
Ford,Mustang Mach-E,SUV,2025,1,Automatic,Electric,1,14203,36390
Toyota,RAV4,SUV,2025,1,Semi-Automatic,Hybrid,1,13593,25660
Lexus,NX,SUV,2022,4,CVT,Petrol,1,94677,21890
Land Rover,Range Rover Evoque,SUV,2020,6,Automatic,Petrol,3,126062,20420
Honda,CR-V,SUV,2023,3,Automatic,Hybrid,2,46074,19270
Kia,Sorento,SUV,2023,3,Manual,Hybrid,2,42859,20440
Mazda,Mazda6,Sedan,2024,2,Automatic,Petrol,1,22158,18840
Subaru,Forester,SUV,2022,4,Automatic,Diesel,2,42101,16710
Subaru,Forester,SUV,2024,2,Semi-Automatic,Petrol,1,21514,21110
BMW,X5,SUV,2019,7,CVT,Diesel,1,83796,28050
BMW,X3,SUV,2020,6,Automatic,Hybrid,3,85422,21180
BMW,3 Series,Sedan,2016,10,Manual,Petrol,3,189726,10790
Toyota,Yaris,Sedan,2023,3,Manual,Petrol,2,40531,9440
Audi,Q7,SUV,2024,2,Automatic,Diesel,1,32382,43770
Ford,Mustang Mach-E,SUV,2023,3,Automatic,Electric,2,54650,28150
Skoda,Octavia,Sedan,2012,14,Manual,Petrol,3,96501,4700
Nissan,Rogue,SUV,2018,8,CVT,Petrol,1,144063,10490
Fiat,500,Hatchback,2022,4,Automatic,Diesel,2,107822,8240
Hyundai,i20,Hatchback,2016,10,CVT,Petrol,4,240979,1200
Audi,Q7,SUV,2018,8,Automatic,Diesel,1,72626,21830
BMW,X5,SUV,2023,3,Automatic,Petrol,2,33394,42630
Mercedes-Benz,C-Class,Sedan,2020,6,CVT,Petrol,3,106885,18730
Honda,Odyssey,Minivan,2013,13,Automatic,Diesel,5,127270,6390
Volkswagen,Golf,Hatchback,2023,3,Manual,Hybrid,2,41123,16140
GMC,Sierra 1500,Truck,2022,4,Manual,Petrol,1,89610,21950
Chevrolet,Equinox,SUV,2026,0,Manual,Petrol,1,500,26180
Toyota,RAV4,SUV,2013,13,Automatic,Hybrid,5,212872,4930
Chevrolet,Camaro,Coupe,2021,5,Automatic,Petrol,2,108902,14960
Toyota,Highlander,SUV,2024,2,Automatic,Hybrid,1,32093,28810
Ram,1500,Truck,2022,4,Automatic,Petrol,1,66268,22650
Nissan,370Z,Coupe,2021,5,Automatic,Diesel,2,74249,17250
Chevrolet,Traverse,SUV,2024,2,Automatic,Diesel,1,19169,28430
BMW,5 Series,Sedan,2013,13,CVT,Petrol,3,154609,11520
Lexus,NX,SUV,2014,12,Automatic,Petrol,3,161941,10430
Nissan,Leaf,Hatchback,2024,2,Automatic,Electric,1,25326,20150
Hyundai,Elantra,Sedan,2011,15,CVT,Diesel,4,158946,3410
Volvo,XC60,SUV,2024,2,Automatic,Petrol,1,22132,33430
Ford,F-150,Truck,2024,2,Manual,Petrol,1,48894,26610
Audi,A5,Coupe,2017,9,Automatic,Diesel,2,128297,16000
Volkswagen,Tiguan,SUV,2020,6,Automatic,Petrol,2,78800,14370
Kia,K5,Sedan,2017,9,CVT,Diesel,1,171642,5610
Kia,Rio,Hatchback,2021,5,Semi-Automatic,Petrol,1,50705,9300
Subaru,Outback,SUV,2022,4,Automatic,Petrol,1,83296,15810
BMW,X5,SUV,2020,6,Automatic,Petrol,3,134012,26250
Volkswagen,Golf,Hatchback,2023,3,Automatic,Diesel,1,21747,15960
Subaru,Forester,SUV,2019,7,Automatic,Hybrid,1,119191,11040
Audi,Q7,SUV,2022,4,Automatic,Petrol,1,52922,35160
Kia,EV6,SUV,2018,8,Automatic,Electric,3,94763,15610
Mini,Cooper,Hatchback,2022,4,Automatic,Petrol,1,60642,16240
Mazda,CX-9,SUV,2017,9,Automatic,Petrol,1,73828,13200
Ford,Mustang Mach-E,SUV,2025,1,Automatic,Electric,1,19401,35660
Toyota,Prius,Hatchback,2025,1,Automatic,Petrol,1,15313,21750
BMW,5 Series,Sedan,2024,2,CVT,Diesel,1,24910,37580
Ford,Explorer,SUV,2024,2,Automatic,Petrol,1,39237,28360
Toyota,Prius,Hatchback,2021,5,Automatic,Petrol,1,97582,14190
Hyundai,Santa Fe,SUV,2025,1,Automatic,Petrol,1,14311,27480
Hyundai,Veloster,Coupe,2020,6,CVT,Hybrid,2,61687,9940
Toyota,Prius,Hatchback,2018,8,Automatic,Petrol,1,85299,10850
Peugeot,208,Hatchback,2022,4,Automatic,Petrol,2,48869,12100
Chevrolet,Traverse,SUV,2018,8,Automatic,Diesel,2,91874,13640
Mini,Cooper Convertible,Convertible,2016,10,Manual,Diesel,1,164899,7370
Jeep,Grand Cherokee,SUV,2020,6,CVT,Diesel,3,73331,16840
BMW,5 Series,Sedan,2025,1,Manual,Petrol,1,7596,47420
Ford,F-150,Truck,2013,13,Automatic,Petrol,1,316856,2730
Nissan,Titan,Truck,2024,2,Automatic,Hybrid,1,35924,29370
Volkswagen,Passat,Sedan,2022,4,Manual,CNG,2,40931,13890
Land Rover,Range Rover Evoque,SUV,2015,11,CVT,Petrol,3,176645,11690
Jeep,Grand Cherokee,SUV,2022,4,Automatic,Petrol,1,60733,23950
Hyundai,i20,Hatchback,2020,6,CVT,Hybrid,3,75038,7090
Mini,Cooper Convertible,Convertible,2020,6,Automatic,Petrol,1,69184,14470
Nissan,370Z,Coupe,2013,13,Automatic,Petrol,5,224700,5770
Mazda,MX-5 Miata,Convertible,2014,12,Automatic,Diesel,4,115787,6920
Honda,Insight,Sedan,2023,3,Manual,Hybrid,1,42710,16500
Mercedes-Benz,C-Class,Sedan,2025,1,Automatic,Diesel,1,19082,35970
Chevrolet,Silverado 1500,Truck,2016,10,CVT,Petrol,3,199786,7240
Lexus,NX,SUV,2022,4,Automatic,Petrol,1,53168,26390
Nissan,370Z,Coupe,2026,0,Automatic,Petrol,1,500,32500
Kia,Rio,Hatchback,2020,6,Automatic,Petrol,2,62114,8020
Jeep,Grand Cherokee,SUV,2024,2,Automatic,Petrol,1,42256,30570
Skoda,Octavia,Sedan,2024,2,Semi-Automatic,Petrol,1,21878,18590
Mercedes-Benz,C-Class Coupe,Coupe,2023,3,Automatic,Petrol,1,46267,32780
Ram,1500,Truck,2023,3,Manual,Petrol,2,61207,21870
Kia,EV6,SUV,2020,6,Automatic,Electric,3,102986,17620
Ford,Mustang,Coupe,2022,4,Manual,Petrol,1,43755,17960
Kia,Carnival,Minivan,2020,6,Automatic,Hybrid,2,72296,16330
Chevrolet,Spark,Hatchback,2022,4,Manual,Diesel,2,95061,6450
Audi,A4,Sedan,2018,8,Automatic,Petrol,3,112512,15230
Mazda,Mazda3,Sedan,2021,5,CVT,Petrol,1,89078,11000
Volkswagen,Jetta,Sedan,2023,3,CVT,Petrol,1,49006,13290
Nissan,Altima,Sedan,2023,3,CVT,Petrol,2,55003,14720
Nissan,370Z,Coupe,2021,5,Automatic,Petrol,2,82026,18000
Kia,Carnival,Minivan,2022,4,Automatic,Petrol,1,29617,20000
Mazda,CX-5,SUV,2021,5,Manual,Petrol,2,74554,14440
Land Rover,Range Rover Evoque,SUV,2020,6,Automatic,Petrol,2,82614,21940
Volkswagen,Jetta,Sedan,2018,8,Automatic,Petrol,3,164199,6510
Jeep,Wrangler,SUV,2024,2,Automatic,Petrol,1,35026,24630
Honda,Accord,Sedan,2026,0,Semi-Automatic,Petrol,1,500,26640
Toyota,Corolla,Sedan,2023,3,Automatic,Petrol,2,58191,14550
BMW,5 Series,Sedan,2025,1,Manual,Petrol,1,14479,41340
Chevrolet,Camaro Convertible,Convertible,2013,13,Automatic,Diesel,2,139451,8490
Honda,City,Sedan,2023,3,Manual,Petrol,2,38119,10150
Mazda,CX-9,SUV,2016,10,Automatic,Petrol,2,155435,11230
Volvo,XC60,SUV,2026,0,Manual,Petrol,1,500,43360
Toyota,Yaris Hatchback,Hatchback,2020,6,Automatic,Petrol,3,51263,7480
Volkswagen,Tiguan,SUV,2018,8,Semi-Automatic,Petrol,2,135881,10040
BMW,3 Series,Sedan,2019,7,Automatic,Petrol,3,99200,17840
Porsche,911,Coupe,2020,6,CVT,Petrol,3,66191,47770
Subaru,Forester,SUV,2022,4,Manual,Petrol,1,82018,14590
Kia,Forte,Sedan,2022,4,Automatic,Petrol,2,50408,11690
Mazda,Mazda3,Sedan,2017,9,Automatic,Petrol,2,61680,7330
Toyota,Tundra,Truck,2021,5,Manual,Diesel,2,37042,20260
GMC,Sierra 1500,Truck,2025,1,CVT,Petrol,1,15496,31970
Hyundai,Sonata,Sedan,2025,1,Automatic,Petrol,1,7616,20450
Chevrolet,Equinox,SUV,2023,3,Automatic,Petrol,1,47540,18420
Ford,Mustang,Coupe,2016,10,Manual,Petrol,2,184252,7820
GMC,Terrain,SUV,2023,3,Automatic,Petrol,2,51031,18160
Honda,Fit,Hatchback,2018,8,Automatic,Petrol,3,129208,5860
Fiat,500,Hatchback,2011,15,Automatic,Petrol,3,188818,3420
Toyota,GR86,Coupe,2021,5,CVT,Diesel,1,48594,16210
Toyota,Yaris Hatchback,Hatchback,2025,1,CVT,Petrol,1,11810,14130
Volkswagen,Tiguan,SUV,2020,6,Manual,Diesel,1,78388,12170
Hyundai,Sonata,Sedan,2022,4,CVT,Petrol,1,58033,13920
Mini,Cooper Convertible,Convertible,2021,5,Automatic,Petrol,2,53756,15260
Porsche,911,Coupe,2018,8,Semi-Automatic,CNG,3,90533,35950
Volkswagen,Jetta,Sedan,2021,5,Manual,Petrol,2,49751,10300
Land Rover,Range Rover Sport,SUV,2020,6,Automatic,Petrol,3,112501,37930
Toyota,RAV4,SUV,2022,4,Automatic,Petrol,2,43964,17120
Honda,Pilot,SUV,2022,4,Semi-Automatic,Petrol,1,74174,22660
Porsche,911,Coupe,2025,1,Automatic,Diesel,1,23308,82440
Kia,Sorento,SUV,2024,2,Manual,Petrol,1,33033,23450
Ford,Explorer,SUV,2025,1,Manual,Petrol,1,7347,29730
Toyota,Corolla,Sedan,2019,7,Manual,Petrol,3,62273,8430
Ford,Explorer,SUV,2015,11,Manual,Petrol,4,209027,7760
Audi,A5,Coupe,2021,5,Automatic,Petrol,2,86012,23710
Nissan,Versa,Hatchback,2021,5,Semi-Automatic,Petrol,1,103477,6740
Land Rover,Range Rover Sport,SUV,2022,4,Automatic,Hybrid,2,43501,48560
Ram,1500,Truck,2020,6,Automatic,Diesel,2,156752,14470
BMW,3 Series,Sedan,2024,2,Manual,Petrol,1,28867,33310
Chevrolet,Camaro Convertible,Convertible,2015,11,CVT,Petrol,3,110032,10970
BMW,5 Series,Sedan,2016,10,Manual,Diesel,4,164938,13420
Hyundai,Veloster,Coupe,2025,1,Manual,Petrol,1,12899,17220
GMC,Terrain,SUV,2022,4,Manual,Petrol,2,53502,15620
Chevrolet,Equinox,SUV,2024,2,Automatic,Petrol,1,37111,19340
Honda,Ridgeline,Truck,2025,1,Manual,CNG,1,18389,27370
Jeep,Grand Cherokee,SUV,2017,9,Manual,Diesel,3,162185,10850
BMW,4 Series,Coupe,2021,5,Automatic,Diesel,1,74303,23980
Chevrolet,Equinox,SUV,2025,1,Manual,Petrol,1,18089,20570
Chevrolet,Spark,Hatchback,2021,5,Automatic,Petrol,1,78736,7690
Volvo,XC60,SUV,2024,2,Manual,Hybrid,1,15570,35100
Toyota,Prius,Hatchback,2015,11,Manual,Petrol,2,129929,6940
Mercedes-Benz,GLE,SUV,2013,13,Manual,Diesel,5,228277,9990
Lexus,RX,SUV,2024,2,CVT,Hybrid,1,25656,38020
Kia,Sorento,SUV,2015,11,Automatic,Hybrid,2,120537,9520
Kia,Carnival,Minivan,2023,3,CVT,Petrol,2,40021,22940
Mini,Cooper,Hatchback,2017,9,Automatic,Petrol,1,63953,8890
Lexus,NX,SUV,2015,11,Automatic,Diesel,1,156483,11420
Nissan,370Z,Coupe,2024,2,Manual,Petrol,1,30628,24000
Ford,Mustang Mach-E,SUV,2025,1,Automatic,Electric,1,11915,36960
Toyota,Highlander,SUV,2020,6,Manual,Petrol,1,126879,16390
GMC,Acadia,SUV,2023,3,Semi-Automatic,Hybrid,2,37706,25190
Volkswagen,Atlas,SUV,2021,5,Manual,Petrol,1,73587,17820
Subaru,Outback,SUV,2017,9,Automatic,Petrol,4,105769,8720
Skoda,Octavia,Sedan,2025,1,Automatic,Diesel,1,12520,19350
Mercedes-Benz,C-Class Coupe,Coupe,2017,9,Semi-Automatic,Petrol,2,98976,17600
Toyota,Tundra,Truck,2021,5,Automatic,Petrol,2,88138,19710
Lexus,RX,SUV,2021,5,Automatic,Diesel,1,66423,23820
Mercedes-Benz,C-Class,Sedan,2012,14,Automatic,Petrol,5,270252,5980
BMW,Z4,Convertible,2019,7,CVT,Petrol,2,94644,23090
Toyota,Yaris,Sedan,2022,4,Automatic,Petrol,1,93444,8510
BMW,X3,SUV,2021,5,Automatic,Petrol,2,62640,26010
Ford,Mustang,Coupe,2025,1,Automatic,CNG,1,17151,25870
GMC,Terrain,SUV,2016,10,Automatic,Hybrid,1,165993,8640
Ford,Mustang Mach-E,SUV,2024,2,Automatic,Electric,1,20601,30120
Mini,Cooper,Hatchback,2020,6,Semi-Automatic,Petrol,1,59535,13560
Fiat,500,Hatchback,2023,3,Automatic,Petrol,2,28723,11070
Chevrolet,Equinox,SUV,2024,2,Automatic,Petrol,1,26823,21110
Audi,Q5,SUV,2018,8,CVT,Petrol,3,104520,16580
Chevrolet,Camaro,Coupe,2021,5,Manual,Petrol,1,69652,15570
Honda,Ridgeline,Truck,2023,3,CVT,Petrol,2,27446,23630
Chevrolet,Camaro Convertible,Convertible,2021,5,Automatic,Petrol,2,111323,19810
Audi,Q5,SUV,2023,3,Automatic,Petrol,1,62173,31580
Volvo,XC90,SUV,2020,6,Semi-Automatic,Petrol,2,70954,29430
Lexus,NX,SUV,2020,6,Automatic,Diesel,2,113985,16600
Mazda,Mazda6,Sedan,2017,9,Automatic,Diesel,3,146584,7880
Volkswagen,ID.4,SUV,2017,9,Automatic,Electric,2,140918,12230
Honda,City,Sedan,2020,6,Automatic,Diesel,3,100381,6640
Volkswagen,Passat,Sedan,2021,5,Manual,Petrol,1,59720,12320
Land Rover,Range Rover Sport,SUV,2016,10,Automatic,Diesel,1,134622,24360
Ford,Explorer,SUV,2024,2,Automatic,Petrol,1,20096,26930
Kia,EV6,SUV,2024,2,Automatic,Electric,1,23075,33040
BMW,3 Series,Sedan,2022,4,Manual,Petrol,2,87090,22570
Hyundai,Tucson,SUV,2024,2,Automatic,Petrol,1,39236,20800
Audi,Q7,SUV,2025,1,Automatic,Petrol,1,11568,46830
Porsche,911,Coupe,2018,8,CVT,Petrol,2,74815,41120
Hyundai,Veloster,Coupe,2019,7,Manual,Petrol,3,105785,8480
Mazda,CX-5,SUV,2020,6,CVT,Petrol,2,111922,11150
GMC,Terrain,SUV,2020,6,Manual,Diesel,1,101505,12170
Hyundai,Veloster,Coupe,2025,1,Automatic,Petrol,1,15101,18690
Toyota,Corolla,Sedan,2015,11,Manual,Diesel,2,160133,5140
Lexus,ES,Sedan,2022,4,CVT,Diesel,1,84568,23500
Jeep,Wrangler,SUV,2022,4,Automatic,Diesel,1,53766,21110
Subaru,Legacy,Sedan,2021,5,Automatic,Petrol,2,103413,11960
Mazda,CX-5,SUV,2022,4,Automatic,Petrol,2,73653,16070
Nissan,Sentra,Sedan,2022,4,Automatic,Petrol,2,70508,12030
Hyundai,i20,Hatchback,2018,8,Automatic,Petrol,3,106104,5720
Lexus,ES,Sedan,2026,0,Automatic,Petrol,1,500,39380
Fiat,500,Hatchback,2020,6,Automatic,Petrol,1,130467,6800
BMW,4 Series,Coupe,2020,6,Automatic,Hybrid,2,128457,23280
Nissan,370Z,Coupe,2019,7,Automatic,Petrol,1,150122,14460
Chevrolet,Camaro Convertible,Convertible,2018,8,Automatic,Diesel,2,127222,14870
Kia,Rio,Hatchback,2012,14,Automatic,Petrol,2,163395,3720
Toyota,Yaris,Sedan,2022,4,Automatic,Petrol,2,26691,9570
Ford,Mustang Mach-E,SUV,2019,7,Automatic,Electric,1,152588,17940
Lexus,NX,SUV,2018,8,Manual,Petrol,2,140752,13320
Toyota,Camry,Sedan,2018,8,Manual,Petrol,1,164348,8450
Ram,1500,Truck,2022,4,Manual,CNG,2,38263,18580
Nissan,Sentra,Sedan,2023,3,Manual,CNG,2,62495,11390
Hyundai,Veloster,Coupe,2026,0,Automatic,Petrol,1,500,21080
Tesla,Model S,Sedan,2013,13,Automatic,Electric,1,78862,15340
Kia,Carnival,Minivan,2014,12,Automatic,Petrol,5,135765,7650
GMC,Sierra 1500,Truck,2020,6,CVT,Petrol,1,70644,17710
Toyota,Sienna,Minivan,2017,9,Manual,Petrol,1,110954,12020
Chrysler,Pacifica,Minivan,2017,9,Automatic,Petrol,4,156154,11020
Toyota,Sienna,Minivan,2024,2,Automatic,Petrol,1,14727,27750
Kia,Sportage,SUV,2024,2,Automatic,Petrol,1,21504,19730
Volkswagen,Passat,Sedan,2023,3,Automatic,Diesel,2,38130,15900
Audi,A6,Sedan,2024,2,Automatic,Petrol,1,21094,41600
Land Rover,Range Rover Sport,SUV,2021,5,Automatic,Petrol,1,101977,41460
Ram,1500,Truck,2024,2,Automatic,Petrol,1,45473,28300
Nissan,Sentra,Sedan,2024,2,Automatic,Petrol,1,31544,15570
Audi,Q5,SUV,2021,5,Manual,Petrol,1,38542,23570
Mazda,MX-5 Miata,Convertible,2018,8,Automatic,Petrol,2,72687,11700
Kia,K5,Sedan,2016,10,Automatic,Petrol,2,123739,7610
Lexus,IS,Sedan,2024,2,Semi-Automatic,Petrol,1,19733,29990
Jeep,Compass,SUV,2016,10,Automatic,Petrol,2,196374,6590
Chevrolet,Bolt EV,Hatchback,2022,4,Automatic,Electric,2,57164,13400
Hyundai,Tucson,SUV,2020,6,Automatic,Petrol,3,154998,9140
Mazda,CX-5,SUV,2022,4,Automatic,Diesel,2,70698,14900
Land Rover,Range Rover Sport,SUV,2022,4,Manual,Diesel,1,35004,44410
Renault,Clio,Hatchback,2020,6,Automatic,Petrol,3,53602,8540
Toyota,Sienna,Minivan,2019,7,Manual,Hybrid,1,84859,15020
Hyundai,Tucson,SUV,2020,6,Manual,Diesel,1,70457,12140
Honda,Insight,Sedan,2022,4,Automatic,Hybrid,1,38554,15920
Honda,City,Sedan,2021,5,Automatic,Petrol,2,102822,7680
Ford,Mustang Convertible,Convertible,2023,3,Automatic,Petrol,2,23519,24690
Chevrolet,Malibu,Sedan,2017,9,Automatic,Petrol,3,112481,8600
Toyota,Prius Prime,Hatchback,2021,5,CVT,Hybrid,1,49403,15710
Subaru,Legacy,Sedan,2016,10,Automatic,Diesel,1,168172,6150
Kia,Sportage,SUV,2024,2,Automatic,Diesel,1,29217,19630
Honda,CR-V,SUV,2019,7,Automatic,Diesel,3,122228,11690
Audi,A4,Sedan,2022,4,Automatic,Diesel,2,44566,22700
Mercedes-Benz,E-Class,Sedan,2013,13,Automatic,Diesel,2,97135,12450
Ford,Escape,SUV,2025,1,Automatic,Petrol,1,14193,23870
Chevrolet,Malibu,Sedan,2021,5,Automatic,Hybrid,1,130370,12390
BMW,X3,SUV,2021,5,Manual,Petrol,2,118321,21720
Porsche,911,Coupe,2019,7,Automatic,Hybrid,3,63131,44300
Chevrolet,Silverado 1500,Truck,2025,1,Automatic,Diesel,1,11863,29940
Skoda,Octavia,Sedan,2022,4,Automatic,Petrol,1,72269,14190
Hyundai,Sonata,Sedan,2016,10,Automatic,Petrol,3,80775,7690
Land Rover,Range Rover Sport,SUV,2022,4,Manual,Petrol,2,59295,42890
Ford,Mustang Mach-E,SUV,2017,9,Automatic,Electric,1,80231,14800
Volvo,XC90,SUV,2022,4,Automatic,Diesel,2,56660,30410
Lexus,ES,Sedan,2021,5,Automatic,Diesel,2,76642,19620
Toyota,Camry,Sedan,2020,6,Automatic,Petrol,3,95670,11880
Toyota,GR86,Coupe,2018,8,Automatic,Petrol,2,104214,11440
Kia,EV6,SUV,2019,7,Automatic,Electric,3,113225,16090
Volvo,XC60,SUV,2016,10,Automatic,Petrol,2,83058,14810
Hyundai,Elantra,Sedan,2014,12,Automatic,Petrol,5,147265,4530
Toyota,RAV4,SUV,2023,3,Manual,Diesel,2,32094,18070
Ford,Escape,SUV,2015,11,Automatic,Diesel,2,80608,8280
Ford,F-150,Truck,2017,9,Semi-Automatic,Diesel,1,163027,11020
Honda,Pilot,SUV,2017,9,Automatic,Petrol,3,82728,12890
Toyota,GR86,Coupe,2024,2,Automatic,Petrol,1,37203,20240
Mazda,CX-9,SUV,2025,1,Automatic,Diesel,1,18787,27530
Mazda,Mazda3,Sedan,2024,2,CVT,Diesel,1,19444,16990
Volvo,XC60,SUV,2021,5,Automatic,Petrol,1,47640,24640
Audi,A5,Coupe,2015,11,Automatic,Petrol,1,147198,13920
Nissan,Murano,SUV,2019,7,Automatic,Diesel,1,67991,14330
Subaru,Legacy,Sedan,2021,5,Automatic,Diesel,1,64247,12220
Volkswagen,Atlas,SUV,2020,6,Automatic,Petrol,2,126453,17330
Hyundai,Tucson,SUV,2017,9,Automatic,Hybrid,4,155520,8890
Chevrolet,Traverse,SUV,2025,1,Manual,Petrol,1,15424,30540
Audi,A4,Sedan,2022,4,Semi-Automatic,Petrol,2,52600,25650
Volvo,XC60,SUV,2017,9,Manual,Petrol,4,131755,12430
BMW,5 Series,Sedan,2023,3,Automatic,Diesel,2,46868,36650
Volkswagen,Atlas,SUV,2022,4,Semi-Automatic,Petrol,2,46888,22800
Chevrolet,Camaro Convertible,Convertible,2023,3,Automatic,Petrol,2,34945,25130
Ford,Mustang Convertible,Convertible,2015,11,Automatic,Petrol,4,196786,8210
Nissan,Titan,Truck,2019,7,Automatic,Hybrid,2,81734,15890
Volkswagen,Tiguan,SUV,2020,6,Manual,Petrol,2,66058,13140
Ford,Explorer,SUV,2012,14,Automatic,Petrol,3,145262,7820
Volvo,XC60,SUV,2022,4,CVT,Petrol,1,76420,25000
Honda,Fit,Hatchback,2015,11,Automatic,Petrol,1,141179,4710
Nissan,Titan,Truck,2015,11,Automatic,Hybrid,3,99009,10250
Toyota,RAV4,SUV,2019,7,Automatic,Diesel,2,126475,10700
Hyundai,Santa Fe,SUV,2013,13,Manual,Petrol,1,243973,5510
Jeep,Grand Cherokee,SUV,2013,13,Manual,Diesel,5,113506,7080
Honda,City,Sedan,2017,9,Automatic,Petrol,3,127816,5660
Subaru,Forester,SUV,2016,10,Automatic,Petrol,2,118214,8480
Toyota,Tacoma,Truck,2018,8,Manual,Petrol,2,182211,9570
Honda,Fit,Hatchback,2023,3,Manual,Petrol,2,52219,10570
Suzuki,Swift,Hatchback,2023,3,Manual,Diesel,1,27905,9950
Subaru,Outback,SUV,2022,4,Semi-Automatic,Petrol,1,36725,17580
Land Rover,Range Rover Evoque,SUV,2013,13,CVT,Petrol,4,147445,10000
Kia,Forte,Sedan,2022,4,Automatic,Hybrid,1,67997,12290
BMW,X3,SUV,2017,9,Automatic,Hybrid,3,87485,15570
Tesla,Model S,Sedan,2022,4,Automatic,Electric,1,59754,40330
Jeep,Wrangler,SUV,2021,5,Automatic,Petrol,2,57631,17660
Mini,Cooper,Hatchback,2022,4,CVT,Hybrid,2,44500,16550
Nissan,Titan,Truck,2015,11,Automatic,Diesel,2,117654,10190
Chevrolet,Camaro,Coupe,2016,10,CVT,Petrol,4,124358,8340
Tesla,Model Y,SUV,2023,3,Automatic,Electric,1,63237,27630
Nissan,Altima,Sedan,2018,8,Automatic,Petrol,2,105555,10180
Tesla,Model 3,Sedan,2024,2,Automatic,Electric,1,25685,29880
Subaru,Forester,SUV,2020,6,Manual,Diesel,1,117845,11740
Peugeot,208,Hatchback,2023,3,Automatic,Petrol,1,63115,11990
Hyundai,Veloster,Coupe,2020,6,Automatic,Petrol,2,81030,10710
Tesla,Model S,Sedan,2023,3,Automatic,Electric,1,64225,48510
Skoda,Octavia,Sedan,2025,1,CVT,Petrol,1,11225,20180
Toyota,Corolla,Sedan,2015,11,Automatic,Diesel,4,198166,4750
Tesla,Model 3,Sedan,2023,3,Automatic,Electric,2,37431,26490
Porsche,911,Coupe,2022,4,Automatic,Petrol,1,51460,63370
Volvo,XC60,SUV,2026,0,Automatic,Diesel,1,500,41970
Hyundai,Tucson,SUV,2025,1,Automatic,Petrol,1,18794,24190
Chrysler,Pacifica,Minivan,2025,1,Manual,Petrol,1,13164,26800
Ford,Mustang Mach-E,SUV,2020,6,Automatic,Electric,2,64837,18920
BMW,4 Series,Coupe,2024,2,Automatic,Petrol,1,39502,35350
Hyundai,Santa Fe,SUV,2020,6,CVT,Petrol,2,83592,14930
Mercedes-Benz,C-Class,Sedan,2020,6,CVT,Petrol,2,41345,20480
BMW,4 Series,Coupe,2016,10,Automatic,Petrol,4,83641,14150
Nissan,Leaf,Hatchback,2024,2,Automatic,Electric,1,25966,19990
Suzuki,Swift,Hatchback,2024,2,Manual,Petrol,1,31247,11130
Ford,Mustang,Coupe,2023,3,Automatic,Petrol,1,42898,20780
Volkswagen,Jetta,Sedan,2021,5,Manual,Petrol,2,46969,11360
Toyota,RAV4,SUV,2017,9,CVT,CNG,2,65124,8800
Kia,K5,Sedan,2025,1,Manual,Petrol,1,15034,20240
Mercedes-Benz,E-Class,Sedan,2019,7,Automatic,Petrol,3,62802,24540
Volkswagen,ID.4,SUV,2024,2,Automatic,Electric,1,36672,27770
Lexus,RX,SUV,2022,4,Automatic,Petrol,2,59688,27630
Subaru,Outback,SUV,2019,7,Manual,Petrol,2,115802,10810
Chrysler,Pacifica,Minivan,2024,2,Automatic,Petrol,1,37188,24880
Nissan,Sentra,Sedan,2022,4,Automatic,Petrol,2,68642,10920
BMW,X3,SUV,2021,5,Manual,Petrol,1,58123,23740
Mercedes-Benz,C-Class Coupe,Coupe,2020,6,Manual,Petrol,2,102125,19990
GMC,Acadia,SUV,2022,4,Manual,Petrol,1,25138,21760
Kia,EV6,SUV,2018,8,Automatic,Electric,3,125717,14800
Toyota,GR86,Coupe,2025,1,CVT,Petrol,1,6311,25370
Honda,City,Sedan,2023,3,Automatic,Petrol,1,36280,11080
Volkswagen,ID.4,SUV,2019,7,Automatic,Electric,2,127888,15030
Tesla,Model S,Sedan,2022,4,Automatic,Electric,1,74603,42060
GMC,Terrain,SUV,2025,1,Semi-Automatic,Diesel,1,15392,25120
Volkswagen,Tiguan,SUV,2026,0,Automatic,Petrol,1,500,26480
Chevrolet,Silverado 1500,Truck,2019,7,Automatic,Hybrid,1,89071,16460
Volvo,XC90,SUV,2020,6,Automatic,Hybrid,3,68631,28540
Tesla,Model S,Sedan,2019,7,Automatic,Electric,2,154095,25750
Mazda,MX-5 Miata,Convertible,2024,2,Automatic,Petrol,1,21324,20830
Honda,City,Sedan,2022,4,Semi-Automatic,Petrol,2,37587,9480
Kia,Forte,Sedan,2023,3,Automatic,Petrol,1,60051,13340
Land Rover,Range Rover Sport,SUV,2019,7,Automatic,Petrol,3,74843,33160
Tesla,Model X,SUV,2013,13,Automatic,Electric,5,262721,14750
Audi,A4,Sedan,2015,11,CVT,Petrol,2,218293,8810
Mercedes-Benz,C-Class,Sedan,2024,2,Automatic,Petrol,1,25796,35120
Honda,CR-V,SUV,2023,3,Automatic,Hybrid,2,44036,19550
Ford,Focus,Hatchback,2015,11,Automatic,Petrol,4,216940,2490
Chevrolet,Camaro Convertible,Convertible,2014,12,CVT,Petrol,1,140645,9780
Nissan,Altima,Sedan,2015,11,Manual,Petrol,1,300759,1200
Jeep,Compass,SUV,2020,6,Manual,Petrol,2,86476,12730
Ford,F-150,Truck,2022,4,Manual,Hybrid,1,82520,20410
Kia,Carnival,Minivan,2024,2,Automatic,Diesel,1,20448,25790
Mercedes-Benz,GLC,SUV,2025,1,Automatic,CNG,1,17764,37750
Volvo,XC90,SUV,2023,3,CVT,Petrol,2,41004,37210
Nissan,Rogue,SUV,2014,12,Manual,Hybrid,4,175248,5980
Volvo,XC60,SUV,2020,6,CVT,Petrol,3,86370,20560
Lexus,NX,SUV,2021,5,Manual,Petrol,1,51455,21060
BMW,5 Series,Sedan,2025,1,CVT,Diesel,1,9627,45540
Jeep,Grand Cherokee,SUV,2022,4,Automatic,Petrol,2,68446,23800
Porsche,911,Coupe,2024,2,CVT,CNG,1,27695,74120
Toyota,GR86,Coupe,2018,8,Automatic,Petrol,3,142273,9150
Lexus,NX,SUV,2024,2,Automatic,Petrol,1,33537,28820
Volvo,XC90,SUV,2023,3,CVT,Petrol,2,42823,35980
Kia,EV6,SUV,2021,5,Automatic,Electric,2,100491,20950
GMC,Acadia,SUV,2020,6,Automatic,Petrol,2,70506,17970
Chevrolet,Silverado 1500,Truck,2022,4,Automatic,Petrol,1,102542,20560
BMW,4 Series,Coupe,2018,8,Manual,Petrol,2,84842,18360
Lexus,NX,SUV,2021,5,Semi-Automatic,Diesel,2,44671,22430
Mini,Cooper,Hatchback,2019,7,Automatic,Diesel,3,121073,8980
Hyundai,Ioniq 5,SUV,2022,4,Automatic,Electric,1,69868,22720
Mazda,Mazda3,Sedan,2024,2,Automatic,Petrol,1,29131,17780
Lexus,ES,Sedan,2022,4,Automatic,Petrol,2,55557,25430
Hyundai,Elantra,Sedan,2020,6,Manual,Petrol,2,87878,9030
Land Rover,Range Rover Evoque,SUV,2022,4,Automatic,Petrol,1,46857,28080
Ford,Mustang Convertible,Convertible,2023,3,Manual,Petrol,2,53274,21540
Audi,Q7,SUV,2021,5,Manual,CNG,2,102192,28270
Chevrolet,Silverado 1500,Truck,2026,0,Semi-Automatic,Petrol,1,500,37020
Toyota,Yaris,Sedan,2025,1,Automatic,Petrol,1,11276,13710
Mini,Cooper,Hatchback,2021,5,Automatic,Hybrid,2,126974,12380
Suzuki,Swift,Hatchback,2022,4,Semi-Automatic,Petrol,2,67464,8950
GMC,Acadia,SUV,2019,7,CVT,Petrol,2,122426,13530
Toyota,Prius,Hatchback,2017,9,Automatic,Petrol,4,130199,7570
Audi,A6,Sedan,2012,14,CVT,Diesel,1,266096,7920
Mini,Cooper,Hatchback,2024,2,Manual,Diesel,1,27802,17060
Volkswagen,Atlas,SUV,2024,2,Manual,Hybrid,1,44045,26790
Audi,A4,Sedan,2020,6,Manual,Petrol,3,69448,16960
Lexus,RX,SUV,2018,8,CVT,Diesel,2,101538,17500
Hyundai,i20,Hatchback,2026,0,CVT,Diesel,1,500,14110
Jeep,Wrangler,SUV,2021,5,Manual,Petrol,2,46623,18660
Audi,Q5,SUV,2024,2,Automatic,Petrol,1,46558,34290
Kia,K5,Sedan,2023,3,Automatic,Hybrid,1,32282,17410
Ram,1500,Truck,2023,3,CVT,Hybrid,2,30425,26220
Kia,K5,Sedan,2018,8,Manual,Diesel,3,77886,8000
Toyota,Prius Prime,Hatchback,2015,11,Automatic,Petrol,4,114987,7500
Hyundai,Elantra,Sedan,2025,1,Automatic,Petrol,1,12485,17560
Toyota,Sienna,Minivan,2025,1,Manual,Petrol,1,12071,29460
Kia,Forte,Sedan,2015,11,CVT,Petrol,2,141782,5520
Toyota,Yaris Hatchback,Hatchback,2024,2,Automatic,Petrol,1,32843,12870
BMW,5 Series,Sedan,2022,4,Automatic,Petrol,2,79804,30990
Tesla,Model 3,Sedan,2016,10,Automatic,Electric,4,176545,9200
Lexus,IS,Sedan,2012,14,Manual,Petrol,5,298142,3170
Toyota,Highlander,SUV,2018,8,Automatic,Hybrid,1,154493,13600
Toyota,Yaris,Sedan,2014,12,Manual,Petrol,3,193260,2430
Toyota,Corolla,Sedan,2024,2,Automatic,Petrol,1,30598,17720
Skoda,Octavia,Sedan,2016,10,Automatic,Petrol,2,132934,8040
Honda,Insight,Sedan,2024,2,CVT,Hybrid,1,19546,18380
Audi,A4,Sedan,2011,15,Semi-Automatic,Hybrid,4,182601,7470
Lexus,IS,Sedan,2023,3,Manual,Petrol,2,47134,23300
Audi,Q5,SUV,2023,3,Automatic,Petrol,2,71496,26880
Volkswagen,Jetta,Sedan,2020,6,Manual,Diesel,1,105173,8640
Subaru,Outback,SUV,2021,5,Manual,Petrol,2,84009,15200
Volvo,XC60,SUV,2016,10,Automatic,Petrol,4,169545,11580
Tesla,Model X,SUV,2021,5,Automatic,Electric,1,72182,42030
BMW,X5,SUV,2021,5,Automatic,Petrol,2,65084,33580
Kia,Rio,Hatchback,2025,1,Automatic,Petrol,1,23666,13290
Skoda,Octavia,Sedan,2023,3,Manual,Petrol,2,36061,15430
Audi,Q7,SUV,2023,3,Automatic,Hybrid,2,48776,40540
Mazda,CX-5,SUV,2014,12,Semi-Automatic,Petrol,4,162703,6850
Land Rover,Range Rover Evoque,SUV,2021,5,Manual,Diesel,1,46681,23660
Kia,Sorento,SUV,2016,10,Automatic,Petrol,3,117762,9370
Jeep,Compass,SUV,2018,8,Manual,Petrol,3,102708,10080
Mercedes-Benz,C-Class,Sedan,2020,6,Semi-Automatic,CNG,3,121063,19300
Kia,Forte,Sedan,2025,1,Automatic,Petrol,1,13523,16220
Tesla,Model Y,SUV,2021,5,Automatic,Electric,1,74355,22610
Mercedes-Benz,GLE,SUV,2021,5,Automatic,Petrol,1,83617,31160
Jeep,Compass,SUV,2013,13,Automatic,Petrol,2,103656,6190
GMC,Acadia,SUV,2024,2,Automatic,Petrol,1,14579,27150
Kia,Carnival,Minivan,2020,6,Automatic,Petrol,2,89512,16450
Subaru,Forester,SUV,2018,8,CVT,Petrol,2,157179,9670
Porsche,911,Coupe,2019,7,Automatic,Petrol,3,97689,47310
Mini,Cooper,Hatchback,2019,7,Automatic,Hybrid,1,137522,11740
Land Rover,Range Rover Evoque,SUV,2018,8,Automatic,Petrol,3,120044,17940
Subaru,Outback,SUV,2019,7,Manual,Petrol,2,110520,10420
Subaru,Legacy,Sedan,2019,7,Automatic,Diesel,2,65672,10870
BMW,3 Series,Sedan,2024,2,Automatic,Petrol,1,23257,31370
Honda,Ridgeline,Truck,2024,2,Manual,Diesel,1,25673,26570
Hyundai,Elantra,Sedan,2020,6,CVT,Diesel,3,66560,9480
Hyundai,Elantra,Sedan,2015,11,Manual,Diesel,3,158806,4830
Tesla,Model Y,SUV,2019,7,Automatic,Electric,1,92668,19630
Nissan,Sentra,Sedan,2023,3,Automatic,Petrol,1,64158,12480
Mazda,Mazda6,Sedan,2022,4,Automatic,Petrol,2,28133,14410
Chevrolet,Silverado 1500,Truck,2023,3,Automatic,Petrol,2,52311,23380
Nissan,Leaf,Hatchback,2023,3,Automatic,Electric,1,64818,18030
Toyota,GR86,Coupe,2018,8,Automatic,Petrol,3,128100,10460
Volvo,XC60,SUV,2018,8,Automatic,Petrol,3,172026,15640
Renault,Clio,Hatchback,2023,3,Automatic,Petrol,1,26068,12540
Nissan,Altima,Sedan,2011,15,Manual,Petrol,4,221758,3530
Mercedes-Benz,GLC,SUV,2017,9,Automatic,Diesel,1,122985,15140
Honda,Ridgeline,Truck,2019,7,CVT,CNG,1,99408,14330
Kia,EV6,SUV,2014,12,Automatic,Electric,1,136751,10940
Tesla,Model S,Sedan,2024,2,Automatic,Electric,1,26656,51070
GMC,Acadia,SUV,2022,4,Automatic,Petrol,1,58754,21840
Audi,A4,Sedan,2020,6,Automatic,Petrol,2,130818,17590
Chevrolet,Bolt EV,Hatchback,2015,11,Automatic,Electric,3,123515,6770
Subaru,Forester,SUV,2021,5,Automatic,Petrol,2,51224,13670
BMW,X3,SUV,2022,4,Automatic,Diesel,2,106495,25540
Volvo,XC90,SUV,2011,15,CVT,Petrol,1,208914,9960
Honda,Insight,Sedan,2020,6,Manual,Petrol,2,112034,9060
Nissan,Altima,Sedan,2019,7,Automatic,Hybrid,1,130274,10920
Hyundai,i20,Hatchback,2019,7,Automatic,Petrol,1,77812,6680
Volvo,XC90,SUV,2015,11,Automatic,CNG,4,112099,13880
Toyota,Prius Prime,Hatchback,2022,4,Automatic,Hybrid,1,43178,18080
Honda,City,Sedan,2023,3,Automatic,Hybrid,1,32432,12220
GMC,Sierra 1500,Truck,2024,2,Automatic,Petrol,1,25398,28110
Tesla,Model 3,Sedan,2024,2,Automatic,Electric,1,26977,28630
Honda,Insight,Sedan,2023,3,Automatic,Hybrid,2,20268,16690
Ford,Mustang Convertible,Convertible,2018,8,Automatic,Petrol,1,160752,14400
Ford,Explorer,SUV,2018,8,Semi-Automatic,Petrol,2,98827,15520
Peugeot,208,Hatchback,2019,7,CVT,Diesel,2,151871,4760
Kia,EV6,SUV,2018,8,Automatic,Electric,1,51856,17040
Toyota,Yaris Hatchback,Hatchback,2019,7,Manual,Petrol,2,115806,6930
Toyota,RAV4,SUV,2025,1,Automatic,Hybrid,1,12949,26690
Honda,Pilot,SUV,2015,11,CVT,Petrol,1,156869,11000
Lexus,NX,SUV,2026,0,Manual,Diesel,1,500,38770
Audi,A4,Sedan,2021,5,Semi-Automatic,Hybrid,1,42991,22690
Audi,A5,Coupe,2023,3,CVT,Petrol,2,40591,31600
Chevrolet,Malibu,Sedan,2020,6,CVT,Petrol,2,69170,11660
GMC,Terrain,SUV,2015,11,Automatic,Petrol,4,218748,4230
Kia,Rio,Hatchback,2025,1,Automatic,Petrol,1,11911,15370
Lexus,NX,SUV,2020,6,Automatic,Diesel,1,152101,17720
Toyota,Sienna,Minivan,2020,6,Manual,Petrol,1,82544,18070
Tesla,Model X,SUV,2019,7,Automatic,Electric,1,78344,37630
GMC,Terrain,SUV,2019,7,Automatic,Petrol,2,162847,10150
BMW,4 Series,Coupe,2017,9,Automatic,CNG,2,125233,15710
Hyundai,Elantra,Sedan,2016,10,Manual,Hybrid,4,153873,4920
Chevrolet,Traverse,SUV,2011,15,Manual,Petrol,4,203969,5370
Chevrolet,Bolt EV,Hatchback,2025,1,Automatic,Electric,1,18385,21020
Subaru,Forester,SUV,2022,4,Automatic,Petrol,2,34939,16550
Toyota,Corolla,Sedan,2025,1,CVT,Petrol,1,18217,16990
Nissan,Rogue,SUV,2012,14,Automatic,Petrol,3,299070,1320
Honda,Fit,Hatchback,2020,6,Automatic,Petrol,1,87405,8330
Mini,Cooper Convertible,Convertible,2022,4,CVT,Petrol,2,36304,18000
BMW,X5,SUV,2012,14,Automatic,Petrol,4,201160,11570
Toyota,Tundra,Truck,2024,2,Automatic,Diesel,1,25741,29430
Honda,Accord,Sedan,2018,8,CVT,Petrol,3,116732,10190
Chevrolet,Malibu,Sedan,2019,7,Automatic,Diesel,1,83008,10960
Chevrolet,Malibu,Sedan,2019,7,Automatic,Petrol,1,136202,9900
Nissan,Murano,SUV,2012,14,Automatic,CNG,1,104612,6630
Audi,Q5,SUV,2019,7,Automatic,Petrol,3,186041,15930
Nissan,Titan,Truck,2024,2,Automatic,Diesel,1,28442,26250
Mini,Cooper,Hatchback,2025,1,Manual,Petrol,1,13289,22290
Ford,Mustang,Coupe,2021,5,Manual,Petrol,1,64936,17460
Lexus,RX,SUV,2020,6,CVT,Petrol,2,92324,23200
Toyota,Yaris Hatchback,Hatchback,2025,1,Automatic,Petrol,1,10816,13990
Kia,EV6,SUV,2023,3,Automatic,Electric,1,54239,29040
Audi,A6,Sedan,2020,6,CVT,Petrol,2,53015,25440
Mazda,Mazda3,Sedan,2014,12,Automatic,Hybrid,4,164134,5050
Toyota,Prius,Hatchback,2026,0,Automatic,Petrol,1,500,27500
Toyota,Tacoma,Truck,2023,3,Manual,CNG,2,37566,17450
Mini,Cooper,Hatchback,2019,7,Automatic,Hybrid,1,111267,10940
Volkswagen,Passat,Sedan,2023,3,Automatic,Petrol,1,20959,17200
Kia,EV6,SUV,2014,12,Automatic,Electric,5,163870,9040
Audi,Q5,SUV,2020,6,Automatic,Diesel,3,51211,22000
Nissan,Titan,Truck,2016,10,CVT,Hybrid,1,215100,8350
Volkswagen,Golf,Hatchback,2024,2,Automatic,Petrol,1,36546,17050
Honda,Insight,Sedan,2016,10,CVT,Diesel,3,102609,6950
Toyota,Yaris,Sedan,2013,13,CVT,Hybrid,5,147710,3310
Nissan,Rogue,SUV,2023,3,Automatic,Hybrid,1,35651,18930
Volkswagen,Tiguan,SUV,2015,11,Automatic,Petrol,4,112837,7030
Chevrolet,Traverse,SUV,2016,10,Automatic,Petrol,3,96946,11040
Hyundai,Santa Fe,SUV,2019,7,CVT,Petrol,1,49057,14960
Mercedes-Benz,E-Class,Sedan,2013,13,CVT,Petrol,3,132815,11480
BMW,Z4,Convertible,2021,5,CVT,Diesel,2,71350,25550
Toyota,Corolla,Sedan,2019,7,Automatic,Diesel,2,103547,8790
Volkswagen,Jetta,Sedan,2024,2,Automatic,Diesel,1,28500,14920
Tesla,Model Y,SUV,2021,5,Automatic,Electric,1,83718,23410
Toyota,Tacoma,Truck,2022,4,Automatic,Petrol,2,106894,15220
Hyundai,Elantra,Sedan,2019,7,Automatic,Petrol,1,75341,8890
Subaru,Legacy,Sedan,2022,4,Automatic,Petrol,2,61680,14650
Toyota,RAV4,SUV,2015,11,Automatic,Hybrid,1,121185,8450
Honda,Ridgeline,Truck,2016,10,Automatic,Petrol,3,161822,10480
Honda,Fit,Hatchback,2022,4,Automatic,Petrol,1,49842,11140
GMC,Sierra 1500,Truck,2022,4,Automatic,Diesel,1,40758,23760
Skoda,Octavia,Sedan,2024,2,Automatic,Petrol,1,24149,19410
Honda,Pilot,SUV,2019,7,Automatic,Hybrid,2,63793,16500
GMC,Terrain,SUV,2023,3,Semi-Automatic,Petrol,1,61465,19710
Kia,EV6,SUV,2025,1,Automatic,Electric,1,15658,33210
Lexus,ES,Sedan,2020,6,Automatic,Petrol,1,138071,18620
Nissan,Versa,Hatchback,2023,3,Automatic,Diesel,1,20779,10160
Toyota,Prius Prime,Hatchback,2016,10,Automatic,Hybrid,1,128404,9240
Honda,Pilot,SUV,2023,3,Semi-Automatic,Petrol,2,47101,24400
Tesla,Model 3,Sedan,2022,4,Automatic,Electric,2,60292,22840
Mini,Cooper Convertible,Convertible,2019,7,Manual,Petrol,3,91178,12090
Toyota,RAV4,SUV,2017,9,Automatic,Hybrid,4,75717,10570
Volkswagen,Passat,Sedan,2017,9,Automatic,Petrol,2,98940,8200
Mercedes-Benz,E-Class,Sedan,2019,7,CVT,Hybrid,1,44948,27480
Mazda,Mazda3,Sedan,2018,8,Automatic,Diesel,1,112868,8810
Toyota,Tundra,Truck,2018,8,Automatic,Hybrid,2,93168,16260
Mazda,Mazda6,Sedan,2016,10,CVT,Petrol,1,110497,7690
Toyota,Highlander,SUV,2023,3,Automatic,Petrol,1,17606,26850
Jeep,Compass,SUV,2026,0,CVT,Petrol,1,500,27130
Chevrolet,Camaro,Coupe,2025,1,CVT,Hybrid,1,15513,25150
Toyota,Highlander,SUV,2015,11,CVT,Hybrid,1,127809,11460
Mercedes-Benz,C-Class,Sedan,2020,6,Manual,Hybrid,2,52597,22220
Kia,Carnival,Minivan,2018,8,Manual,Hybrid,1,100737,13810
Mazda,CX-9,SUV,2022,4,Automatic,Diesel,2,36368,20280
Volkswagen,Atlas,SUV,2022,4,Manual,Petrol,2,57030,20430
Audi,Q5,SUV,2017,9,Automatic,Petrol,4,104628,14950
Volkswagen,Golf,Hatchback,2026,0,Automatic,Diesel,1,500,24610
Nissan,Murano,SUV,2017,9,CVT,Diesel,3,160527,9150
Honda,City,Sedan,2024,2,Automatic,Diesel,1,16336,12970
Nissan,Titan,Truck,2020,6,Automatic,Petrol,1,49956,17740
Tesla,Model 3,Sedan,2018,8,Automatic,Electric,2,164711,12350
Honda,CR-V,SUV,2025,1,Automatic,Petrol,1,11695,22960
Tesla,Model S,Sedan,2014,12,Automatic,Electric,4,228901,13390
Hyundai,Tucson,SUV,2022,4,Automatic,Petrol,1,63224,17880
Land Rover,Range Rover Sport,SUV,2019,7,Automatic,Petrol,2,97004,35540
Toyota,Tundra,Truck,2025,1,Automatic,Petrol,1,19970,32340
Kia,Forte,Sedan,2015,11,Automatic,Petrol,2,184105,5250
Lexus,RX,SUV,2021,5,Semi-Automatic,Petrol,1,84407,25290
Chevrolet,Traverse,SUV,2022,4,Automatic,Petrol,2,91632,21410
Mazda,Mazda3,Sedan,2026,0,Manual,Petrol,1,500,21420
Volkswagen,Jetta,Sedan,2019,7,Automatic,Hybrid,1,140619,8230
Mercedes-Benz,GLC,SUV,2021,5,Manual,CNG,2,49073,23130
Nissan,Sentra,Sedan,2022,4,Manual,Hybrid,1,86697,11280
Mazda,Mazda3,Sedan,2016,10,Automatic,Diesel,1,139642,6380
Lexus,NX,SUV,2024,2,Automatic,Petrol,1,23168,31240
BMW,3 Series,Sedan,2021,5,Semi-Automatic,Hybrid,2,84934,21920
Nissan,Murano,SUV,2023,3,Manual,Petrol,1,49748,22500
Chevrolet,Silverado 1500,Truck,2018,8,Automatic,CNG,3,87477,11880
Jeep,Grand Cherokee,SUV,2016,10,Automatic,Diesel,1,125146,11780
Lexus,ES,Sedan,2015,11,CVT,Diesel,4,106263,9800
Nissan,370Z,Coupe,2021,5,Automatic,Diesel,1,69613,19520
Mini,Cooper Convertible,Convertible,2022,4,CVT,Petrol,2,60931,18250
Hyundai,Tucson,SUV,2025,1,Manual,Hybrid,1,7993,23250
Toyota,Yaris,Sedan,2017,9,Automatic,Petrol,1,159904,3600
Jeep,Compass,SUV,2018,8,Automatic,Petrol,3,146889,8620
Ford,Mustang Mach-E,SUV,2025,1,Automatic,Electric,1,17448,36130
Peugeot,208,Hatchback,2014,12,CVT,Petrol,4,153437,4500
Toyota,Camry,Sedan,2016,10,CVT,CNG,4,170330,6050
Nissan,370Z,Coupe,2022,4,Automatic,Petrol,2,34054,19680
Nissan,Murano,SUV,2021,5,CVT,Petrol,1,93405,17260
Audi,Q7,SUV,2022,4,Semi-Automatic,Petrol,1,50484,35970
Fiat,500,Hatchback,2022,4,Manual,Diesel,2,90325,7800
Tesla,Model X,SUV,2019,7,Automatic,Electric,3,92061,33930
Toyota,Tacoma,Truck,2026,0,Automatic,Petrol,1,500,28360
Chevrolet,Bolt EV,Hatchback,2024,2,Automatic,Electric,1,34027,17000
Ford,Escape,SUV,2023,3,Automatic,Diesel,2,49109,16280
Honda,Insight,Sedan,2022,4,Automatic,Petrol,2,69383,14530
Lexus,IS,Sedan,2025,1,Automatic,Petrol,1,11553,35030
Mercedes-Benz,GLC,SUV,2019,7,Automatic,Petrol,1,112535,20200
Kia,Rio,Hatchback,2023,3,Automatic,Diesel,1,28571,10600
BMW,4 Series,Coupe,2020,6,Semi-Automatic,Petrol,1,72553,23850
Honda,Fit,Hatchback,2024,2,Automatic,Petrol,1,42326,11710
Volkswagen,Jetta,Sedan,2020,6,Manual,Hybrid,3,76600,9420
Kia,Rio,Hatchback,2021,5,Automatic,Hybrid,2,72958,9140
Volkswagen,Tiguan,SUV,2019,7,Automatic,Hybrid,2,145558,10730
Volkswagen,ID.4,SUV,2020,6,Automatic,Electric,3,76603,18600
GMC,Terrain,SUV,2018,8,Automatic,Petrol,1,55485,11220
Hyundai,Ioniq 5,SUV,2015,11,Automatic,Electric,1,107552,11350
Mazda,CX-9,SUV,2019,7,Automatic,Petrol,3,102465,14530
Lexus,IS,Sedan,2017,9,Automatic,Petrol,3,120241,12450
Honda,City,Sedan,2016,10,Automatic,Hybrid,4,127174,5330
Skoda,Octavia,Sedan,2020,6,Automatic,Petrol,1,109725,10370
GMC,Acadia,SUV,2013,13,Manual,Diesel,3,120330,7110
Toyota,Yaris Hatchback,Hatchback,2022,4,Manual,Petrol,2,35375,9660
Toyota,Sienna,Minivan,2025,1,Automatic,Petrol,1,15960,30990
Toyota,Prius Prime,Hatchback,2019,7,Automatic,Petrol,3,103555,12580
Volkswagen,Atlas,SUV,2024,2,Automatic,Petrol,1,18750,26710
Toyota,Tundra,Truck,2026,0,Automatic,Diesel,1,500,39000
Nissan,Sentra,Sedan,2021,5,Automatic,Petrol,2,69496,10700
Peugeot,208,Hatchback,2023,3,Automatic,Petrol,2,48165,12810
Mazda,Mazda6,Sedan,2026,0,Automatic,Petrol,1,500,23540
Mercedes-Benz,C-Class Coupe,Coupe,2015,11,Automatic,Hybrid,1,274450,10530
Nissan,Versa,Hatchback,2020,6,Automatic,Petrol,2,52874,7350
Hyundai,Ioniq 5,SUV,2020,6,Automatic,Electric,2,108960,18200
Volkswagen,Tiguan,SUV,2018,8,Automatic,CNG,1,97131,11080
Toyota,Yaris Hatchback,Hatchback,2024,2,Manual,Petrol,1,19568,12300
Chevrolet,Equinox,SUV,2024,2,Automatic,Petrol,1,29502,20550
Ford,Fusion,Sedan,2013,13,Automatic,Petrol,5,233083,3280
Renault,Clio,Hatchback,2025,1,Automatic,Hybrid,1,22291,15820
Honda,Civic,Sedan,2022,4,Automatic,Petrol,1,51234,14260
BMW,X5,SUV,2022,4,Automatic,Petrol,1,76517,37100
GMC,Terrain,SUV,2021,5,Manual,Petrol,1,92118,13160
Nissan,Altima,Sedan,2021,5,Automatic,Petrol,2,62981,12750
Porsche,911,Coupe,2021,5,Manual,Diesel,1,77462,55890
Mazda,Mazda3,Sedan,2020,6,CVT,Petrol,3,98275,9080
Lexus,ES,Sedan,2013,13,Automatic,Petrol,4,109884,8080
Ford,Mustang Convertible,Convertible,2013,13,Automatic,Diesel,5,152120,7350
Chevrolet,Camaro,Coupe,2021,5,CVT,CNG,1,105577,14480
Volkswagen,Tiguan,SUV,2023,3,Semi-Automatic,Diesel,2,34199,17910
Mercedes-Benz,GLC,SUV,2015,11,CVT,Diesel,4,129386,12970
Chevrolet,Bolt EV,Hatchback,2011,15,Automatic,Electric,3,172735,4180
Mazda,MX-5 Miata,Convertible,2022,4,CVT,Petrol,1,102158,14870
Toyota,Prius,Hatchback,2016,10,Manual,Petrol,4,209950,5480
Nissan,370Z,Coupe,2022,4,Manual,Petrol,2,75192,17560
Chevrolet,Camaro,Coupe,2021,5,Manual,Petrol,2,89734,15890
Toyota,Corolla,Sedan,2017,9,Automatic,Petrol,1,72865,7490
Hyundai,i20,Hatchback,2018,8,CVT,Petrol,3,158630,4280
Porsche,911,Coupe,2025,1,Automatic,Petrol,1,12593,88670
Jeep,Grand Cherokee,SUV,2023,3,Automatic,CNG,2,34496,24830
BMW,3 Series,Sedan,2024,2,Automatic,Diesel,1,16460,32110
Ford,Explorer,SUV,2025,1,CVT,Diesel,1,16686,29140
Subaru,Outback,SUV,2026,0,Automatic,Petrol,1,500,28180
Toyota,Yaris Hatchback,Hatchback,2020,6,Automatic,Petrol,3,71955,8320
Subaru,Outback,SUV,2021,5,CVT,Diesel,1,40526,15580
Tesla,Model Y,SUV,2021,5,Automatic,Electric,2,64512,23450
Nissan,370Z,Coupe,2018,8,Automatic,Petrol,2,110552,13470
Mercedes-Benz,C-Class Coupe,Coupe,2021,5,Automatic,CNG,1,30786,23490
Honda,City,Sedan,2021,5,Automatic,Petrol,2,33520,9420
Tesla,Model X,SUV,2023,3,Automatic,Electric,2,60545,50570
Tesla,Model 3,Sedan,2023,3,Automatic,Electric,1,35538,26000
Honda,Ridgeline,Truck,2017,9,Automatic,Petrol,4,114920,12610
Toyota,Corolla,Sedan,2019,7,Automatic,Petrol,3,70214,8930
Mercedes-Benz,C-Class Coupe,Coupe,2024,2,Automatic,Petrol,1,29910,37390
Nissan,Rogue,SUV,2016,10,Automatic,Petrol,2,145957,8970
Toyota,Tundra,Truck,2020,6,Semi-Automatic,Petrol,1,123482,16400
Toyota,RAV4,SUV,2017,9,Automatic,Petrol,1,109512,10030
Ford,Mustang,Coupe,2012,14,Manual,Petrol,2,185562,6630
Kia,Forte,Sedan,2025,1,Automatic,Petrol,1,12463,16220
Mazda,Mazda6,Sedan,2011,15,Automatic,Diesel,5,171604,3800
Hyundai,Veloster,Coupe,2017,9,CVT,Petrol,2,55445,6880
BMW,3 Series,Sedan,2022,4,Automatic,Hybrid,1,58430,27510
Lexus,IS,Sedan,2021,5,Automatic,Diesel,2,85268,19120
Ram,1500,Truck,2025,1,Automatic,Petrol,1,10099,29350
Tesla,Model Y,SUV,2015,11,Automatic,Electric,3,129617,11560
Audi,Q5,SUV,2014,12,CVT,Petrol,5,163378,9450
Kia,Rio,Hatchback,2022,4,Automatic,Petrol,1,61461,10640
BMW,Z4,Convertible,2023,3,CVT,Petrol,1,56324,35200
Honda,Pilot,SUV,2020,6,CVT,CNG,3,151094,15050
Mazda,Mazda6,Sedan,2019,7,Automatic,Petrol,2,122247,10160
Honda,Civic,Sedan,2021,5,CVT,Diesel,2,98211,11140
Nissan,370Z,Coupe,2021,5,Manual,Petrol,1,91037,16010
Hyundai,Santa Fe,SUV,2025,1,Automatic,Hybrid,1,13774,28520
Chrysler,Pacifica,Minivan,2017,9,Manual,Petrol,1,82351,12340
Toyota,Prius Prime,Hatchback,2020,6,Automatic,Hybrid,2,109602,13170
BMW,4 Series,Coupe,2015,11,Automatic,Diesel,2,128573,13980
Toyota,Yaris Hatchback,Hatchback,2019,7,Automatic,Petrol,3,62321,6920
Volkswagen,Jetta,Sedan,2013,13,Automatic,Petrol,2,167411,5030
Nissan,Altima,Sedan,2019,7,Manual,CNG,2,84153,9820
Nissan,Versa,Hatchback,2023,3,Automatic,Diesel,2,55926,9530
Lexus,ES,Sedan,2019,7,Automatic,Petrol,1,91951,19520
Tesla,Model S,Sedan,2017,9,Automatic,Electric,2,136121,22820
Porsche,911,Coupe,2017,9,Manual,Hybrid,4,235943,29850
Hyundai,Tucson,SUV,2024,2,Automatic,Petrol,1,39426,20410
Chevrolet,Camaro,Coupe,2023,3,Automatic,Hybrid,2,34922,21990
Honda,Odyssey,Minivan,2026,0,Manual,Petrol,1,500,32120
Kia,Sportage,SUV,2022,4,Automatic,Petrol,1,57414,16730
Kia,Forte,Sedan,2018,8,Automatic,Petrol,2,104197,8060
Hyundai,Elantra,Sedan,2024,2,Manual,Petrol,1,19486,15720
Kia,Rio,Hatchback,2017,9,Automatic,CNG,3,85515,5520
Subaru,Legacy,Sedan,2023,3,Automatic,Petrol,2,62233,15010
Honda,Civic,Sedan,2022,4,Manual,Petrol,2,67919,11590
Ford,Escape,SUV,2015,11,CVT,Petrol,1,86036,8410
Honda,Odyssey,Minivan,2024,2,Automatic,Petrol,1,23369,27670
Volkswagen,Golf,Hatchback,2020,6,Semi-Automatic,Petrol,3,96805,9840
Mazda,CX-5,SUV,2023,3,Automatic,Petrol,1,45551,19810
Nissan,Murano,SUV,2013,13,Automatic,Petrol,2,246764,5570
Kia,K5,Sedan,2020,6,Manual,Hybrid,2,83002,11760
Toyota,Yaris Hatchback,Hatchback,2020,6,Automatic,Diesel,1,116206,7030
BMW,X3,SUV,2020,6,Automatic,CNG,1,147536,19380
Land Rover,Range Rover Evoque,SUV,2025,1,Automatic,Diesel,1,11251,39660
Mercedes-Benz,GLE,SUV,2022,4,CVT,Hybrid,2,52875,38400
Honda,CR-V,SUV,2025,1,Semi-Automatic,Petrol,1,25838,24180
BMW,Z4,Convertible,2024,2,Automatic,Petrol,1,12942,38760
Toyota,RAV4,SUV,2014,12,Automatic,Petrol,1,137914,7760
BMW,X5,SUV,2023,3,Automatic,Diesel,2,70853,40830
Porsche,911,Coupe,2020,6,Automatic,Petrol,3,65619,50060
Volkswagen,Golf,Hatchback,2015,11,Automatic,Hybrid,1,238942,5310
BMW,Z4,Convertible,2025,1,Automatic,Petrol,1,11486,46030
Lexus,NX,SUV,2024,2,Automatic,Petrol,1,16840,30360
Hyundai,Santa Fe,SUV,2024,2,Automatic,Petrol,1,23634,25490
Porsche,911,Coupe,2022,4,Automatic,Petrol,2,64402,60840
Nissan,Altima,Sedan,2017,9,CVT,Petrol,3,104496,8790
Ram,1500,Truck,2022,4,Automatic,Petrol,1,53304,23640
Fiat,500,Hatchback,2025,1,Manual,Petrol,1,5907,13880
Jeep,Compass,SUV,2020,6,Manual,Diesel,1,94877,11490
Ford,Focus,Hatchback,2021,5,Manual,Hybrid,2,80586,10960
Ford,Mustang Mach-E,SUV,2023,3,Automatic,Electric,2,42641,26760
Subaru,Legacy,Sedan,2024,2,Automatic,Petrol,1,47106,16400
Suzuki,Swift,Hatchback,2018,8,CVT,Petrol,1,104295,6220
Hyundai,Tucson,SUV,2023,3,CVT,Hybrid,1,47952,19580
Audi,A4,Sedan,2025,1,Manual,Petrol,1,10752,32550
Mini,Cooper Convertible,Convertible,2018,8,CVT,Diesel,3,49605,11490
Tesla,Model X,SUV,2016,10,Automatic,Electric,2,88895,26000
Toyota,Yaris Hatchback,Hatchback,2026,0,Automatic,Hybrid,1,500,16490
Ram,1500,Truck,2023,3,Automatic,Diesel,1,48568,25690
Hyundai,Ioniq 5,SUV,2025,1,Automatic,Electric,1,11011,31750
Volvo,XC90,SUV,2020,6,Automatic,Diesel,2,99460,25440
Mazda,Mazda3,Sedan,2021,5,Manual,Petrol,2,53376,10980
Nissan,370Z,Coupe,2026,0,Automatic,Petrol,1,500,33750
Lexus,NX,SUV,2023,3,Automatic,CNG,2,29365,25440
Volkswagen,Jetta,Sedan,2016,10,Automatic,Petrol,4,103585,6000
Tesla,Model X,SUV,2023,3,Automatic,Electric,2,29989,53040
Lexus,RX,SUV,2023,3,CVT,Petrol,1,64155,31450
Toyota,RAV4,SUV,2018,8,Automatic,Petrol,3,54152,11450
Mercedes-Benz,E-Class,Sedan,2024,2,Automatic,Petrol,1,17715,42760
Mazda,MX-5 Miata,Convertible,2026,0,Automatic,Hybrid,1,500,29190
Ford,F-150,Truck,2024,2,Automatic,Hybrid,1,22534,28720
Hyundai,i20,Hatchback,2023,3,Automatic,Petrol,1,37998,9860
Mazda,CX-5,SUV,2023,3,Semi-Automatic,Petrol,1,22666,19810
GMC,Terrain,SUV,2020,6,Automatic,Petrol,1,46928,15390
Hyundai,Tucson,SUV,2022,4,Manual,Petrol,2,67563,14610
Toyota,Yaris,Sedan,2025,1,Automatic,Petrol,1,15380,14090
Kia,EV6,SUV,2015,11,Automatic,Electric,2,146393,12060
BMW,5 Series,Sedan,2026,0,Automatic,Petrol,1,500,56250
Toyota,RAV4,SUV,2023,3,Manual,Hybrid,2,35838,19210
Mercedes-Benz,GLE,SUV,2024,2,Manual,Petrol,1,49156,43010
Volkswagen,Tiguan,SUV,2024,2,Automatic,Diesel,1,24014,21560
Honda,Pilot,SUV,2020,6,Automatic,Diesel,1,58893,18830
Mercedes-Benz,GLE,SUV,2023,3,Automatic,Petrol,2,57349,40600
Toyota,Tundra,Truck,2019,7,Automatic,Petrol,2,54317,17320
Mazda,CX-5,SUV,2021,5,Manual,CNG,2,96426,12130
Ford,F-150,Truck,2018,8,Automatic,Hybrid,1,100478,15670
Peugeot,208,Hatchback,2012,14,Automatic,Petrol,2,269986,1490
Ford,Mustang Mach-E,SUV,2015,11,Automatic,Electric,3,218387,9170
Kia,Forte,Sedan,2024,2,Manual,Petrol,1,18948,14550
Audi,A6,Sedan,2014,12,CVT,Petrol,3,126919,13680
Lexus,RX,SUV,2015,11,Automatic,Hybrid,2,140180,14290
Honda,Odyssey,Minivan,2021,5,Manual,Petrol,1,70889,18340
Hyundai,Veloster,Coupe,2019,7,Automatic,Petrol,1,88875,9180
Skoda,Octavia,Sedan,2019,7,Automatic,Petrol,2,61990,10410
Tesla,Model S,Sedan,2017,9,Automatic,Electric,1,186949,24560
Hyundai,Santa Fe,SUV,2017,9,CVT,Petrol,2,157930,9250
BMW,X5,SUV,2021,5,Automatic,Diesel,1,97009,32140
Toyota,RAV4,SUV,2020,6,Automatic,Hybrid,1,51465,14410
Mazda,CX-5,SUV,2025,1,Manual,Petrol,1,12040,23590
Subaru,Forester,SUV,2018,8,Manual,Petrol,2,116619,9980
Nissan,Versa,Hatchback,2023,3,CVT,Petrol,1,49858,9590
BMW,X5,SUV,2020,6,Automatic,Petrol,3,88190,26560
Toyota,Highlander,SUV,2018,8,Automatic,Petrol,1,137823,13500
Toyota,Prius Prime,Hatchback,2024,2,Automatic,Hybrid,1,32553,23800
Toyota,Camry,Sedan,2021,5,Automatic,Petrol,2,110987,12990
Ford,Mustang Convertible,Convertible,2023,3,Automatic,Hybrid,1,34636,27880
GMC,Terrain,SUV,2021,5,Automatic,Petrol,1,62158,15810
Tesla,Model Y,SUV,2020,6,Automatic,Electric,2,127681,18730
Hyundai,Santa Fe,SUV,2024,2,Automatic,Petrol,1,22071,26050
Jeep,Compass,SUV,2021,5,Automatic,Petrol,1,47008,15820
Chrysler,Pacifica,Minivan,2024,2,Automatic,Diesel,1,20165,25690
Hyundai,Elantra,Sedan,2020,6,Automatic,Petrol,3,142301,7790
Nissan,Leaf,Hatchback,2022,4,Automatic,Electric,1,81160,14510
Honda,CR-V,SUV,2021,5,Automatic,Diesel,2,66976,14840
Hyundai,Elantra,Sedan,2023,3,Manual,Hybrid,2,59793,13080
Jeep,Compass,SUV,2020,6,Automatic,Petrol,3,72756,12110
Audi,Q5,SUV,2020,6,Manual,Petrol,2,98952,21120
Volkswagen,ID.4,SUV,2018,8,Automatic,Electric,3,77215,14590
Mercedes-Benz,C-Class Coupe,Coupe,2022,4,CVT,Petrol,1,56425,27740
Mazda,MX-5 Miata,Convertible,2016,10,Manual,Petrol,4,242250,3970
Audi,Q7,SUV,2017,9,Automatic,Diesel,3,106373,19940
Lexus,ES,Sedan,2020,6,Manual,Petrol,1,80801,19230
Ford,Fusion,Sedan,2018,8,Automatic,Petrol,3,77704,8260
Fiat,500,Hatchback,2021,5,Manual,Diesel,2,68964,8090
Honda,CR-V,SUV,2024,2,CVT,Hybrid,1,26214,21120
Chevrolet,Bolt EV,Hatchback,2025,1,Automatic,Electric,1,13296,20270
Chevrolet,Spark,Hatchback,2021,5,Automatic,Diesel,1,58207,8680
Honda,Accord,Sedan,2018,8,Automatic,Diesel,1,108183,10340
Chevrolet,Traverse,SUV,2020,6,Semi-Automatic,Petrol,1,134799,15540
Nissan,Rogue,SUV,2023,3,Automatic,Petrol,2,54079,18280
BMW,X3,SUV,2016,10,Automatic,Petrol,4,143629,14120
Jeep,Grand Cherokee,SUV,2022,4,Automatic,Petrol,2,74387,22510
Jeep,Compass,SUV,2020,6,Manual,Petrol,1,94494,12340
Honda,Accord,Sedan,2020,6,Automatic,Petrol,2,135014,12890
Chevrolet,Equinox,SUV,2017,9,CVT,Petrol,2,148860,8770
Skoda,Octavia,Sedan,2016,10,Automatic,Petrol,2,148523,6660
Audi,A6,Sedan,2025,1,Automatic,CNG,1,24674,40560
Mazda,MX-5 Miata,Convertible,2016,10,Manual,Petrol,4,121308,8270
Chevrolet,Malibu,Sedan,2011,15,Manual,Diesel,1,261725,2980
Mercedes-Benz,C-Class Coupe,Coupe,2019,7,Automatic,Diesel,3,106107,20380
Ford,Mustang Convertible,Convertible,2025,1,Manual,Diesel,1,14662,28870
Kia,Rio,Hatchback,2025,1,Manual,Petrol,1,20829,13170
Kia,Sorento,SUV,2018,8,Automatic,Petrol,1,73196,13400
Renault,Clio,Hatchback,2020,6,Automatic,Hybrid,2,115072,8160
GMC,Acadia,SUV,2020,6,Automatic,Petrol,1,117495,16780
BMW,X5,SUV,2022,4,Semi-Automatic,Diesel,1,87852,36410
Ford,Explorer,SUV,2024,2,Automatic,Hybrid,1,28803,28730
Renault,Clio,Hatchback,2020,6,Automatic,Petrol,3,118822,8170
Honda,Insight,Sedan,2017,9,Manual,Hybrid,2,137543,8430
BMW,X3,SUV,2021,5,Automatic,Petrol,1,63429,24780
Hyundai,Veloster,Coupe,2016,10,CVT,Petrol,2,160030,5950
Volkswagen,Passat,Sedan,2015,11,Manual,Diesel,2,105236,6650
Subaru,Outback,SUV,2025,1,CVT,Petrol,1,7735,24300
Toyota,Yaris,Sedan,2026,0,Automatic,Petrol,1,500,15290
Kia,Carnival,Minivan,2011,15,Manual,Petrol,3,280543,2970
BMW,X5,SUV,2023,3,Manual,Petrol,1,43700,38190
BMW,Z4,Convertible,2023,3,Automatic,Hybrid,2,32218,33060
Hyundai,Ioniq 5,SUV,2020,6,Automatic,Electric,3,81744,18220
Renault,Clio,Hatchback,2025,1,Automatic,Petrol,1,14752,15390
Chevrolet,Traverse,SUV,2020,6,CVT,Diesel,1,76489,16980
Mercedes-Benz,C-Class Coupe,Coupe,2021,5,CVT,Petrol,2,55256,24410
Renault,Clio,Hatchback,2022,4,Automatic,Petrol,2,35629,11420
Mini,Cooper,Hatchback,2024,2,Manual,Petrol,1,22007,18430
Land Rover,Range Rover Sport,SUV,2020,6,Manual,Diesel,2,75759,34900
Mercedes-Benz,C-Class Coupe,Coupe,2014,12,Semi-Automatic,Petrol,4,263815,8540
Ford,Explorer,SUV,2022,4,Automatic,Petrol,2,45735,20560
Mini,Cooper Convertible,Convertible,2016,10,CVT,Diesel,3,160725,7920
Nissan,Titan,Truck,2023,3,Automatic,Petrol,1,38466,24900
Chevrolet,Bolt EV,Hatchback,2018,8,Automatic,Electric,3,111979,8750
Ford,Mustang,Coupe,2020,6,Automatic,CNG,1,70456,15560
Tesla,Model S,Sedan,2015,11,Automatic,Electric,3,95888,19380
Toyota,Sienna,Minivan,2022,4,Automatic,Petrol,1,71884,21420
Chrysler,Pacifica,Minivan,2020,6,CVT,Petrol,2,131435,14160
Mini,Cooper,Hatchback,2011,15,CVT,Petrol,2,159550,4820
Toyota,GR86,Coupe,2016,10,CVT,Diesel,4,92711,8190
Hyundai,Tucson,SUV,2020,6,CVT,Hybrid,2,100089,13920
Ford,Mustang Mach-E,SUV,2016,10,Automatic,Electric,2,79604,13380
Nissan,Leaf,Hatchback,2024,2,Automatic,Electric,1,33618,18940
Nissan,Versa,Hatchback,2023,3,Semi-Automatic,Petrol,1,32638,10540
Ford,Explorer,SUV,2016,10,CVT,Petrol,2,126235,11430
Tesla,Model 3,Sedan,2013,13,Automatic,Electric,5,292072,4840
Volkswagen,Tiguan,SUV,2011,15,Automatic,Diesel,4,231138,3240
Subaru,Legacy,Sedan,2022,4,Automatic,Hybrid,2,68946,14890
Hyundai,Santa Fe,SUV,2023,3,Manual,Hybrid,1,60489,22120
Porsche,911,Coupe,2024,2,Automatic,Petrol,1,13303,80750
Nissan,Altima,Sedan,2016,10,CVT,Petrol,3,121974,8130
Mercedes-Benz,C-Class,Sedan,2024,2,CVT,Diesel,1,22029,31430
Tesla,Model X,SUV,2023,3,Automatic,Electric,1,49744,58760
Nissan,Sentra,Sedan,2019,7,Manual,Petrol,1,46006,9170
Subaru,Legacy,Sedan,2022,4,Automatic,CNG,2,45376,13370
Volkswagen,ID.4,SUV,2023,3,Automatic,Electric,2,66470,25020
Lexus,NX,SUV,2024,2,Automatic,Petrol,1,15287,32260
Mazda,Mazda6,Sedan,2018,8,Automatic,Petrol,2,139184,8530
Toyota,Prius Prime,Hatchback,2023,3,CVT,Hybrid,2,51919,20410
Chevrolet,Equinox,SUV,2012,14,Manual,Petrol,1,92848,5400
Lexus,NX,SUV,2024,2,CVT,Petrol,1,21570,28380
Mini,Cooper,Hatchback,2022,4,Automatic,Petrol,1,58832,16240
Honda,Ridgeline,Truck,2023,3,Manual,Diesel,2,25480,25130
Tesla,Model S,Sedan,2021,5,Automatic,Electric,2,45614,38500
Hyundai,Ioniq 5,SUV,2024,2,Automatic,Electric,1,24168,31330
Mercedes-Benz,GLE,SUV,2016,10,Automatic,Petrol,1,158467,19070
Ford,Escape,SUV,2020,6,Manual,Petrol,3,92681,12570
Hyundai,Tucson,SUV,2014,12,Semi-Automatic,Petrol,3,162224,6670
Mercedes-Benz,C-Class Coupe,Coupe,2023,3,Automatic,Hybrid,2,40218,34770
BMW,3 Series,Sedan,2018,8,CVT,Petrol,1,77432,16530
Honda,Pilot,SUV,2023,3,Semi-Automatic,Petrol,2,37032,26240
Ford,Mustang,Coupe,2020,6,Automatic,Petrol,3,50840,15300
Nissan,Versa,Hatchback,2020,6,Automatic,Diesel,1,81119,7400
Nissan,Sentra,Sedan,2025,1,CVT,Petrol,1,10055,16630
Chevrolet,Spark,Hatchback,2011,15,Automatic,Petrol,5,379036,1200
Nissan,370Z,Coupe,2020,6,Automatic,CNG,2,129972,12590
Honda,Ridgeline,Truck,2025,1,Semi-Automatic,Diesel,1,16649,31220
Suzuki,Swift,Hatchback,2019,7,Manual,Petrol,3,115470,5110
Nissan,Sentra,Sedan,2017,9,Automatic,Petrol,1,95759,7490
Volkswagen,ID.4,SUV,2017,9,Automatic,Electric,1,141980,12400
Jeep,Grand Cherokee,SUV,2018,8,Manual,Diesel,3,117401,12840
Chevrolet,Spark,Hatchback,2018,8,CVT,Hybrid,2,118717,5310
Honda,Odyssey,Minivan,2011,15,Automatic,Petrol,3,190729,6130
Hyundai,Veloster,Coupe,2017,9,Automatic,Petrol,4,143757,6090
Ford,Focus,Hatchback,2015,11,Automatic,Petrol,1,149977,5590
Kia,Rio,Hatchback,2022,4,Automatic,Diesel,2,90785,7640
Volvo,XC60,SUV,2020,6,Automatic,Petrol,2,107127,19430
Volkswagen,Passat,Sedan,2019,7,CVT,Diesel,2,64733,10310
Nissan,Leaf,Hatchback,2017,9,Automatic,Electric,3,195103,7150
Toyota,Yaris Hatchback,Hatchback,2023,3,Manual,Petrol,2,39777,10500
Kia,Carnival,Minivan,2023,3,Automatic,Petrol,1,54558,23750
Lexus,IS,Sedan,2020,6,CVT,Petrol,3,121586,17510
Nissan,Murano,SUV,2022,4,Automatic,Diesel,1,44359,21470
Nissan,370Z,Coupe,2024,2,Automatic,Petrol,1,20363,25460
Nissan,370Z,Coupe,2012,14,Automatic,Petrol,4,212538,5760
Kia,Forte,Sedan,2020,6,Automatic,Hybrid,3,127609,7530
Nissan,Rogue,SUV,2020,6,Manual,Hybrid,3,60184,12040
Chevrolet,Traverse,SUV,2021,5,Automatic,Petrol,2,66710,18080
Audi,Q7,SUV,2016,10,Automatic,CNG,1,149257,17580
Mercedes-Benz,GLE,SUV,2024,2,Automatic,Petrol,1,22690,44820
Mazda,Mazda3,Sedan,2014,12,Automatic,Hybrid,4,193901,3970
Renault,Clio,Hatchback,2016,10,Manual,Petrol,4,80824,5510
Volkswagen,Jetta,Sedan,2021,5,Manual,Petrol,1,60565,10500
Toyota,Camry,Sedan,2026,0,Automatic,CNG,1,500,23580
Audi,A6,Sedan,2024,2,Manual,Petrol,1,26741,39240
Audi,A6,Sedan,2016,10,Manual,Hybrid,2,182474,16470
Toyota,Prius Prime,Hatchback,2023,3,CVT,Hybrid,2,35030,18730
Lexus,IS,Sedan,2015,11,Semi-Automatic,Petrol,4,219474,7880
Land Rover,Range Rover Evoque,SUV,2024,2,Automatic,Petrol,1,20447,38880
Kia,Carnival,Minivan,2018,8,Manual,Diesel,3,81973,11680
Lexus,NX,SUV,2018,8,Automatic,Diesel,3,76790,15890
Hyundai,Tucson,SUV,2021,5,Automatic,Petrol,2,82524,14900
Chevrolet,Camaro Convertible,Convertible,2017,9,Automatic,Diesel,2,147769,11820
Toyota,Tundra,Truck,2026,0,Automatic,Petrol,1,500,38960
Hyundai,Santa Fe,SUV,2024,2,Automatic,Diesel,1,20971,22700
Volkswagen,Golf,Hatchback,2024,2,Automatic,Diesel,1,33328,18640
Subaru,Legacy,Sedan,2023,3,Automatic,Hybrid,2,82664,15450
Nissan,Sentra,Sedan,2020,6,Automatic,Petrol,2,105282,8760
Honda,City,Sedan,2015,11,Manual,Hybrid,4,170241,3960
Tesla,Model 3,Sedan,2023,3,Automatic,Electric,1,43688,26420
Volkswagen,Golf,Hatchback,2024,2,Automatic,Petrol,1,20038,19530
Audi,A5,Coupe,2021,5,Automatic,Hybrid,2,74489,26810
Skoda,Octavia,Sedan,2021,5,Automatic,Hybrid,1,46200,13020
Chevrolet,Equinox,SUV,2017,9,Manual,Petrol,2,111335,9410
Nissan,Titan,Truck,2024,2,Manual,Hybrid,1,21557,27790
Hyundai,i20,Hatchback,2024,2,Automatic,Hybrid,1,19224,11410
Lexus,IS,Sedan,2026,0,Manual,Petrol,1,500,35180
Peugeot,208,Hatchback,2022,4,Manual,Petrol,1,46524,10630
Mazda,Mazda6,Sedan,2026,0,Automatic,Diesel,1,500,24670
Lexus,RX,SUV,2017,9,Automatic,Petrol,4,193913,13180
Mazda,MX-5 Miata,Convertible,2023,3,Automatic,Petrol,2,56462,17130
Fiat,500,Hatchback,2013,13,Automatic,Petrol,3,217459,2880
Subaru,Forester,SUV,2016,10,CVT,Petrol,4,114252,8300
Subaru,Forester,SUV,2022,4,Automatic,Diesel,2,57592,14960
Audi,A5,Coupe,2016,10,Automatic,Petrol,3,196329,11740
Toyota,Yaris,Sedan,2021,5,Automatic,Petrol,2,77900,7540
Toyota,Yaris,Sedan,2019,7,CVT,Petrol,3,130372,6000
Audi,A6,Sedan,2020,6,Manual,Petrol,1,102106,24520
Toyota,Yaris Hatchback,Hatchback,2014,12,Automatic,Hybrid,3,228301,1830
Mazda,Mazda3,Sedan,2026,0,Automatic,Diesel,1,500,22040
Toyota,Yaris,Sedan,2020,6,Automatic,Petrol,2,116800,6240
Mazda,Mazda3,Sedan,2016,10,Automatic,Diesel,2,139176,6560
Mazda,CX-5,SUV,2017,9,Automatic,Diesel,2,200923,7900
BMW,3 Series,Sedan,2021,5,Automatic,Hybrid,1,107379,23870
Kia,Sorento,SUV,2020,6,CVT,CNG,2,156050,12250
Chevrolet,Traverse,SUV,2014,12,Automatic,Hybrid,2,201229,7270
GMC,Acadia,SUV,2020,6,Automatic,CNG,3,59974,15450
Mercedes-Benz,GLC,SUV,2023,3,Automatic,Hybrid,1,22715,32630
Nissan,Sentra,Sedan,2019,7,Semi-Automatic,Petrol,3,72016,8370
Hyundai,Veloster,Coupe,2024,2,Automatic,Petrol,1,16575,15700
Chrysler,Pacifica,Minivan,2022,4,Semi-Automatic,Petrol,2,36678,20690
Volkswagen,Jetta,Sedan,2025,1,CVT,Hybrid,1,24326,18620
Toyota,Yaris Hatchback,Hatchback,2024,2,Automatic,Petrol,1,45357,13150
Kia,EV6,SUV,2025,1,Automatic,Electric,1,13784,32260
BMW,3 Series,Sedan,2025,1,Manual,Petrol,1,11378,33310
Audi,A5,Coupe,2021,5,Automatic,Petrol,2,104952,23160
Porsche,911,Coupe,2025,1,CVT,Petrol,1,9678,92970
Lexus,NX,SUV,2019,7,Manual,CNG,1,99103,15390
Tesla,Model X,SUV,2020,6,Automatic,Electric,3,74578,36800
Toyota,Camry,Sedan,2023,3,Semi-Automatic,Petrol,1,18943,19090
Tesla,Model 3,Sedan,2019,7,Automatic,Electric,3,134493,14970
Nissan,Murano,SUV,2013,13,Manual,Diesel,5,196526,5470
Volkswagen,Atlas,SUV,2021,5,Automatic,Petrol,1,42379,21140
Toyota,RAV4,SUV,2021,5,Semi-Automatic,Diesel,2,49863,14310
BMW,3 Series,Sedan,2016,10,Automatic,Diesel,2,81856,12580
Volvo,XC90,SUV,2026,0,Automatic,Hybrid,1,500,56630
Chevrolet,Bolt EV,Hatchback,2023,3,Automatic,Electric,2,46992,15690
Honda,Ridgeline,Truck,2025,1,Semi-Automatic,Petrol,1,18212,32470
Toyota,Yaris,Sedan,2023,3,Automatic,Petrol,1,32389,11170
Mercedes-Benz,GLE,SUV,2017,9,Manual,Petrol,2,161840,18990
Honda,City,Sedan,2015,11,Manual,Hybrid,3,232180,1770
Toyota,Sienna,Minivan,2024,2,Automatic,Petrol,1,37230,27420
Tesla,Model 3,Sedan,2021,5,Automatic,Electric,2,79955,18770
Toyota,RAV4,SUV,2020,6,Automatic,Hybrid,3,68664,13380
BMW,5 Series,Sedan,2021,5,Manual,Petrol,1,68785,27530
Suzuki,Swift,Hatchback,2023,3,Automatic,Hybrid,1,60519,9180
Porsche,911,Coupe,2021,5,CVT,Petrol,2,52834,53730
Honda,City,Sedan,2019,7,Automatic,Petrol,2,67123,7620
Land Rover,Range Rover Sport,SUV,2023,3,Automatic,Petrol,2,31880,52800
Toyota,RAV4,SUV,2020,6,CVT,Petrol,2,80173,13770
Toyota,RAV4,SUV,2017,9,Automatic,Hybrid,1,124343,10740
Mercedes-Benz,C-Class Coupe,Coupe,2025,1,Automatic,Diesel,1,7185,37310
Nissan,Murano,SUV,2022,4,Automatic,CNG,1,59749,19040
Mercedes-Benz,C-Class,Sedan,2024,2,Automatic,Petrol,1,27294,34310
Land Rover,Range Rover Sport,SUV,2019,7,Manual,Petrol,2,51368,34340
BMW,X3,SUV,2020,6,Automatic,Petrol,2,67012,22770
Land Rover,Range Rover Evoque,SUV,2025,1,Automatic,Petrol,1,9334,40050
Volkswagen,ID.4,SUV,2022,4,Automatic,Electric,1,79388,21880
BMW,X5,SUV,2018,8,CVT,Petrol,2,87400,23400
Honda,Civic,Sedan,2019,7,Semi-Automatic,Petrol,2,54352,10870
Honda,City,Sedan,2018,8,Automatic,Petrol,3,171953,3420
Ram,1500,Truck,2017,9,CVT,Petrol,2,111585,12630
Volkswagen,Atlas,SUV,2023,3,Automatic,Hybrid,2,34311,24080
Honda,Ridgeline,Truck,2020,6,Automatic,Diesel,1,120799,17540
Nissan,Versa,Hatchback,2013,13,Manual,Petrol,1,96265,3840
Kia,K5,Sedan,2023,3,Manual,Petrol,1,47679,16290
Chrysler,Pacifica,Minivan,2020,6,Automatic,Hybrid,3,138669,13790
Mercedes-Benz,C-Class Coupe,Coupe,2020,6,CVT,Petrol,3,44516,23180
Toyota,Yaris,Sedan,2026,0,Manual,Petrol,1,500,16030
Nissan,Titan,Truck,2023,3,Manual,Petrol,2,38658,23400
Lexus,IS,Sedan,2026,0,Automatic,Petrol,1,500,38920
Ford,Focus,Hatchback,2023,3,Manual,Diesel,1,45100,12760
Ford,Escape,SUV,2023,3,Automatic,Diesel,2,43025,18320
BMW,5 Series,Sedan,2021,5,Manual,Diesel,2,61277,26320
Nissan,Rogue,SUV,2019,7,Automatic,Petrol,1,119378,10990
Ram,1500,Truck,2017,9,Automatic,Diesel,2,219306,8660
Toyota,Prius,Hatchback,2025,1,Automatic,Hybrid,1,12321,23760
Chevrolet,Camaro,Coupe,2024,2,Automatic,Diesel,1,27539,23190
Mazda,MX-5 Miata,Convertible,2025,1,Manual,Petrol,1,12374,23850
BMW,X3,SUV,2015,11,Automatic,Diesel,3,118628,11570
Tesla,Model 3,Sedan,2026,0,Automatic,Electric,1,500,36470
Chevrolet,Malibu,Sedan,2022,4,Automatic,Petrol,2,45986,15140
Toyota,Tacoma,Truck,2021,5,Automatic,Petrol,1,63886,17430
BMW,Z4,Convertible,2019,7,Automatic,Petrol,3,177808,17280
Volkswagen,Tiguan,SUV,2023,3,Automatic,Diesel,1,35073,18580
Mazda,MX-5 Miata,Convertible,2021,5,Manual,Petrol,2,75795,13790
Toyota,Corolla,Sedan,2019,7,Automatic,Diesel,1,129033,8540
Chevrolet,Equinox,SUV,2018,8,Automatic,Diesel,2,143128,8600
Mercedes-Benz,E-Class,Sedan,2022,4,Manual,Petrol,1,52001,32450
Mazda,MX-5 Miata,Convertible,2018,8,CVT,Diesel,1,76783,10810
Audi,A5,Coupe,2015,11,Manual,Petrol,1,83893,12090
Volkswagen,Atlas,SUV,2026,0,Manual,Petrol,1,500,34460
Hyundai,Tucson,SUV,2016,10,Automatic,Hybrid,3,143018,7930
Honda,Civic,Sedan,2019,7,Automatic,Petrol,2,117990,9670
Nissan,Titan,Truck,2020,6,Automatic,Petrol,1,56602,17250
BMW,X5,SUV,2019,7,Automatic,Diesel,3,87511,24640
Mazda,CX-9,SUV,2021,5,Automatic,Diesel,2,41897,19660
Kia,K5,Sedan,2021,5,Automatic,Petrol,1,99204,12850
Jeep,Wrangler,SUV,2023,3,Automatic,Diesel,2,48569,21510
Lexus,IS,Sedan,2022,4,CVT,Petrol,1,48385,24970
Toyota,Tundra,Truck,2023,3,Manual,Hybrid,2,28649,25220
BMW,4 Series,Coupe,2020,6,Automatic,Hybrid,2,59629,23280
Tesla,Model X,SUV,2023,3,Automatic,Electric,2,53898,55410
Volvo,XC90,SUV,2020,6,CVT,Diesel,3,75143,26170
Audi,Q5,SUV,2023,3,Manual,Petrol,2,75164,28940
Toyota,RAV4,SUV,2023,3,Automatic,Petrol,2,40963,19690
Chevrolet,Camaro Convertible,Convertible,2017,9,Manual,Petrol,3,114656,11740
Subaru,Outback,SUV,2018,8,Automatic,Petrol,2,98017,10760
Toyota,Tundra,Truck,2022,4,Automatic,Diesel,2,74507,20260
Chevrolet,Malibu,Sedan,2012,14,CVT,CNG,1,170254,5010
Land Rover,Range Rover Evoque,SUV,2020,6,Automatic,Petrol,1,99096,22000
Hyundai,Santa Fe,SUV,2024,2,Automatic,Petrol,1,48450,22680
Audi,Q5,SUV,2015,11,Manual,Petrol,4,162545,10960
Chevrolet,Silverado 1500,Truck,2023,3,Automatic,Diesel,1,50082,24160
Mercedes-Benz,C-Class,Sedan,2018,8,Automatic,Petrol,1,180070,16920
Volkswagen,Passat,Sedan,2013,13,Manual,Petrol,4,107439,5320
Ford,Mustang Mach-E,SUV,2023,3,Automatic,Electric,1,30815,29900
Kia,Sorento,SUV,2025,1,Automatic,Hybrid,1,16521,27700
Audi,Q7,SUV,2019,7,Automatic,Diesel,2,126168,23900
Tesla,Model X,SUV,2024,2,Automatic,Electric,1,36179,64030
Honda,City,Sedan,2023,3,Automatic,Petrol,2,51185,10870
Lexus,RX,SUV,2021,5,Manual,Petrol,1,58165,25680
Honda,Insight,Sedan,2023,3,Automatic,Petrol,2,31444,16090
Kia,Carnival,Minivan,2022,4,Automatic,Petrol,1,46683,21010
Hyundai,Elantra,Sedan,2023,3,Automatic,Petrol,1,47192,13690
Renault,Clio,Hatchback,2016,10,Automatic,Petrol,1,187635,3720
Fiat,500,Hatchback,2016,10,CVT,Petrol,2,125804,5900
Suzuki,Swift,Hatchback,2024,2,Automatic,Diesel,1,27011,10620
Honda,Odyssey,Minivan,2018,8,CVT,Petrol,3,143675,10430
Mazda,CX-5,SUV,2016,10,Automatic,Petrol,3,126086,8280
Toyota,Yaris Hatchback,Hatchback,2025,1,Manual,Petrol,1,8708,14220
Land Rover,Range Rover Evoque,SUV,2021,5,Automatic,Petrol,2,93720,23800
Jeep,Wrangler,SUV,2024,2,CVT,Petrol,1,24352,25860
Jeep,Wrangler,SUV,2026,0,Automatic,Petrol,1,500,32300
Hyundai,Ioniq 5,SUV,2018,8,Automatic,Electric,1,108663,15360
Kia,Sportage,SUV,2019,7,Automatic,Petrol,2,127098,11460
Ford,Mustang Mach-E,SUV,2025,1,Automatic,Electric,1,9316,34860
GMC,Terrain,SUV,2021,5,CVT,Petrol,1,124788,13200
BMW,X3,SUV,2024,2,Semi-Automatic,Petrol,1,19464,35280
Toyota,Highlander,SUV,2023,3,Manual,Petrol,1,57100,23140
BMW,X5,SUV,2018,8,Manual,Petrol,3,163006,19990
Audi,A5,Coupe,2023,3,Manual,Petrol,1,39480,28890
Nissan,Sentra,Sedan,2024,2,Semi-Automatic,Petrol,1,34275,14730
Honda,City,Sedan,2016,10,Automatic,Petrol,3,209028,3020
Ford,Mustang,Coupe,2021,5,Automatic,Petrol,2,109196,14550
Land Rover,Range Rover Sport,SUV,2018,8,CVT,Petrol,3,133303,27550
Chevrolet,Camaro,Coupe,2015,11,Automatic,Petrol,2,187153,7350
Mercedes-Benz,C-Class Coupe,Coupe,2020,6,Automatic,CNG,2,43841,22570
Toyota,Yaris Hatchback,Hatchback,2025,1,Automatic,Petrol,1,12454,13930
Chevrolet,Silverado 1500,Truck,2025,1,CVT,Petrol,1,12385,28800
Honda,Civic,Sedan,2023,3,Automatic,Petrol,2,55645,14270
Nissan,Leaf,Hatchback,2023,3,Automatic,Electric,1,41077,16890
Volkswagen,Jetta,Sedan,2021,5,Automatic,Diesel,2,127085,7880
Hyundai,Elantra,Sedan,2024,2,Automatic,Petrol,1,43947,14440
Audi,A4,Sedan,2025,1,Automatic,Hybrid,1,21687,34200
Chevrolet,Traverse,SUV,2023,3,Automatic,Diesel,2,48296,21550
GMC,Acadia,SUV,2018,8,Automatic,Diesel,3,87312,14270
Honda,Ridgeline,Truck,2021,5,Automatic,Petrol,2,71211,19320
Nissan,Leaf,Hatchback,2023,3,Automatic,Electric,1,49087,18690
BMW,5 Series,Sedan,2024,2,Automatic,Petrol,1,20974,41970
Jeep,Wrangler,SUV,2014,12,Manual,Petrol,5,172009,6600
Nissan,Murano,SUV,2025,1,Automatic,Petrol,1,22685,28450
Chevrolet,Traverse,SUV,2021,5,CVT,Diesel,2,100256,17410
Kia,EV6,SUV,2026,0,Automatic,Electric,1,500,38490
Toyota,Prius Prime,Hatchback,2021,5,Automatic,Hybrid,2,111664,14910
Audi,A5,Coupe,2022,4,Manual,Petrol,1,72095,25760
Nissan,Titan,Truck,2023,3,Manual,Diesel,2,78611,19710
Porsche,911,Coupe,2019,7,Automatic,Diesel,3,119263,40000
Volvo,XC90,SUV,2021,5,Manual,Petrol,2,127933,25840
Volvo,XC90,SUV,2016,10,Automatic,Petrol,1,204073,14580
Ford,Focus,Hatchback,2021,5,Semi-Automatic,Petrol,2,28798,10820
Volkswagen,ID.4,SUV,2022,4,Automatic,Electric,2,78955,21210
Land Rover,Range Rover Evoque,SUV,2023,3,Automatic,Petrol,2,39264,33010
Volkswagen,Jetta,Sedan,2021,5,Automatic,Petrol,1,62547,11990
Jeep,Compass,SUV,2018,8,Automatic,Petrol,2,108424,10530
Kia,Forte,Sedan,2024,2,Automatic,Petrol,1,25444,14810
Audi,A6,Sedan,2024,2,Automatic,Petrol,1,28798,41120
Volkswagen,Passat,Sedan,2024,2,Automatic,Petrol,1,45119,19070
Kia,Forte,Sedan,2021,5,Automatic,Petrol,1,95563,10460
Toyota,Sienna,Minivan,2021,5,Automatic,Diesel,2,42629,19280
Kia,Forte,Sedan,2017,9,Manual,CNG,4,131596,5780
Nissan,Altima,Sedan,2022,4,Automatic,Petrol,2,60182,15110
Volkswagen,Jetta,Sedan,2021,5,Automatic,Petrol,1,75959,11720
Chevrolet,Malibu,Sedan,2017,9,Automatic,Petrol,3,108483,7950
Nissan,Versa,Hatchback,2019,7,Semi-Automatic,Petrol,2,115389,6280
Nissan,Murano,SUV,2023,3,Automatic,Petrol,1,23073,22220
Mercedes-Benz,GLE,SUV,2022,4,CVT,Petrol,1,95796,35520
Volvo,XC60,SUV,2023,3,Automatic,Diesel,1,55887,27940
Land Rover,Range Rover Evoque,SUV,2022,4,Automatic,Petrol,1,64758,30450
BMW,3 Series,Sedan,2020,6,CVT,Petrol,1,71538,19990
Mercedes-Benz,E-Class,Sedan,2017,9,Automatic,Petrol,1,85337,19350
Kia,Carnival,Minivan,2019,7,Automatic,Petrol,1,150696,12330
Chevrolet,Camaro,Coupe,2017,9,Automatic,Petrol,2,102563,10740
Tesla,Model Y,SUV,2022,4,Automatic,Electric,2,73264,25110
Toyota,Prius Prime,Hatchback,2019,7,Automatic,Hybrid,2,43653,13400
Lexus,NX,SUV,2024,2,Manual,Petrol,1,13221,30010
Chevrolet,Camaro,Coupe,2023,3,Semi-Automatic,Petrol,1,51544,19600
Mazda,Mazda6,Sedan,2024,2,Automatic,Petrol,1,31921,19410
Kia,Sportage,SUV,2024,2,CVT,Petrol,1,33396,19880
Mini,Cooper,Hatchback,2022,4,Automatic,Petrol,1,50743,15640
Jeep,Wrangler,SUV,2023,3,Automatic,Petrol,1,25090,23690
Honda,Pilot,SUV,2024,2,Automatic,Petrol,1,49990,28910
BMW,3 Series,Sedan,2021,5,Automatic,Petrol,1,103366,21740
Ford,Escape,SUV,2023,3,Manual,Petrol,2,31817,16830
Fiat,500,Hatchback,2013,13,Automatic,Petrol,5,253637,1200
Mercedes-Benz,GLE,SUV,2023,3,Semi-Automatic,Petrol,2,27498,39650
Ford,Mustang Convertible,Convertible,2023,3,Manual,Petrol,1,54239,22990
Ford,Explorer,SUV,2023,3,Automatic,Petrol,1,48974,25020
Hyundai,Santa Fe,SUV,2025,1,Automatic,Hybrid,1,14929,30200
Kia,K5,Sedan,2021,5,Semi-Automatic,Petrol,1,44090,12590
Volvo,XC90,SUV,2020,6,Semi-Automatic,Petrol,2,76213,25750
Hyundai,i20,Hatchback,2020,6,Automatic,Diesel,1,65520,7500
Toyota,Camry,Sedan,2011,15,Automatic,Hybrid,4,191395,5070
Toyota,Camry,Sedan,2022,4,Automatic,Petrol,2,44234,16060
Honda,Ridgeline,Truck,2024,2,Automatic,Petrol,1,25813,28910
Nissan,Titan,Truck,2026,0,Manual,Petrol,1,500,32910
Toyota,GR86,Coupe,2021,5,CVT,Petrol,1,34184,15670
Volkswagen,Jetta,Sedan,2024,2,Automatic,Diesel,1,31964,15900
Toyota,Prius Prime,Hatchback,2015,11,CVT,Hybrid,3,149722,7890
Kia,Sorento,SUV,2023,3,Manual,Petrol,2,63035,18170
Chevrolet,Spark,Hatchback,2015,11,Automatic,Petrol,1,137050,4470
Chevrolet,Bolt EV,Hatchback,2021,5,Automatic,Electric,1,35633,13060
Hyundai,Elantra,Sedan,2016,10,Manual,Petrol,2,99554,6210
Land Rover,Range Rover Evoque,SUV,2022,4,Automatic,Petrol,1,51926,28280
Kia,Sportage,SUV,2021,5,Manual,Petrol,2,80555,12260
Toyota,Corolla,Sedan,2019,7,Manual,Diesel,3,56058,8450
Volkswagen,Jetta,Sedan,2017,9,Automatic,Diesel,4,163533,5400
GMC,Acadia,SUV,2022,4,Automatic,Petrol,2,81035,20080
Mercedes-Benz,E-Class,Sedan,2020,6,CVT,Petrol,3,74379,23940
Tesla,Model Y,SUV,2021,5,Automatic,Electric,1,60725,22080
Hyundai,Elantra,Sedan,2023,3,Automatic,Petrol,2,32212,13360
Ford,Explorer,SUV,2024,2,Automatic,Petrol,1,40741,27110
Audi,A4,Sedan,2025,1,Automatic,Diesel,1,10198,35490
Land Rover,Range Rover Sport,SUV,2011,15,Automatic,Petrol,5,358975,6230
Hyundai,Sonata,Sedan,2024,2,Automatic,Hybrid,1,24100,20550
Kia,Rio,Hatchback,2016,10,Automatic,Petrol,2,147054,4470
Audi,A5,Coupe,2025,1,Automatic,Diesel,1,13278,38860
Mercedes-Benz,C-Class Coupe,Coupe,2019,7,Automatic,Petrol,3,72641,20380
Ford,Fusion,Sedan,2021,5,Manual,Petrol,1,69423,11290
Chevrolet,Equinox,SUV,2022,4,Semi-Automatic,Petrol,2,69784,14940
Honda,Odyssey,Minivan,2022,4,Manual,Petrol,1,66903,18190
Ford,Explorer,SUV,2016,10,Manual,Petrol,1,207219,9180
Audi,A6,Sedan,2018,8,Automatic,Diesel,1,142965,19490
Chevrolet,Camaro,Coupe,2023,3,Semi-Automatic,Petrol,1,43914,22330
Hyundai,i20,Hatchback,2024,2,CVT,Petrol,1,44497,10760
Subaru,Outback,SUV,2021,5,Manual,Diesel,1,39217,14140
Toyota,Tundra,Truck,2016,10,Automatic,Petrol,1,231457,7700
Ford,Mustang Convertible,Convertible,2025,1,Semi-Automatic,CNG,1,20664,30950
Honda,City,Sedan,2026,0,Semi-Automatic,Diesel,1,500,16690
Toyota,Corolla,Sedan,2021,5,Automatic,Petrol,2,49213,12360
Jeep,Compass,SUV,2019,7,CVT,Hybrid,2,112669,11340
Kia,K5,Sedan,2020,6,CVT,Diesel,3,75220,10690
Tesla,Model X,SUV,2024,2,Automatic,Electric,1,27898,62800
BMW,5 Series,Sedan,2022,4,Automatic,Petrol,2,31663,33690
Ford,Fusion,Sedan,2018,8,Automatic,Petrol,2,155835,7410
Hyundai,Santa Fe,SUV,2021,5,Manual,CNG,1,36141,14760
Lexus,IS,Sedan,2016,10,Automatic,Hybrid,3,173869,10480
Mercedes-Benz,C-Class,Sedan,2014,12,Automatic,Diesel,2,89731,10630
Tesla,Model 3,Sedan,2021,5,Automatic,Electric,2,75568,20100
Volkswagen,ID.4,SUV,2024,2,Automatic,Electric,1,33424,28270
Toyota,Sienna,Minivan,2024,2,Automatic,Petrol,1,29964,27460
Jeep,Wrangler,SUV,2022,4,Automatic,Petrol,1,43473,21380
Hyundai,Elantra,Sedan,2020,6,Semi-Automatic,Petrol,1,88675,11090
Hyundai,i20,Hatchback,2018,8,Automatic,Petrol,3,165745,3930
Kia,EV6,SUV,2023,3,Automatic,Electric,2,30490,26970
Toyota,Tacoma,Truck,2023,3,Automatic,Hybrid,1,44713,22080
Chevrolet,Bolt EV,Hatchback,2024,2,Automatic,Electric,1,25914,19320
Mini,Cooper Convertible,Convertible,2020,6,Automatic,CNG,1,93841,13030
Chevrolet,Malibu,Sedan,2016,10,Automatic,Petrol,4,84328,6470
GMC,Acadia,SUV,2020,6,Manual,Petrol,2,127809,14910
Honda,Accord,Sedan,2017,9,Semi-Automatic,Diesel,3,230584,7200
Ford,F-150,Truck,2017,9,Automatic,Petrol,2,146731,12060
Volkswagen,Passat,Sedan,2022,4,Automatic,Diesel,2,85327,14210
Mazda,Mazda3,Sedan,2024,2,Manual,Petrol,1,30429,15010
Tesla,Model X,SUV,2023,3,Automatic,Electric,1,43221,56630
Nissan,Sentra,Sedan,2024,2,CVT,Diesel,1,20439,15370
Chevrolet,Equinox,SUV,2017,9,Automatic,Petrol,4,86390,8360
Tesla,Model Y,SUV,2025,1,Automatic,Electric,1,8464,36610
Kia,K5,Sedan,2021,5,Automatic,Diesel,1,94072,11870
Ram,1500,Truck,2023,3,Manual,Petrol,2,47283,22670
Hyundai,Sonata,Sedan,2022,4,Automatic,Petrol,2,70591,13560
Kia,EV6,SUV,2020,6,Automatic,Electric,2,153799,16930
Kia,Forte,Sedan,2022,4,Automatic,Diesel,2,29458,12410
Peugeot,208,Hatchback,2024,2,CVT,Petrol,1,21120,14940
Volkswagen,ID.4,SUV,2019,7,Automatic,Electric,1,65695,16060
BMW,X5,SUV,2021,5,Automatic,CNG,2,49410,30850
Renault,Clio,Hatchback,2013,13,Automatic,Petrol,5,116303,4180
Mazda,Mazda3,Sedan,2025,1,Automatic,Petrol,1,9004,17670
BMW,5 Series,Sedan,2021,5,Manual,Hybrid,1,62934,31910
Ford,Mustang Mach-E,SUV,2021,5,Automatic,Electric,1,38209,22030
Audi,Q7,SUV,2018,8,CVT,Petrol,3,98678,22140
Audi,Q7,SUV,2021,5,Automatic,Petrol,2,58745,32310
Volkswagen,Atlas,SUV,2019,7,Automatic,Diesel,2,126137,13550
Hyundai,Ioniq 5,SUV,2023,3,Automatic,Electric,2,54956,26950
Ford,Explorer,SUV,2017,9,Automatic,Petrol,2,90729,13030
Kia,EV6,SUV,2026,0,Automatic,Electric,1,500,40880
Porsche,911,Coupe,2014,12,Manual,Petrol,1,168921,27320
Nissan,Sentra,Sedan,2019,7,Automatic,Petrol,1,104484,8060
Mercedes-Benz,E-Class,Sedan,2016,10,CVT,Petrol,1,224520,15390
Mercedes-Benz,C-Class Coupe,Coupe,2021,5,Manual,Petrol,2,67634,24550
Land Rover,Range Rover Evoque,SUV,2023,3,Manual,Petrol,2,47947,27720
GMC,Sierra 1500,Truck,2024,2,Automatic,Petrol,1,27347,27020
Ford,F-150,Truck,2025,1,Automatic,Petrol,1,19128,30360
Audi,Q7,SUV,2015,11,Manual,Petrol,4,134461,15040
Volkswagen,Atlas,SUV,2020,6,Automatic,CNG,2,59441,16780
Ford,Escape,SUV,2026,0,Automatic,Petrol,1,500,27810
Nissan,Altima,Sedan,2023,3,Automatic,Petrol,1,46053,18030
Chevrolet,Traverse,SUV,2024,2,Automatic,Petrol,1,17608,28460
Nissan,Leaf,Hatchback,2022,4,Automatic,Electric,1,56006,16950
Honda,CR-V,SUV,2015,11,Manual,Petrol,2,142293,8340
Honda,CR-V,SUV,2024,2,Semi-Automatic,Hybrid,1,28859,22780
Volkswagen,Golf,Hatchback,2025,1,CVT,Hybrid,1,8105,22120
Nissan,Leaf,Hatchback,2026,0,Automatic,Electric,1,500,24290
Renault,Clio,Hatchback,2019,7,Automatic,Petrol,3,83422,7880
Audi,A4,Sedan,2019,7,Automatic,Petrol,3,100229,16930
Volkswagen,Passat,Sedan,2023,3,Automatic,Petrol,2,26040,15890
Jeep,Compass,SUV,2021,5,CVT,Petrol,1,85186,14400
Nissan,Leaf,Hatchback,2016,10,Automatic,Electric,1,147334,7830
Chevrolet,Equinox,SUV,2024,2,CVT,Petrol,1,32904,18550
Nissan,Murano,SUV,2021,5,CVT,Petrol,2,88072,17800
Mini,Cooper Convertible,Convertible,2023,3,Automatic,Petrol,2,51010,18750
Volkswagen,Atlas,SUV,2012,14,Automatic,Diesel,3,182491,7070
Peugeot,208,Hatchback,2023,3,CVT,Diesel,1,40440,12740
Toyota,Highlander,SUV,2026,0,CVT,Hybrid,1,500,38470
Ford,Focus,Hatchback,2020,6,Automatic,Petrol,1,138224,8510
Nissan,Altima,Sedan,2022,4,Manual,Petrol,1,54596,14880
Chevrolet,Equinox,SUV,2021,5,Semi-Automatic,Petrol,2,112889,13180
Honda,Odyssey,Minivan,2020,6,CVT,Petrol,1,72698,17200
Ford,Escape,SUV,2025,1,CVT,Petrol,1,13185,24090
Lexus,IS,Sedan,2020,6,Automatic,Diesel,3,45964,16570
Volkswagen,Passat,Sedan,2021,5,Automatic,Petrol,1,81977,13540
Mercedes-Benz,GLC,SUV,2024,2,Manual,Diesel,1,37194,31480
Ram,1500,Truck,2024,2,Automatic,Petrol,1,27546,28920
Subaru,Forester,SUV,2023,3,Manual,Petrol,1,41530,16660
Mazda,CX-5,SUV,2024,2,Automatic,Petrol,1,41769,22020
Tesla,Model X,SUV,2023,3,Automatic,Electric,1,43818,54860
Audi,A4,Sedan,2017,9,Manual,Hybrid,1,113930,14130
GMC,Sierra 1500,Truck,2018,8,Semi-Automatic,Petrol,3,93903,14180
Toyota,Tundra,Truck,2021,5,Manual,Petrol,1,74413,19020
Hyundai,i20,Hatchback,2021,5,Semi-Automatic,Petrol,1,52588,8380
Lexus,ES,Sedan,2024,2,Automatic,Petrol,1,30938,31190
Subaru,Legacy,Sedan,2017,9,Manual,Petrol,2,144833,6490
Kia,Carnival,Minivan,2024,2,Semi-Automatic,Petrol,1,32952,24030
Toyota,Prius Prime,Hatchback,2021,5,Manual,Hybrid,2,73872,14560
Hyundai,Veloster,Coupe,2019,7,CVT,Diesel,2,85708,9240
BMW,Z4,Convertible,2025,1,CVT,Diesel,1,10150,43020
Chevrolet,Bolt EV,Hatchback,2023,3,Automatic,Electric,2,37019,16810
Volkswagen,ID.4,SUV,2025,1,Automatic,Electric,1,11796,32460
Nissan,Titan,Truck,2021,5,Automatic,Petrol,1,60561,20860
Volkswagen,Jetta,Sedan,2025,1,Automatic,Petrol,1,6768,17120
Chevrolet,Malibu,Sedan,2013,13,CVT,Hybrid,4,207259,4620
Volkswagen,Passat,Sedan,2025,1,Automatic,Petrol,1,10349,20780
Mazda,MX-5 Miata,Convertible,2014,12,Manual,Hybrid,2,275602,3920
Ford,Explorer,SUV,2019,7,Automatic,Petrol,2,128040,14340
Honda,Odyssey,Minivan,2023,3,Automatic,Petrol,2,33940,23460
BMW,3 Series,Sedan,2024,2,Automatic,Petrol,1,29851,34260
Kia,Forte,Sedan,2026,0,Manual,Diesel,1,500,18630
Tesla,Model Y,SUV,2025,1,Automatic,Electric,1,8454,35080
Nissan,Murano,SUV,2024,2,Manual,Petrol,1,15644,23470
Mazda,CX-9,SUV,2022,4,Automatic,Hybrid,1,59717,23370
Kia,Sportage,SUV,2022,4,Semi-Automatic,Diesel,1,38116,17410
Mazda,Mazda6,Sedan,2016,10,Automatic,Petrol,1,133651,7700
Ford,F-150,Truck,2013,13,CVT,Petrol,5,275445,4080
Kia,Forte,Sedan,2018,8,Automatic,Petrol,2,98463,7890
Mazda,Mazda6,Sedan,2021,5,CVT,Petrol,1,53325,13690
Nissan,Altima,Sedan,2018,8,CVT,Petrol,2,82138,8990
Mercedes-Benz,E-Class,Sedan,2026,0,Automatic,Petrol,1,500,52300
Mercedes-Benz,C-Class Coupe,Coupe,2025,1,Automatic,Petrol,1,7068,40580
Ford,Focus,Hatchback,2017,9,Semi-Automatic,Petrol,3,119617,7180
Audi,A6,Sedan,2026,0,Automatic,Petrol,1,500,54410
Hyundai,Tucson,SUV,2020,6,Automatic,Petrol,2,76318,13500
Tesla,Model Y,SUV,2014,12,Automatic,Electric,3,286817,6480
Kia,Forte,Sedan,2019,7,CVT,Petrol,2,41646,8090
Toyota,Highlander,SUV,2024,2,Automatic,Petrol,1,35070,26200
GMC,Sierra 1500,Truck,2018,8,Automatic,Petrol,3,91385,13920
Suzuki,Swift,Hatchback,2019,7,Automatic,Petrol,3,83554,6260
Kia,Carnival,Minivan,2020,6,Manual,Petrol,2,105643,14220
Toyota,Tundra,Truck,2022,4,Automatic,Petrol,1,65035,22780
Ford,Explorer,SUV,2021,5,Automatic,Hybrid,1,75748,21940
Hyundai,Santa Fe,SUV,2013,13,Manual,Petrol,5,215499,4050
Toyota,Corolla,Sedan,2023,3,CVT,Petrol,2,75036,12750
Subaru,Forester,SUV,2024,2,Automatic,Diesel,1,34412,20060
Nissan,Titan,Truck,2015,11,Automatic,Petrol,1,146257,10370
Toyota,Prius Prime,Hatchback,2015,11,CVT,Petrol,1,297426,1980
Chevrolet,Spark,Hatchback,2017,9,Automatic,Hybrid,1,237723,1200
Ford,Mustang Convertible,Convertible,2016,10,CVT,Petrol,2,145527,10260
Audi,A6,Sedan,2021,5,Automatic,Petrol,2,69567,30580
Ford,Explorer,SUV,2022,4,Automatic,Petrol,1,77774,21320
Audi,A4,Sedan,2015,11,Automatic,Petrol,2,186347,10610
Mazda,CX-9,SUV,2025,1,Automatic,Petrol,1,8000,30950
Subaru,Legacy,Sedan,2015,11,Automatic,Petrol,2,99623,6880
Toyota,Highlander,SUV,2021,5,Manual,Petrol,2,61154,19190
Fiat,500,Hatchback,2021,5,Automatic,Diesel,2,91000,8270
Kia,Sportage,SUV,2025,1,Automatic,Petrol,1,14488,23310
Mini,Cooper,Hatchback,2021,5,Automatic,Petrol,1,54861,13570
Hyundai,Santa Fe,SUV,2021,5,Automatic,Petrol,2,51122,16060
Kia,K5,Sedan,2020,6,CVT,Petrol,3,79462,10300
Tesla,Model Y,SUV,2019,7,Automatic,Electric,1,79302,18270
Toyota,Yaris Hatchback,Hatchback,2020,6,Automatic,Petrol,1,98443,7540
Mini,Cooper,Hatchback,2023,3,Automatic,Diesel,1,46102,16500
Honda,Odyssey,Minivan,2025,1,Automatic,Petrol,1,25371,29430
GMC,Terrain,SUV,2020,6,Manual,Petrol,3,118957,12740
BMW,5 Series,Sedan,2023,3,Automatic,Petrol,1,67379,37420
Kia,Rio,Hatchback,2021,5,Manual,Petrol,1,88896,7820
BMW,X3,SUV,2016,10,Automatic,Petrol,1,134912,13970
Chevrolet,Malibu,Sedan,2019,7,Manual,Petrol,1,156841,7440
Toyota,Prius Prime,Hatchback,2025,1,Automatic,Petrol,1,12380,24290
Jeep,Compass,SUV,2019,7,Automatic,Petrol,1,75184,11990
Toyota,Camry,Sedan,2019,7,Automatic,Petrol,2,104987,10480
Ford,Explorer,SUV,2023,3,Manual,CNG,2,38280,20730
Tesla,Model 3,Sedan,2023,3,Automatic,Electric,2,55107,22950
Kia,Sorento,SUV,2023,3,Automatic,Petrol,1,32578,21740
Ford,Explorer,SUV,2024,2,CVT,Diesel,1,21118,27300
Honda,Pilot,SUV,2019,7,Automatic,Petrol,3,123003,15320
Ford,Mustang Convertible,Convertible,2016,10,Automatic,Diesel,4,87844,10310
Volkswagen,Jetta,Sedan,2025,1,Manual,Petrol,1,24370,17140
Toyota,Tacoma,Truck,2018,8,Automatic,Petrol,3,71830,11760
Land Rover,Range Rover Sport,SUV,2024,2,CVT,Petrol,1,34114,57870
Audi,A5,Coupe,2024,2,Automatic,Petrol,1,23302,35330
Ford,Focus,Hatchback,2022,4,CVT,Diesel,2,54847,10480
Land Rover,Range Rover Evoque,SUV,2024,2,CVT,Petrol,1,28747,36900
Ford,Focus,Hatchback,2022,4,CVT,Petrol,2,43429,11570
GMC,Sierra 1500,Truck,2016,10,Manual,Petrol,1,138613,11280
Chevrolet,Camaro Convertible,Convertible,2018,8,Manual,Petrol,2,144789,12460
Mini,Cooper Convertible,Convertible,2019,7,Automatic,Petrol,3,134180,12140
Land Rover,Range Rover Sport,SUV,2017,9,Manual,Petrol,4,70776,22110
Honda,Odyssey,Minivan,2025,1,Automatic,Petrol,1,12739,30840
Toyota,RAV4,SUV,2020,6,Automatic,Petrol,1,59435,15410
Nissan,370Z,Coupe,2021,5,Manual,Diesel,2,69515,16750
Audi,A6,Sedan,2019,7,Automatic,Petrol,2,78324,24310
Nissan,Murano,SUV,2020,6,Automatic,Diesel,2,104720,15910
Chrysler,Pacifica,Minivan,2020,6,Automatic,Diesel,1,61490,17930
Hyundai,Veloster,Coupe,2020,6,Manual,Petrol,3,108470,7970
Renault,Clio,Hatchback,2020,6,Automatic,CNG,1,74714,8560
Ford,Focus,Hatchback,2018,8,Automatic,Petrol,3,163892,5090
Honda,City,Sedan,2020,6,Manual,Diesel,1,69903,7440
Toyota,Tundra,Truck,2022,4,Automatic,Petrol,1,81652,22120
Hyundai,Elantra,Sedan,2024,2,Automatic,Diesel,1,25892,16430
Honda,Accord,Sedan,2021,5,Automatic,Petrol,2,68133,15260
Land Rover,Range Rover Sport,SUV,2019,7,Manual,Hybrid,1,42589,36260
Fiat,500,Hatchback,2015,11,Manual,Petrol,3,236696,1330
Hyundai,Elantra,Sedan,2018,8,Automatic,Diesel,3,97109,7610
Tesla,Model S,Sedan,2025,1,Automatic,Electric,1,13627,56590
Lexus,ES,Sedan,2023,3,CVT,Petrol,2,62561,24520
Toyota,GR86,Coupe,2015,11,Automatic,Petrol,4,101091,8020
Nissan,Versa,Hatchback,2019,7,Manual,Hybrid,1,83565,7040
Tesla,Model 3,Sedan,2020,6,Automatic,Electric,3,86532,17800
Hyundai,Santa Fe,SUV,2020,6,Automatic,Petrol,2,94081,15280
Honda,Odyssey,Minivan,2022,4,Automatic,Petrol,1,79277,20300
Nissan,Murano,SUV,2022,4,CVT,Petrol,2,37044,20540
Honda,Fit,Hatchback,2024,2,CVT,Petrol,1,38380,12950
Ford,Explorer,SUV,2020,6,Semi-Automatic,Petrol,1,144286,17300
Honda,Odyssey,Minivan,2023,3,Automatic,Petrol,1,40744,22150
Chevrolet,Spark,Hatchback,2025,1,Automatic,Petrol,1,13132,12630
Audi,A6,Sedan,2021,5,Manual,Petrol,1,87063,27190
Porsche,911,Coupe,2025,1,CVT,Petrol,1,14813,87420
BMW,X3,SUV,2024,2,CVT,Petrol,1,17361,32310
Ram,1500,Truck,2015,11,CVT,Petrol,4,84965,9010
Hyundai,Ioniq 5,SUV,2024,2,Automatic,Electric,1,41625,28650
Hyundai,Sonata,Sedan,2014,12,Automatic,Hybrid,5,152086,5870
Jeep,Compass,SUV,2021,5,CVT,Petrol,2,29597,14320
BMW,Z4,Convertible,2020,6,Automatic,Hybrid,1,120223,25750
Volkswagen,Passat,Sedan,2018,8,Automatic,Petrol,1,107484,9380
Lexus,RX,SUV,2021,5,Automatic,Petrol,2,88862,26250
Tesla,Model S,Sedan,2025,1,Automatic,Electric,1,13081,54490
Lexus,RX,SUV,2020,6,Automatic,Petrol,1,103292,24450
Chevrolet,Camaro Convertible,Convertible,2025,1,CVT,Petrol,1,15045,30330
Chevrolet,Camaro Convertible,Convertible,2023,3,Automatic,Diesel,1,39121,26030
Kia,Forte,Sedan,2013,13,Automatic,Petrol,3,183063,4130
Mercedes-Benz,C-Class,Sedan,2016,10,Automatic,Petrol,4,88945,13790
Hyundai,i20,Hatchback,2021,5,CVT,Hybrid,2,83914,7950
Ram,1500,Truck,2015,11,Automatic,CNG,1,89322,10490
Chevrolet,Traverse,SUV,2022,4,Manual,Petrol,2,56954,18750
Nissan,Altima,Sedan,2018,8,Automatic,Petrol,1,83553,10860
Mazda,Mazda6,Sedan,2025,1,Automatic,Hybrid,1,14174,22640
BMW,5 Series,Sedan,2014,12,Automatic,Petrol,4,133794,14180
Ford,Escape,SUV,2015,11,Automatic,Hybrid,3,122330,7800
BMW,3 Series,Sedan,2018,8,CVT,Petrol,3,141678,15410
Nissan,370Z,Coupe,2025,1,Automatic,Hybrid,1,24859,30730
Chevrolet,Camaro,Coupe,2020,6,Automatic,Diesel,3,72638,12960
Kia,Sportage,SUV,2021,5,CVT,Diesel,1,112220,11710
Ford,Focus,Hatchback,2025,1,CVT,Petrol,1,13894,17150
Honda,City,Sedan,2026,0,Automatic,Diesel,1,500,16730
Ford,Mustang Convertible,Convertible,2023,3,Automatic,Petrol,1,81494,25520
Audi,Q7,SUV,2023,3,Manual,Petrol,2,43303,34250
Jeep,Wrangler,SUV,2020,6,Automatic,CNG,3,58416,14470
Kia,K5,Sedan,2021,5,Manual,Petrol,1,115583,10470
Ford,Fusion,Sedan,2019,7,Semi-Automatic,Diesel,3,108480,8960
Honda,Accord,Sedan,2022,4,Automatic,Petrol,1,30748,16160
Volkswagen,Atlas,SUV,2023,3,Automatic,Petrol,2,22633,22670
Lexus,ES,Sedan,2018,8,Automatic,Petrol,1,119696,16480
Nissan,Altima,Sedan,2016,10,Manual,Petrol,1,78087,8270
BMW,X5,SUV,2016,10,Automatic,Petrol,1,91152,21640
Fiat,500,Hatchback,2013,13,Automatic,Hybrid,4,214398,2460
Toyota,RAV4,SUV,2020,6,Automatic,Hybrid,3,89088,14660
Jeep,Compass,SUV,2017,9,CVT,Petrol,2,111519,10050
Toyota,Prius Prime,Hatchback,2026,0,Automatic,Hybrid,1,500,31200
Toyota,Camry,Sedan,2013,13,Automatic,Petrol,1,227628,4380
Mercedes-Benz,GLE,SUV,2015,11,Automatic,Diesel,1,191599,15650
Toyota,Yaris,Sedan,2021,5,Automatic,Petrol,2,74081,8480
Ford,Explorer,SUV,2025,1,Automatic,Petrol,1,18764,32770
Kia,Forte,Sedan,2014,12,Automatic,Petrol,5,224215,3030
Toyota,Prius,Hatchback,2025,1,Automatic,Hybrid,1,13053,23150
Ford,F-150,Truck,2015,11,Automatic,Petrol,2,156486,9830
Mini,Cooper,Hatchback,2015,11,Manual,Petrol,1,147556,7310
Nissan,370Z,Coupe,2020,6,Automatic,Petrol,1,69113,17580
Mercedes-Benz,C-Class,Sedan,2019,7,Automatic,Petrol,2,121868,17860
Lexus,IS,Sedan,2024,2,Manual,Petrol,1,35599,26080
Tesla,Model Y,SUV,2019,7,Automatic,Electric,3,101978,18580
Mazda,Mazda3,Sedan,2018,8,Automatic,Petrol,3,53996,8810
Chevrolet,Camaro,Coupe,2023,3,Automatic,CNG,1,40292,18740
Honda,Odyssey,Minivan,2013,13,Automatic,Petrol,5,153200,7420
Chrysler,Pacifica,Minivan,2022,4,CVT,Hybrid,1,51866,23160
Tesla,Model X,SUV,2022,4,Automatic,Electric,1,61334,49830
Chevrolet,Traverse,SUV,2020,6,Automatic,Petrol,2,46436,16750
Renault,Clio,Hatchback,2023,3,Automatic,Petrol,2,32280,12200
Nissan,Leaf,Hatchback,2024,2,Automatic,Electric,1,27424,20390
Tesla,Model S,Sedan,2014,12,Automatic,Electric,5,162483,15700
Toyota,Tacoma,Truck,2018,8,Automatic,Hybrid,3,170286,8500
Honda,Fit,Hatchback,2019,7,CVT,Diesel,3,125229,5880
Honda,Fit,Hatchback,2013,13,Manual,Hybrid,3,348207,1200
Audi,Q5,SUV,2014,12,Automatic,Petrol,1,170255,12250
Mercedes-Benz,GLE,SUV,2012,14,Automatic,Petrol,3,178104,11840
Suzuki,Swift,Hatchback,2022,4,Manual,Petrol,2,91755,6450
Honda,Fit,Hatchback,2011,15,Automatic,Petrol,3,268788,1200
Kia,Forte,Sedan,2024,2,CVT,Petrol,1,22893,15150
Tesla,Model X,SUV,2015,11,Automatic,Electric,3,200882,20030
Honda,Odyssey,Minivan,2022,4,Automatic,Hybrid,2,56436,22480
BMW,3 Series,Sedan,2020,6,Manual,Petrol,1,64943,21930
Kia,Rio,Hatchback,2023,3,Automatic,Petrol,1,72753,10440
Audi,A5,Coupe,2022,4,Automatic,Diesel,2,62890,26780
Chevrolet,Camaro,Coupe,2021,5,Automatic,Diesel,2,68217,16290
Volkswagen,Passat,Sedan,2023,3,Automatic,Hybrid,1,53606,17320
Volkswagen,ID.4,SUV,2021,5,Automatic,Electric,2,102434,18650
Toyota,Tundra,Truck,2014,12,CVT,CNG,1,185077,7950
Volkswagen,ID.4,SUV,2021,5,Automatic,Electric,2,57576,18800
Honda,Insight,Sedan,2015,11,CVT,Hybrid,3,247247,2280
Ford,Escape,SUV,2012,14,Automatic,Petrol,1,93733,5730
Renault,Clio,Hatchback,2017,9,Automatic,Petrol,2,57689,6790
Chevrolet,Malibu,Sedan,2022,4,Automatic,Diesel,1,42250,14180
Honda,Pilot,SUV,2018,8,Automatic,Petrol,1,94314,16150
Volkswagen,Tiguan,SUV,2019,7,Automatic,Diesel,3,118476,10190
Audi,A4,Sedan,2017,9,Manual,Petrol,2,112986,12750
Nissan,Murano,SUV,2017,9,Manual,Diesel,2,123618,10930
Nissan,Altima,Sedan,2025,1,Automatic,Petrol,1,7125,20120
BMW,X3,SUV,2024,2,CVT,Diesel,1,20031,34130
Tesla,Model Y,SUV,2023,3,Automatic,Electric,1,68958,28590
BMW,4 Series,Coupe,2023,3,Automatic,Diesel,2,36775,30020
Toyota,Yaris,Sedan,2024,2,Semi-Automatic,CNG,1,38487,10690
Mercedes-Benz,C-Class,Sedan,2016,10,Semi-Automatic,Petrol,2,191205,11070
Nissan,Rogue,SUV,2020,6,CVT,Petrol,2,76412,14140
Toyota,Sienna,Minivan,2023,3,CVT,Diesel,1,36401,22260
Honda,Fit,Hatchback,2023,3,Manual,Petrol,2,58913,10540
Volkswagen,Golf,Hatchback,2019,7,Automatic,Diesel,3,139598,8350
Nissan,Murano,SUV,2023,3,Automatic,Petrol,2,24348,23750
Nissan,Titan,Truck,2012,14,Automatic,Petrol,3,144354,7030
Honda,Accord,Sedan,2020,6,Manual,Petrol,2,71614,12610
Lexus,ES,Sedan,2017,9,CVT,Petrol,1,100556,14950
GMC,Sierra 1500,Truck,2019,7,Automatic,Petrol,1,117241,15580
Chevrolet,Silverado 1500,Truck,2019,7,Automatic,Petrol,2,89742,15300
Ford,Mustang Mach-E,SUV,2025,1,Automatic,Electric,1,11721,37450
Nissan,370Z,Coupe,2020,6,Automatic,Petrol,3,79329,16320
Chevrolet,Camaro,Coupe,2019,7,CVT,Petrol,1,48398,13120
BMW,X5,SUV,2020,6,Manual,Petrol,1,49668,28950
Honda,Civic,Sedan,2022,4,Automatic,Diesel,2,58639,13430
Toyota,Camry,Sedan,2021,5,Semi-Automatic,Petrol,2,70208,14700
Volvo,XC90,SUV,2014,12,Automatic,Petrol,4,196005,11260
Chevrolet,Bolt EV,Hatchback,2026,0,Automatic,Electric,1,500,25100
Suzuki,Swift,Hatchback,2013,13,Manual,Petrol,4,167594,3140
Ford,Explorer,SUV,2019,7,Automatic,Petrol,3,59956,16000
Subaru,Outback,SUV,2023,3,Automatic,Petrol,1,60193,19120
Lexus,RX,SUV,2022,4,Manual,Diesel,2,51378,25170
Volkswagen,ID.4,SUV,2023,3,Automatic,Electric,1,29934,25800
Chevrolet,Traverse,SUV,2023,3,Manual,Petrol,1,73911,21900
Lexus,NX,SUV,2023,3,CVT,Hybrid,1,20308,28480
Mazda,CX-9,SUV,2020,6,Automatic,Diesel,3,125896,13420
Mercedes-Benz,E-Class,Sedan,2016,10,Automatic,Petrol,4,120144,15480
Toyota,RAV4,SUV,2022,4,CVT,Hybrid,2,78232,17100
Chevrolet,Bolt EV,Hatchback,2025,1,Automatic,Electric,1,7790,21900
BMW,5 Series,Sedan,2025,1,Automatic,Diesel,1,12559,42900
Porsche,911,Coupe,2022,4,Automatic,Hybrid,2,63765,66630
Tesla,Model X,SUV,2026,0,Automatic,Electric,1,500,76090
BMW,4 Series,Coupe,2023,3,Automatic,Petrol,2,31148,31680
Hyundai,Elantra,Sedan,2024,2,Automatic,Hybrid,1,24398,15990
Subaru,Forester,SUV,2024,2,Automatic,Petrol,1,14464,20670
Toyota,GR86,Coupe,2018,8,Manual,Petrol,3,90880,10300
BMW,4 Series,Coupe,2016,10,Automatic,Diesel,4,236369,10400
Nissan,Titan,Truck,2023,3,Automatic,CNG,2,49789,19790
Ford,Focus,Hatchback,2022,4,Manual,Petrol,1,54074,11520
Lexus,ES,Sedan,2016,10,Automatic,Petrol,2,79079,12500
BMW,3 Series,Sedan,2020,6,Automatic,Petrol,1,88845,20560
Subaru,Outback,SUV,2024,2,Manual,Petrol,1,31433,20620
Mini,Cooper Convertible,Convertible,2018,8,Manual,Petrol,2,112586,10480
Volkswagen,Jetta,Sedan,2023,3,Automatic,Hybrid,2,39719,15450
Toyota,Sienna,Minivan,2023,3,Automatic,Petrol,1,72192,24680
Honda,Accord,Sedan,2013,13,Manual,Petrol,2,207280,5470
Tesla,Model S,Sedan,2016,10,Automatic,Electric,4,232705,16100
Volkswagen,Atlas,SUV,2025,1,Automatic,Petrol,1,12277,30760
Kia,Sportage,SUV,2020,6,Manual,Petrol,2,117520,10780
Volvo,XC60,SUV,2022,4,Automatic,Diesel,2,89709,23410
Toyota,Yaris Hatchback,Hatchback,2018,8,Automatic,Petrol,1,96467,6540
Subaru,Forester,SUV,2019,7,Automatic,CNG,3,131521,9750
Volkswagen,ID.4,SUV,2016,10,Automatic,Electric,4,76749,10630
Mazda,Mazda6,Sedan,2023,3,Manual,Petrol,2,28102,15640
Audi,A6,Sedan,2014,12,CVT,Petrol,3,147461,14470
Mercedes-Benz,C-Class,Sedan,2022,4,Automatic,Petrol,2,53480,28030
Honda,Insight,Sedan,2019,7,Manual,Hybrid,1,65373,11210
Renault,Clio,Hatchback,2021,5,Automatic,Petrol,2,44354,10200
Chevrolet,Camaro,Coupe,2022,4,Automatic,Petrol,2,50787,19510
Chevrolet,Traverse,SUV,2024,2,Manual,Petrol,1,22078,25500
Audi,A4,Sedan,2024,2,Automatic,Petrol,1,18180,31820
Honda,Civic,Sedan,2015,11,Automatic,Petrol,2,118398,6890
Jeep,Wrangler,SUV,2023,3,Automatic,Petrol,2,27584,22830
Audi,A6,Sedan,2019,7,Manual,Diesel,1,59767,22940
Toyota,Tundra,Truck,2024,2,Automatic,Petrol,1,23608,29370
Chevrolet,Bolt EV,Hatchback,2019,7,Automatic,Electric,1,75684,11670
Audi,A6,Sedan,2023,3,Automatic,Diesel,1,52018,36310
Jeep,Grand Cherokee,SUV,2018,8,Automatic,Petrol,1,96124,16940
BMW,Z4,Convertible,2026,0,CVT,Petrol,1,500,50920
Mazda,CX-9,SUV,2023,3,Automatic,Petrol,2,39659,24620
Chevrolet,Malibu,Sedan,2024,2,Manual,Petrol,1,14582,16660
Lexus,IS,Sedan,2025,1,Automatic,Petrol,1,8660,32140
Volkswagen,Tiguan,SUV,2020,6,CVT,Hybrid,3,74694,13980
Jeep,Wrangler,SUV,2020,6,Automatic,Petrol,3,67440,14810
Land Rover,Range Rover Evoque,SUV,2022,4,Automatic,Petrol,2,42479,27130
Skoda,Octavia,Sedan,2024,2,Automatic,Diesel,1,14996,18580
Suzuki,Swift,Hatchback,2023,3,Automatic,Petrol,1,60325,10220
Audi,A4,Sedan,2020,6,Automatic,Petrol,1,86050,21040
Toyota,Yaris Hatchback,Hatchback,2020,6,Automatic,Diesel,1,112356,7030
Honda,City,Sedan,2015,11,Automatic,Petrol,1,177484,3630
BMW,Z4,Convertible,2022,4,Automatic,Diesel,1,48861,32680
Lexus,IS,Sedan,2024,2,Automatic,Petrol,1,24379,30800
Volkswagen,Golf,Hatchback,2018,8,Automatic,Petrol,3,150682,7810
Nissan,370Z,Coupe,2021,5,Semi-Automatic,Petrol,2,31879,19190
Audi,A4,Sedan,2021,5,CVT,Petrol,1,115173,19930
GMC,Acadia,SUV,2021,5,Automatic,Petrol,1,69190,19210
Toyota,GR86,Coupe,2024,2,Manual,Petrol,1,50043,20110
Tesla,Model Y,SUV,2022,4,Automatic,Electric,1,55558,25860
Renault,Clio,Hatchback,2016,10,Automatic,Petrol,2,99514,6170
Ford,Mustang Convertible,Convertible,2024,2,Automatic,Petrol,1,30623,27890
Nissan,Versa,Hatchback,2020,6,Automatic,Petrol,2,33425,7960
Volkswagen,Atlas,SUV,2020,6,Automatic,Petrol,3,59708,17400
BMW,X3,SUV,2021,5,Automatic,Diesel,2,92523,23950
Audi,Q5,SUV,2022,4,Automatic,Diesel,1,40654,27580
Kia,Carnival,Minivan,2013,13,Automatic,Petrol,1,328567,3920
Chevrolet,Traverse,SUV,2015,11,Automatic,Petrol,1,149126,10480
Chevrolet,Camaro Convertible,Convertible,2021,5,Automatic,Petrol,1,115805,20540
Land Rover,Range Rover Evoque,SUV,2021,5,Automatic,Petrol,1,70363,28100
Kia,Sorento,SUV,2024,2,Automatic,Hybrid,1,40877,26270
GMC,Terrain,SUV,2015,11,Automatic,Petrol,3,98856,8320
Audi,Q7,SUV,2023,3,CVT,Petrol,2,45890,34770
Chevrolet,Malibu,Sedan,2016,10,Automatic,Petrol,1,103229,8110
Hyundai,Elantra,Sedan,2023,3,CVT,Petrol,2,33729,14000
Hyundai,Tucson,SUV,2022,4,CVT,Hybrid,2,69799,16100
Honda,Pilot,SUV,2021,5,Automatic,Petrol,2,116936,18470
Toyota,Corolla,Sedan,2020,6,Automatic,Petrol,3,90690,10630
Nissan,Versa,Hatchback,2023,3,Manual,Petrol,1,40317,10040
Volkswagen,Golf,Hatchback,2025,1,Automatic,Petrol,1,14386,21300
Volkswagen,ID.4,SUV,2026,0,Automatic,Electric,1,500,34650
Audi,A5,Coupe,2018,8,Automatic,Diesel,1,123982,17740
Audi,Q7,SUV,2020,6,Manual,Diesel,3,102826,23570
Chevrolet,Camaro,Coupe,2016,10,Automatic,Diesel,1,186112,7750
Kia,Forte,Sedan,2021,5,CVT,Petrol,1,70141,10440
Ford,Focus,Hatchback,2022,4,Manual,Diesel,1,63775,10610
Tesla,Model S,Sedan,2021,5,Automatic,Electric,2,89384,34020
Nissan,Leaf,Hatchback,2024,2,Automatic,Electric,1,23284,20050
Jeep,Compass,SUV,2019,7,Manual,Petrol,1,128706,10770
BMW,X5,SUV,2024,2,Automatic,Petrol,1,19041,46000
Land Rover,Range Rover Sport,SUV,2025,1,Automatic,Petrol,1,11929,63630
Toyota,RAV4,SUV,2021,5,CVT,Petrol,1,94425,14290
Mini,Cooper,Hatchback,2018,8,Automatic,Hybrid,2,184948,8150
Renault,Clio,Hatchback,2024,2,CVT,Petrol,1,41428,13430
Ford,F-150,Truck,2026,0,Automatic,Petrol,1,500,36370
Audi,Q5,SUV,2019,7,CVT,Hybrid,2,87962,20110
Volkswagen,ID.4,SUV,2019,7,Automatic,Electric,2,113863,15760
Volkswagen,ID.4,SUV,2020,6,Automatic,Electric,2,87883,18100
Toyota,Prius Prime,Hatchback,2018,8,Automatic,Petrol,1,185233,7710
Kia,Sportage,SUV,2021,5,Automatic,Diesel,1,75629,15030
Kia,Sorento,SUV,2018,8,CVT,Petrol,3,134952,10690
Toyota,Sienna,Minivan,2018,8,Automatic,Hybrid,1,107758,15560
Toyota,Tacoma,Truck,2022,4,Automatic,Petrol,2,50705,19310
Volkswagen,Tiguan,SUV,2014,12,Automatic,Diesel,3,241158,5110
Hyundai,Ioniq 5,SUV,2019,7,Automatic,Electric,3,162311,14090
BMW,5 Series,Sedan,2022,4,Automatic,Petrol,1,56307,33090
BMW,X3,SUV,2019,7,Automatic,Petrol,3,81102,19500
Mazda,MX-5 Miata,Convertible,2023,3,Automatic,Diesel,1,37374,19970
Renault,Clio,Hatchback,2022,4,CVT,Petrol,1,42994,12070
Chrysler,Pacifica,Minivan,2024,2,Automatic,Petrol,1,32860,25480
Kia,Forte,Sedan,2017,9,CVT,Hybrid,4,122240,6340
Honda,Pilot,SUV,2020,6,Automatic,Petrol,1,95774,18740
Toyota,RAV4,SUV,2022,4,CVT,CNG,2,53217,15590
Chevrolet,Equinox,SUV,2021,5,Automatic,Diesel,1,79627,13760
Ford,Mustang,Coupe,2017,9,Manual,Petrol,2,95170,10990
Chevrolet,Camaro Convertible,Convertible,2022,4,Automatic,Petrol,1,49811,22120
BMW,4 Series,Coupe,2016,10,Automatic,Diesel,4,167850,12980
Toyota,Tacoma,Truck,2023,3,Automatic,Hybrid,2,37036,19640
Toyota,Yaris,Sedan,2022,4,Automatic,Petrol,2,53886,9230
Suzuki,Swift,Hatchback,2020,6,Automatic,Petrol,3,57624,7330
Jeep,Compass,SUV,2018,8,Automatic,Petrol,3,162674,7860
BMW,X3,SUV,2014,12,CVT,Petrol,5,137015,9150
BMW,4 Series,Coupe,2023,3,CVT,Petrol,2,31253,28810
Hyundai,Tucson,SUV,2018,8,Semi-Automatic,Hybrid,2,183269,7630
Renault,Clio,Hatchback,2018,8,Automatic,Hybrid,1,89162,7880
BMW,X5,SUV,2022,4,Automatic,Petrol,2,70477,36950
Chevrolet,Silverado 1500,Truck,2022,4,CVT,Hybrid,2,58911,20710
Audi,A4,Sedan,2025,1,CVT,CNG,1,14532,32400
Kia,Sorento,SUV,2025,1,Manual,Petrol,1,16709,24260
Toyota,Yaris,Sedan,2018,8,Automatic,Petrol,3,83284,5670
Toyota,Tacoma,Truck,2023,3,Automatic,Hybrid,2,33072,20630
Hyundai,i20,Hatchback,2024,2,Automatic,Hybrid,1,36523,10950
Toyota,Corolla,Sedan,2019,7,CVT,Petrol,1,51846,9110
Renault,Clio,Hatchback,2019,7,Automatic,Petrol,1,40763,8770
Hyundai,Sonata,Sedan,2020,6,Automatic,Petrol,1,99118,11440
Jeep,Wrangler,SUV,2026,0,Automatic,Hybrid,1,500,33550
Chrysler,Pacifica,Minivan,2017,9,Automatic,Petrol,2,95309,12450
Mercedes-Benz,E-Class,Sedan,2017,9,Automatic,Petrol,1,151194,18740
Chevrolet,Malibu,Sedan,2023,3,CVT,Petrol,2,63587,13930
Kia,Carnival,Minivan,2017,9,Automatic,CNG,4,84705,10000
Ford,Mustang Convertible,Convertible,2015,11,CVT,Petrol,2,86720,10290
Toyota,Yaris,Sedan,2025,1,Automatic,Hybrid,1,13012,14090
Lexus,ES,Sedan,2019,7,Automatic,Petrol,2,99192,17390
Volkswagen,Jetta,Sedan,2023,3,Manual,Petrol,1,67391,13290
Volvo,XC60,SUV,2025,1,Automatic,Petrol,1,11531,37830
Tesla,Model X,SUV,2017,9,Automatic,Electric,4,208485,23590
Hyundai,i20,Hatchback,2016,10,Automatic,Petrol,4,100932,4240
Suzuki,Swift,Hatchback,2021,5,Automatic,Petrol,1,77806,7310
Nissan,Altima,Sedan,2020,6,Manual,Petrol,1,52603,12360
Tesla,Model Y,SUV,2014,12,Automatic,Electric,2,218966,8780
Ford,Focus,Hatchback,2022,4,Automatic,Petrol,2,48960,12850
Jeep,Wrangler,SUV,2024,2,Automatic,Petrol,1,30342,26570
Mazda,MX-5 Miata,Convertible,2015,11,Automatic,Petrol,1,248246,6230
Ford,Explorer,SUV,2019,7,Automatic,Petrol,2,105257,15890
Chevrolet,Camaro Convertible,Convertible,2024,2,Semi-Automatic,Diesel,1,16218,26850
Lexus,RX,SUV,2017,9,Manual,Diesel,2,113321,15500
Chevrolet,Camaro Convertible,Convertible,2019,7,Automatic,Petrol,1,95996,18120
Volkswagen,Jetta,Sedan,2021,5,CVT,Hybrid,2,91079,11300
Tesla,Model X,SUV,2021,5,Automatic,Electric,1,40794,48040
Volkswagen,Jetta,Sedan,2025,1,Automatic,Hybrid,1,17004,18440
Ford,Mustang Convertible,Convertible,2024,2,CVT,Petrol,1,17901,27210
Toyota,RAV4,SUV,2022,4,Automatic,Petrol,2,84159,16910
Hyundai,Ioniq 5,SUV,2022,4,Automatic,Electric,1,41826,22880
BMW,3 Series,Sedan,2025,1,Automatic,Diesel,1,21462,36470
Toyota,Camry,Sedan,2024,2,CVT,Petrol,1,19036,19210
Ford,Focus,Hatchback,2013,13,Automatic,Diesel,4,219848,2620
Chevrolet,Spark,Hatchback,2011,15,Manual,Petrol,5,303879,1200
Kia,Forte,Sedan,2013,13,Manual,Petrol,3,164005,4500
Hyundai,Sonata,Sedan,2022,4,Automatic,Petrol,1,26942,14590
Volkswagen,Passat,Sedan,2024,2,Manual,Diesel,1,42449,16010
Honda,Civic,Sedan,2021,5,Automatic,Petrol,2,54228,13240
Chevrolet,Camaro Convertible,Convertible,2018,8,CVT,Hybrid,2,67247,15950
Kia,Sportage,SUV,2020,6,Automatic,Petrol,2,67261,12240
Volkswagen,Atlas,SUV,2012,14,Manual,Diesel,3,145075,6570
Volkswagen,Tiguan,SUV,2024,2,Automatic,CNG,1,41566,20790
Chevrolet,Traverse,SUV,2022,4,Automatic,Petrol,2,60927,20840
Mercedes-Benz,C-Class,Sedan,2025,1,Automatic,Diesel,1,17356,37860
Toyota,Sienna,Minivan,2017,9,Automatic,Petrol,2,153624,12570
Mazda,Mazda6,Sedan,2020,6,Automatic,Diesel,2,82830,11220
Hyundai,Elantra,Sedan,2018,8,Automatic,Petrol,2,163223,7000
Tesla,Model X,SUV,2018,8,Automatic,Electric,2,69587,31800
Toyota,GR86,Coupe,2017,9,Automatic,Petrol,1,106314,10690
Mercedes-Benz,GLE,SUV,2016,10,Automatic,Petrol,4,90266,17170
Hyundai,Ioniq 5,SUV,2024,2,Automatic,Electric,1,24342,32390
Jeep,Grand Cherokee,SUV,2022,4,Manual,Petrol,1,100295,22880
Renault,Clio,Hatchback,2025,1,Manual,Petrol,1,7305,15580
Mercedes-Benz,GLE,SUV,2023,3,CVT,Petrol,1,35893,43250
Skoda,Octavia,Sedan,2024,2,Semi-Automatic,Petrol,1,32338,17230
Kia,Carnival,Minivan,2024,2,CVT,Petrol,1,28446,23250
Tesla,Model Y,SUV,2019,7,Automatic,Electric,2,79770,19280
Mercedes-Benz,C-Class,Sedan,2019,7,CVT,Diesel,3,192566,14010
Fiat,500,Hatchback,2017,9,Manual,Diesel,3,223102,1980
Honda,CR-V,SUV,2019,7,Automatic,Hybrid,1,72867,13520
Mazda,MX-5 Miata,Convertible,2021,5,Automatic,Petrol,1,82165,13810
Toyota,GR86,Coupe,2021,5,Manual,Petrol,1,39741,15650
Chevrolet,Equinox,SUV,2024,2,Automatic,Petrol,1,36415,20600
Mazda,Mazda6,Sedan,2017,9,Automatic,Hybrid,1,173260,8170
BMW,X3,SUV,2023,3,Automatic,Petrol,2,40570,29280
Tesla,Model Y,SUV,2020,6,Automatic,Electric,2,113521,18390
Honda,Ridgeline,Truck,2022,4,Automatic,Petrol,2,42644,24200
Nissan,Murano,SUV,2014,12,CVT,Diesel,1,178872,7930
Chevrolet,Equinox,SUV,2026,0,Automatic,Petrol,1,500,27980
Ford,Mustang Mach-E,SUV,2023,3,Automatic,Electric,1,58016,28070
Fiat,500,Hatchback,2025,1,Automatic,Petrol,1,12122,15960
Tesla,Model 3,Sedan,2016,10,Automatic,Electric,1,95019,12210
Kia,Carnival,Minivan,2019,7,Semi-Automatic,Diesel,2,93850,14490
Ford,Focus,Hatchback,2026,0,Automatic,Petrol,1,500,19310
Mercedes-Benz,C-Class,Sedan,2020,6,CVT,Petrol,2,77084,20330
Ford,Mustang Convertible,Convertible,2021,5,Automatic,Hybrid,1,125740,18910
Ford,Escape,SUV,2025,1,Automatic,Diesel,1,10683,23640
GMC,Terrain,SUV,2022,4,Automatic,Petrol,1,40881,17640
Mini,Cooper,Hatchback,2024,2,Automatic,Petrol,1,13234,19890
Chevrolet,Malibu,Sedan,2018,8,CVT,Petrol,2,132195,7930
Mazda,Mazda3,Sedan,2023,3,Automatic,Petrol,1,68979,13880
Nissan,Leaf,Hatchback,2021,5,Automatic,Electric,1,48213,15070
Chevrolet,Camaro,Coupe,2016,10,Semi-Automatic,Petrol,2,191399,6930
BMW,3 Series,Sedan,2022,4,Manual,Petrol,1,57416,26620
Honda,City,Sedan,2022,4,Semi-Automatic,Diesel,2,58892,9590
BMW,X3,SUV,2022,4,Manual,Diesel,1,72050,25630
Ford,Focus,Hatchback,2018,8,Manual,Petrol,1,83233,8090
Chevrolet,Camaro Convertible,Convertible,2022,4,Automatic,Petrol,1,67320,22070
Toyota,Corolla,Sedan,2018,8,Manual,Petrol,2,132760,7140
Honda,CR-V,SUV,2017,9,Automatic,Hybrid,1,128481,10680
Hyundai,Ioniq 5,SUV,2017,9,Automatic,Electric,4,113965,13660
Mazda,CX-9,SUV,2017,9,Manual,Petrol,3,144320,9770
Audi,A4,Sedan,2020,6,Automatic,Petrol,3,65286,19400
Nissan,Altima,Sedan,2017,9,CVT,Petrol,1,130479,8240
Jeep,Wrangler,SUV,2017,9,Semi-Automatic,CNG,1,125159,11090
Tesla,Model S,Sedan,2022,4,Automatic,Electric,1,71273,43350
Kia,Carnival,Minivan,2024,2,Automatic,CNG,1,43103,21700
Lexus,ES,Sedan,2023,3,Automatic,Petrol,2,30721,25690
Mini,Cooper,Hatchback,2023,3,Automatic,Diesel,1,61235,17910
Kia,Rio,Hatchback,2020,6,CVT,Petrol,3,112285,7220
Volkswagen,Golf,Hatchback,2011,15,Manual,Petrol,4,212327,3720
Volkswagen,Golf,Hatchback,2013,13,Automatic,Petrol,5,151438,4770
Toyota,Tundra,Truck,2016,10,Automatic,Petrol,3,98711,11750
Ford,Escape,SUV,2021,5,Manual,Petrol,2,37082,14600
Nissan,Leaf,Hatchback,2024,2,Automatic,Electric,1,43658,18430
Nissan,Sentra,Sedan,2015,11,Manual,Petrol,3,162646,4980
Nissan,Altima,Sedan,2024,2,Automatic,Petrol,1,17313,17970
Mercedes-Benz,C-Class,Sedan,2017,9,CVT,Diesel,3,107160,14980
Fiat,500,Hatchback,2015,11,Manual,Petrol,2,215597,1710
Honda,Odyssey,Minivan,2018,8,Automatic,Petrol,1,124520,13430
Ford,Fusion,Sedan,2022,4,Automatic,Petrol,1,52368,13420
Toyota,Prius,Hatchback,2020,6,Automatic,Petrol,2,124087,10160
Toyota,Yaris Hatchback,Hatchback,2025,1,Automatic,CNG,1,11126,13220
GMC,Terrain,SUV,2025,1,Automatic,Diesel,1,16525,22510
Chevrolet,Traverse,SUV,2025,1,Manual,Petrol,1,10636,28150
Peugeot,208,Hatchback,2020,6,CVT,Petrol,2,48187,9450
Hyundai,Tucson,SUV,2023,3,CVT,Hybrid,1,33314,19010
Kia,EV6,SUV,2025,1,Automatic,Electric,1,10895,33720
Peugeot,208,Hatchback,2018,8,Automatic,Petrol,1,84279,7740
Kia,Sportage,SUV,2020,6,Automatic,Petrol,2,116896,12410
Mercedes-Benz,C-Class,Sedan,2023,3,Automatic,CNG,2,54431,25090
Lexus,ES,Sedan,2023,3,Semi-Automatic,Diesel,2,40883,25230
Honda,City,Sedan,2020,6,Manual,Hybrid,3,55706,7260
Subaru,Outback,SUV,2013,13,Manual,Diesel,3,127177,5740
Mercedes-Benz,GLE,SUV,2021,5,CVT,Petrol,2,97534,29250
Hyundai,Veloster,Coupe,2024,2,Automatic,Petrol,1,34782,15270
Ford,Escape,SUV,2024,2,Automatic,Petrol,1,28242,20430
Porsche,911,Coupe,2022,4,CVT,Diesel,2,58014,62800
Toyota,Tundra,Truck,2024,2,CVT,Petrol,1,19164,28860
Honda,Odyssey,Minivan,2022,4,Manual,Petrol,1,69297,18950
Tesla,Model S,Sedan,2017,9,Automatic,Electric,1,156760,24780
Toyota,Tundra,Truck,2020,6,Manual,Petrol,1,68530,17360
Chevrolet,Silverado 1500,Truck,2017,9,Automatic,Petrol,1,96183,11990
Honda,Accord,Sedan,2021,5,Automatic,Hybrid,1,51648,16050
Tesla,Model X,SUV,2013,13,Automatic,Electric,2,133948,17240
Lexus,NX,SUV,2024,2,Automatic,Petrol,1,25197,31340
Honda,City,Sedan,2018,8,CVT,CNG,1,98639,5940
Hyundai,Santa Fe,SUV,2019,7,CVT,Petrol,2,118623,12200
Audi,A6,Sedan,2022,4,Manual,Petrol,2,53334,33220
Honda,City,Sedan,2024,2,Manual,Diesel,1,46961,11610
Mazda,Mazda3,Sedan,2011,15,Automatic,Petrol,4,249521,2390
Audi,A4,Sedan,2023,3,Automatic,Petrol,2,29476,28450
Toyota,Sienna,Minivan,2020,6,CVT,Petrol,2,128105,16300
Ford,Escape,SUV,2018,8,Automatic,Diesel,2,76758,10790
Porsche,911,Coupe,2026,0,Automatic,Diesel,1,500,100100
Hyundai,Veloster,Coupe,2022,4,Automatic,Hybrid,2,56699,11920
Mini,Cooper Convertible,Convertible,2023,3,Automatic,Petrol,2,28388,18850
Volkswagen,Golf,Hatchback,2021,5,Semi-Automatic,Petrol,2,36327,13680
Tesla,Model X,SUV,2016,10,Automatic,Electric,4,110081,23070
Ford,Focus,Hatchback,2015,11,CVT,Petrol,1,120185,6070
Mazda,MX-5 Miata,Convertible,2025,1,Automatic,Petrol,1,16457,24590
Renault,Clio,Hatchback,2019,7,Manual,Petrol,3,77088,8030
Nissan,Altima,Sedan,2019,7,Automatic,Petrol,2,78533,10840
Toyota,Tundra,Truck,2017,9,Automatic,Petrol,4,197022,9830
Lexus,ES,Sedan,2021,5,CVT,Petrol,2,95704,20800
Hyundai,Santa Fe,SUV,2023,3,Automatic,Petrol,1,47779,22250
Audi,A4,Sedan,2016,10,Manual,Diesel,4,122993,11010
Nissan,Leaf,Hatchback,2019,7,Automatic,Electric,2,76074,11010
Chevrolet,Bolt EV,Hatchback,2018,8,Automatic,Electric,1,110509,9460
Lexus,ES,Sedan,2022,4,Manual,Diesel,1,84137,20960
Kia,Carnival,Minivan,2017,9,Automatic,Petrol,1,155488,10120
Mercedes-Benz,C-Class,Sedan,2016,10,Automatic,Petrol,2,137663,14520
Audi,Q5,SUV,2020,6,CVT,Petrol,1,67304,22420
Chevrolet,Camaro,Coupe,2016,10,Automatic,Hybrid,2,164474,7990
Fiat,500,Hatchback,2012,14,Automatic,Petrol,4,117672,3590
Kia,Sportage,SUV,2011,15,Automatic,Petrol,5,226430,3690
Mini,Cooper,Hatchback,2025,1,Automatic,Petrol,1,20340,22460
Subaru,Legacy,Sedan,2015,11,Automatic,Petrol,4,239514,3830
Toyota,Prius Prime,Hatchback,2015,11,Manual,Petrol,1,124876,8650
Nissan,Titan,Truck,2021,5,CVT,Petrol,2,60930,17510
GMC,Terrain,SUV,2023,3,Automatic,CNG,2,42747,17810
Ford,Mustang Mach-E,SUV,2016,10,Automatic,Electric,4,77438,11740
GMC,Sierra 1500,Truck,2023,3,Automatic,Hybrid,2,32346,25660
Nissan,Titan,Truck,2020,6,Automatic,Petrol,3,106851,14710
Volvo,XC90,SUV,2016,10,Manual,Diesel,4,135970,14160
Nissan,Altima,Sedan,2023,3,CVT,Petrol,1,46620,16350
Ford,Mustang,Coupe,2023,3,Automatic,Hybrid,2,48428,21150
Mercedes-Benz,GLC,SUV,2015,11,CVT,Diesel,1,143367,13240
Nissan,Versa,Hatchback,2024,2,CVT,Petrol,1,41723,11390
Toyota,Corolla,Sedan,2020,6,CVT,Petrol,2,145298,9190
Kia,Sorento,SUV,2023,3,CVT,Hybrid,2,47836,20950
Volkswagen,Golf,Hatchback,2021,5,Automatic,Diesel,1,104546,10910
Honda,Accord,Sedan,2017,9,CVT,CNG,3,216593,5730
Lexus,RX,SUV,2021,5,Automatic,Petrol,2,88922,23660
Hyundai,Tucson,SUV,2021,5,Automatic,Hybrid,2,39934,16460
Honda,Insight,Sedan,2018,8,Automatic,Petrol,2,90094,9360
Ford,Fusion,Sedan,2025,1,Automatic,Petrol,1,20510,18890
Ford,F-150,Truck,2014,12,CVT,CNG,2,220842,5470
Toyota,RAV4,SUV,2022,4,CVT,Diesel,2,64605,15820
Nissan,Versa,Hatchback,2024,2,Automatic,Petrol,1,47136,11800
Lexus,IS,Sedan,2024,2,Automatic,CNG,1,16742,26000
Nissan,Titan,Truck,2024,2,CVT,Diesel,1,32952,23530
Fiat,500,Hatchback,2024,2,Automatic,Diesel,1,18610,14110
Tesla,Model X,SUV,2024,2,Automatic,Electric,1,40744,63960
Nissan,370Z,Coupe,2023,3,CVT,Petrol,1,21514,23170
Volkswagen,Tiguan,SUV,2014,12,Automatic,CNG,1,153800,7350
Lexus,RX,SUV,2021,5,CVT,Hybrid,1,103763,23700
Mazda,CX-5,SUV,2014,12,Automatic,Petrol,4,175497,5750
Mazda,CX-9,SUV,2015,11,Manual,Petrol,3,122165,9150
Chevrolet,Malibu,Sedan,2013,13,Automatic,Diesel,2,203602,3680
Volkswagen,Tiguan,SUV,2025,1,Manual,Petrol,1,9056,21590
Nissan,Sentra,Sedan,2020,6,Automatic,Petrol,3,61372,8970
Nissan,Sentra,Sedan,2017,9,Manual,Petrol,3,103776,6460
Hyundai,Santa Fe,SUV,2021,5,Manual,Petrol,1,74646,15580
Tesla,Model X,SUV,2023,3,Automatic,Electric,1,58453,57520
Nissan,Rogue,SUV,2013,13,Manual,Hybrid,2,258447,4310
Hyundai,i20,Hatchback,2020,6,CVT,Petrol,2,76677,7450
Mazda,Mazda3,Sedan,2023,3,CVT,Petrol,2,39219,13230
Volkswagen,Tiguan,SUV,2023,3,Automatic,Diesel,1,70043,16950
Audi,Q7,SUV,2018,8,Automatic,Petrol,3,179203,20880
Chevrolet,Camaro,Coupe,2018,8,Automatic,Petrol,3,107840,11460
Chevrolet,Camaro,Coupe,2019,7,Manual,Hybrid,1,116937,12670
Nissan,370Z,Coupe,2022,4,Semi-Automatic,Petrol,2,51436,21340
Ford,Fusion,Sedan,2020,6,CVT,Petrol,2,94462,9710
Chevrolet,Camaro Convertible,Convertible,2021,5,Automatic,Diesel,2,63139,20130
GMC,Terrain,SUV,2017,9,Automatic,Diesel,3,110536,8890
Chevrolet,Equinox,SUV,2021,5,Automatic,Petrol,2,66316,14910
Subaru,Legacy,Sedan,2023,3,Automatic,Petrol,2,60709,15060
Volkswagen,ID.4,SUV,2026,0,Automatic,Electric,1,500,37910
Toyota,Sienna,Minivan,2016,10,Automatic,Petrol,2,251468,8490
Mazda,MX-5 Miata,Convertible,2022,4,Manual,Petrol,1,57501,17370
Ford,Fusion,Sedan,2023,3,Automatic,Hybrid,2,51170,15240
Hyundai,Veloster,Coupe,2022,4,Automatic,Petrol,2,48063,13500
Hyundai,Elantra,Sedan,2022,4,Automatic,Petrol,2,65003,12490
Toyota,Tundra,Truck,2026,0,Automatic,Petrol,1,500,36210
Kia,Carnival,Minivan,2024,2,Manual,Diesel,1,14992,24710
BMW,Z4,Convertible,2020,6,Automatic,Petrol,1,117182,22310
Chevrolet,Silverado 1500,Truck,2024,2,Automatic,Diesel,1,32138,25120
Kia,Carnival,Minivan,2014,12,Manual,Petrol,1,179792,6980
Toyota,Highlander,SUV,2020,6,Automatic,Hybrid,3,106932,16750
Toyota,Yaris,Sedan,2023,3,CVT,Petrol,2,37124,10660
Mercedes-Benz,C-Class,Sedan,2025,1,Manual,Petrol,1,10382,35130
BMW,3 Series,Sedan,2022,4,Automatic,Petrol,2,62011,24660
Ford,Fusion,Sedan,2025,1,Manual,Petrol,1,8364,18420
Ford,Mustang,Coupe,2022,4,Semi-Automatic,Diesel,1,32097,19080
Audi,A6,Sedan,2023,3,Automatic,Petrol,2,39146,35470
Mazda,MX-5 Miata,Convertible,2017,9,Automatic,Petrol,4,118710,9350
Ford,Mustang Convertible,Convertible,2020,6,Automatic,Petrol,2,98806,17420
Hyundai,Tucson,SUV,2020,6,CVT,Hybrid,1,131307,12570
Chevrolet,Traverse,SUV,2019,7,Automatic,Petrol,1,168538,13000
Chrysler,Pacifica,Minivan,2023,3,Automatic,Diesel,1,36451,22920
Volkswagen,Tiguan,SUV,2017,9,Automatic,Petrol,4,116967,8590
Kia,Rio,Hatchback,2015,11,CVT,Petrol,3,93615,4790
Ford,Explorer,SUV,2024,2,Automatic,Petrol,1,36925,26800
Audi,Q5,SUV,2025,1,Manual,Hybrid,1,10214,35150
Hyundai,Tucson,SUV,2021,5,Manual,Petrol,2,72029,14450
Mercedes-Benz,C-Class,Sedan,2019,7,Automatic,Hybrid,2,162659,17610
Ford,Mustang Mach-E,SUV,2015,11,Automatic,Electric,4,145715,11440
Volkswagen,Golf,Hatchback,2017,9,Automatic,Petrol,3,137567,7490
Ram,1500,Truck,2024,2,Automatic,Diesel,1,21910,28320
Nissan,370Z,Coupe,2022,4,Semi-Automatic,CNG,2,42416,19550
Hyundai,Elantra,Sedan,2022,4,Manual,Petrol,2,43575,11190
Tesla,Model Y,SUV,2021,5,Automatic,Electric,2,60020,23580
Hyundai,Santa Fe,SUV,2021,5,Manual,Petrol,2,49669,17600
Tesla,Model S,Sedan,2017,9,Automatic,Electric,2,113626,23920
Toyota,Sienna,Minivan,2013,13,Automatic,Diesel,3,298457,4270
Volkswagen,Tiguan,SUV,2021,5,Automatic,Petrol,1,114703,13910
Audi,Q7,SUV,2020,6,CVT,Diesel,1,94519,28000
Toyota,Prius Prime,Hatchback,2016,10,Automatic,Hybrid,2,98696,9140
Mazda,MX-5 Miata,Convertible,2016,10,Automatic,Petrol,1,75736,9710
Kia,Carnival,Minivan,2015,11,Manual,Petrol,3,182186,7130
Kia,K5,Sedan,2018,8,Automatic,Petrol,1,63450,10320
Volkswagen,Atlas,SUV,2015,11,CVT,Petrol,2,164401,8600
BMW,X5,SUV,2015,11,Automatic,Diesel,2,126369,16800
Audi,Q7,SUV,2022,4,Automatic,CNG,1,35009,32280
Toyota,Tundra,Truck,2018,8,Automatic,Petrol,3,171905,11750
Toyota,RAV4,SUV,2020,6,Manual,Diesel,2,76240,13370
Kia,Sportage,SUV,2024,2,Automatic,Petrol,1,21823,19230
Jeep,Compass,SUV,2018,8,CVT,Petrol,3,158647,8420
Jeep,Grand Cherokee,SUV,2022,4,Manual,Petrol,2,71724,21010
Toyota,Camry,Sedan,2022,4,Automatic,Petrol,2,91940,14330
Ford,Explorer,SUV,2024,2,Automatic,Petrol,1,29859,28030
Chevrolet,Spark,Hatchback,2017,9,CVT,Petrol,2,177383,2400
Tesla,Model X,SUV,2021,5,Automatic,Electric,1,81933,41530
Chevrolet,Silverado 1500,Truck,2024,2,CVT,Petrol,1,27199,25600
Hyundai,Elantra,Sedan,2023,3,Manual,Petrol,2,39767,13930
Toyota,Tacoma,Truck,2020,6,Manual,Petrol,3,79236,12950
Subaru,Legacy,Sedan,2023,3,Automatic,Petrol,1,49080,16790
BMW,Z4,Convertible,2021,5,Automatic,Diesel,1,76410,26200
Honda,Accord,Sedan,2020,6,Automatic,Hybrid,3,64176,14110
Suzuki,Swift,Hatchback,2016,10,CVT,Petrol,2,173636,2960
Mercedes-Benz,GLC,SUV,2026,0,CVT,Petrol,1,500,44690
Subaru,Forester,SUV,2021,5,Automatic,Petrol,2,67409,14310
Suzuki,Swift,Hatchback,2019,7,Manual,CNG,1,64397,5840
Toyota,Tundra,Truck,2021,5,Automatic,Petrol,2,47589,19340
Ford,Mustang Mach-E,SUV,2018,8,Automatic,Electric,2,122216,15580
Tesla,Model X,SUV,2015,11,Automatic,Electric,2,153731,22940
Tesla,Model X,SUV,2019,7,Automatic,Electric,3,89290,35320
Chrysler,Pacifica,Minivan,2021,5,Automatic,Diesel,2,114992,16090
Jeep,Compass,SUV,2026,0,Automatic,Petrol,1,500,27560
Chevrolet,Malibu,Sedan,2020,6,Automatic,Petrol,1,87892,10890
Tesla,Model 3,Sedan,2012,14,Automatic,Electric,3,328328,1930
Honda,Ridgeline,Truck,2021,5,Automatic,Hybrid,2,89464,20330
Peugeot,208,Hatchback,2025,1,Automatic,Petrol,1,21912,16030
Toyota,RAV4,SUV,2022,4,Automatic,Petrol,2,54715,17430
Jeep,Wrangler,SUV,2024,2,Automatic,Petrol,1,30392,26560
Lexus,ES,Sedan,2019,7,Manual,Petrol,1,96814,17580
Mercedes-Benz,C-Class,Sedan,2021,5,Manual,Hybrid,2,112425,23140
Honda,Civic,Sedan,2015,11,Automatic,Petrol,4,237472,2610
Volvo,XC90,SUV,2024,2,Automatic,Petrol,1,28791,44000
Nissan,Titan,Truck,2023,3,Automatic,Hybrid,2,45583,23480
BMW,X5,SUV,2018,8,CVT,Petrol,1,120220,25220
Kia,Sportage,SUV,2024,2,Automatic,Petrol,1,17443,21430
Kia,Sportage,SUV,2024,2,Automatic,Petrol,1,32331,20450
BMW,4 Series,Coupe,2023,3,Automatic,Diesel,1,20132,34080
GMC,Sierra 1500,Truck,2024,2,Automatic,Hybrid,1,48781,28540
Kia,Sportage,SUV,2022,4,Manual,Petrol,1,73271,15440
Audi,Q5,SUV,2023,3,CVT,Petrol,2,59005,27750
Mazda,CX-5,SUV,2015,11,Automatic,Petrol,2,185982,6290
Kia,Forte,Sedan,2020,6,CVT,Petrol,2,68353,9190
Volkswagen,Atlas,SUV,2024,2,Manual,Petrol,1,25631,27170
Honda,City,Sedan,2017,9,Automatic,Diesel,3,182372,3380
Ford,Focus,Hatchback,2022,4,Automatic,Petrol,2,34255,12080
Chrysler,Pacifica,Minivan,2015,11,CVT,Petrol,3,121858,9170
Chevrolet,Malibu,Sedan,2022,4,Manual,Petrol,2,86404,13130
Ford,F-150,Truck,2026,0,Automatic,Petrol,1,500,35510
Land Rover,Range Rover Evoque,SUV,2023,3,CVT,Petrol,1,41790,31750
Toyota,Prius Prime,Hatchback,2017,9,Automatic,Hybrid,2,186935,8200
Kia,Carnival,Minivan,2022,4,Automatic,Diesel,1,95774,20150
Toyota,Tacoma,Truck,2026,0,CVT,Petrol,1,500,28880
Subaru,Forester,SUV,2011,15,Manual,Petrol,4,137016,4480
Honda,Fit,Hatchback,2015,11,CVT,Petrol,2,247779,2230
Ford,F-150,Truck,2015,11,Automatic,Petrol,2,257257,6170
Chevrolet,Silverado 1500,Truck,2016,10,Automatic,Diesel,1,139690,10560
Honda,Civic,Sedan,2018,8,Automatic,Petrol,2,65363,9550
BMW,3 Series,Sedan,2025,1,Automatic,Hybrid,1,14066,38430
BMW,Z4,Convertible,2022,4,CVT,Petrol,2,62325,29260
Nissan,Leaf,Hatchback,2017,9,Automatic,Electric,3,87679,9120
Land Rover,Range Rover Evoque,SUV,2018,8,Semi-Automatic,Petrol,2,120900,18740
Suzuki,Swift,Hatchback,2023,3,CVT,Diesel,2,31919,8890
Mazda,CX-5,SUV,2025,1,Semi-Automatic,Diesel,1,14262,23210
Volvo,XC60,SUV,2025,1,Automatic,Diesel,1,17841,37740
Toyota,Yaris,Sedan,2026,0,CVT,Petrol,1,500,15500
BMW,X5,SUV,2017,9,Manual,Petrol,1,102429,20300
Honda,City,Sedan,2014,12,Automatic,Petrol,3,136148,4440
Toyota,Corolla,Sedan,2021,5,Automatic,Petrol,1,54005,11930
Toyota,Highlander,SUV,2021,5,Automatic,Diesel,1,49801,21200
Mercedes-Benz,C-Class Coupe,Coupe,2024,2,CVT,Petrol,1,11447,38300
Hyundai,Santa Fe,SUV,2019,7,Semi-Automatic,Hybrid,2,81848,13830
Hyundai,Veloster,Coupe,2024,2,Automatic,Petrol,1,16988,16600
Lexus,RX,SUV,2016,10,Automatic,Petrol,4,143915,13100
BMW,3 Series,Sedan,2023,3,Automatic,Petrol,1,24507,27650
Nissan,Titan,Truck,2017,9,Manual,Diesel,1,125598,10900
Ford,Focus,Hatchback,2021,5,Automatic,Petrol,1,64537,11670
Jeep,Wrangler,SUV,2024,2,Automatic,Petrol,1,24333,25750
Toyota,Camry,Sedan,2022,4,Automatic,Petrol,1,57155,16180
Hyundai,Santa Fe,SUV,2021,5,Manual,Diesel,1,63729,16730
Tesla,Model S,Sedan,2022,4,Automatic,Electric,1,37638,41070
Toyota,Highlander,SUV,2015,11,Automatic,Petrol,2,114563,11350
Jeep,Compass,SUV,2018,8,Automatic,Petrol,2,84299,10320
Kia,Sportage,SUV,2015,11,CVT,Diesel,4,129458,7090
Toyota,GR86,Coupe,2018,8,Automatic,Diesel,3,105011,11320
BMW,4 Series,Coupe,2015,11,Automatic,Diesel,2,117616,13930
Nissan,370Z,Coupe,2018,8,Semi-Automatic,Hybrid,3,132269,12520
Toyota,Highlander,SUV,2026,0,Manual,Petrol,1,500,35820
Ford,F-150,Truck,2021,5,CVT,Petrol,1,59942,18530
Chevrolet,Traverse,SUV,2024,2,Automatic,Hybrid,1,15873,27160
Hyundai,Sonata,Sedan,2026,0,CVT,Petrol,1,500,25860
Honda,Accord,Sedan,2018,8,Automatic,Petrol,3,63705,11160
Volvo,XC90,SUV,2022,4,Manual,Diesel,1,41304,33460
Audi,A4,Sedan,2022,4,Manual,Petrol,2,56405,23960
Volvo,XC60,SUV,2015,11,Automatic,Hybrid,1,157119,12390
Honda,Ridgeline,Truck,2019,7,Manual,Petrol,2,124690,16070
Honda,Civic,Sedan,2023,3,CVT,Petrol,2,23611,14330
Honda,Odyssey,Minivan,2022,4,Automatic,Diesel,1,49861,19240
Volkswagen,Golf,Hatchback,2024,2,Semi-Automatic,Petrol,1,40888,18240
Mazda,Mazda3,Sedan,2021,5,CVT,Petrol,2,32400,11790
Nissan,Altima,Sedan,2021,5,Automatic,Petrol,1,92511,13210
Volkswagen,Jetta,Sedan,2023,3,Automatic,Diesel,1,35640,13860
Jeep,Compass,SUV,2021,5,Automatic,Hybrid,1,56669,15200
Chevrolet,Malibu,Sedan,2023,3,Manual,Hybrid,2,29911,15570
Kia,K5,Sedan,2020,6,Manual,Petrol,3,76632,11560
Ford,Explorer,SUV,2021,5,Automatic,Petrol,1,61305,19470
Chevrolet,Camaro,Coupe,2026,0,CVT,Petrol,1,500,32200
Land Rover,Range Rover Sport,SUV,2025,1,Automatic,Diesel,1,17651,67800
Nissan,370Z,Coupe,2024,2,CVT,Petrol,1,28711,25140
GMC,Acadia,SUV,2013,13,Automatic,Petrol,1,248134,5980
Chevrolet,Malibu,Sedan,2024,2,Semi-Automatic,Diesel,1,17053,16940
Toyota,Highlander,SUV,2020,6,Automatic,Hybrid,2,88123,19200
Honda,CR-V,SUV,2018,8,Automatic,Hybrid,2,180229,10000
Mercedes-Benz,C-Class Coupe,Coupe,2021,5,CVT,Diesel,2,98073,22930
Lexus,RX,SUV,2012,14,Automatic,CNG,1,196153,8810
Honda,Pilot,SUV,2024,2,CVT,Hybrid,1,29397,30110
Mercedes-Benz,C-Class Coupe,Coupe,2022,4,Automatic,Petrol,2,33409,27190
Nissan,Sentra,Sedan,2019,7,CVT,Petrol,2,55676,8750
Jeep,Compass,SUV,2018,8,Automatic,Hybrid,3,138560,9600
Tesla,Model 3,Sedan,2021,5,Automatic,Electric,1,113999,17950
BMW,5 Series,Sedan,2024,2,Automatic,Petrol,1,26801,39940
BMW,5 Series,Sedan,2023,3,Automatic,Petrol,2,55012,36680
GMC,Terrain,SUV,2025,1,Automatic,Petrol,1,17358,23170
Subaru,Legacy,Sedan,2026,0,Automatic,Hybrid,1,500,23770
Toyota,Tundra,Truck,2017,9,Automatic,Petrol,4,121878,12390
Nissan,Sentra,Sedan,2023,3,Automatic,Petrol,1,35339,13000
Fiat,500,Hatchback,2023,3,Manual,Hybrid,2,25598,11730
Honda,Insight,Sedan,2023,3,Manual,Hybrid,2,44332,14680
Volkswagen,Jetta,Sedan,2015,11,Manual,Petrol,2,79107,5670
BMW,4 Series,Coupe,2023,3,Manual,CNG,1,33237,30850
Kia,Sportage,SUV,2023,3,CVT,Petrol,2,28519,18680
Volkswagen,Atlas,SUV,2023,3,Automatic,Diesel,1,36997,25170
GMC,Acadia,SUV,2025,1,Automatic,CNG,1,9358,26520
Kia,Forte,Sedan,2022,4,Automatic,Diesel,1,55757,11210
Peugeot,208,Hatchback,2015,11,Automatic,Petrol,4,117512,4760
Volkswagen,Golf,Hatchback,2024,2,Automatic,Petrol,1,22987,17770
Subaru,Forester,SUV,2015,11,Automatic,Diesel,3,245017,3630
BMW,5 Series,Sedan,2023,3,Automatic,Hybrid,1,42843,37110
Toyota,Highlander,SUV,2022,4,CVT,Hybrid,1,43883,23650
Honda,Civic,Sedan,2020,6,CVT,Petrol,2,45201,11840
Toyota,Yaris,Sedan,2017,9,Automatic,Petrol,3,156694,3830
Kia,Carnival,Minivan,2025,1,Automatic,Petrol,1,13545,29530
Chevrolet,Silverado 1500,Truck,2025,1,Automatic,Petrol,1,21024,27690
Subaru,Outback,SUV,2015,11,Manual,Petrol,3,194964,5150
Chevrolet,Bolt EV,Hatchback,2026,0,Automatic,Electric,1,500,22990
Ford,Focus,Hatchback,2023,3,Automatic,Petrol,2,19647,12380
Lexus,NX,SUV,2022,4,Automatic,Petrol,1,56945,25100
Lexus,ES,Sedan,2022,4,Manual,Diesel,2,54033,21690
Volkswagen,Atlas,SUV,2022,4,Manual,Petrol,2,34649,19240
Toyota,Camry,Sedan,2018,8,Manual,Petrol,1,66171,10380
Honda,Odyssey,Minivan,2023,3,Automatic,Petrol,2,34506,23700
Ford,F-150,Truck,2024,2,Manual,Petrol,1,43443,25020
Hyundai,Tucson,SUV,2019,7,Automatic,Hybrid,3,123366,10770
Volkswagen,Passat,Sedan,2021,5,Manual,Diesel,1,44421,12190
Kia,Forte,Sedan,2020,6,Automatic,Petrol,3,71339,9250
Toyota,Highlander,SUV,2019,7,Automatic,Hybrid,1,111686,17680
Mercedes-Benz,GLC,SUV,2022,4,Manual,Diesel,1,50768,25570
Honda,Accord,Sedan,2023,3,CVT,Petrol,2,41822,18580
Kia,EV6,SUV,2019,7,Automatic,Electric,1,70316,19200
Ford,Explorer,SUV,2021,5,Automatic,Petrol,2,57131,19560
Lexus,RX,SUV,2016,10,Semi-Automatic,Petrol,2,64161,15570
Chrysler,Pacifica,Minivan,2022,4,Manual,Petrol,1,71053,19360
Kia,Carnival,Minivan,2023,3,Automatic,Petrol,2,42721,21120
Chevrolet,Traverse,SUV,2020,6,Manual,Petrol,2,67828,15820
Tesla,Model 3,Sedan,2023,3,Automatic,Electric,2,33586,23640
Jeep,Wrangler,SUV,2022,4,Semi-Automatic,Petrol,2,51579,19060
Jeep,Compass,SUV,2016,10,Manual,Diesel,4,148757,6590
Volvo,XC60,SUV,2016,10,Automatic,Diesel,2,103947,13700
Volkswagen,ID.4,SUV,2024,2,Automatic,Electric,1,24311,29950
Nissan,370Z,Coupe,2023,3,Manual,Petrol,2,69635,19860
Hyundai,Ioniq 5,SUV,2019,7,Automatic,Electric,1,75022,16870
Kia,Sorento,SUV,2014,12,CVT,Diesel,2,148980,8250
Nissan,370Z,Coupe,2019,7,Automatic,Diesel,2,121995,13250
Volkswagen,Golf,Hatchback,2018,8,CVT,Petrol,3,66091,9470
Mercedes-Benz,C-Class,Sedan,2025,1,CVT,Petrol,1,11843,39040
Audi,Q7,SUV,2024,2,Semi-Automatic,Petrol,1,29737,47370
Toyota,GR86,Coupe,2019,7,Automatic,Petrol,3,53281,12620
GMC,Acadia,SUV,2016,10,CVT,Hybrid,2,128615,12090
Hyundai,Elantra,Sedan,2023,3,Automatic,Petrol,2,35227,13190
GMC,Sierra 1500,Truck,2025,1,CVT,CNG,1,8397,29530
Ford,Mustang Mach-E,SUV,2025,1,Automatic,Electric,1,11601,36310
Nissan,Altima,Sedan,2025,1,Manual,Petrol,1,7807,19740
Chevrolet,Camaro,Coupe,2021,5,Automatic,Petrol,1,67100,16860
Hyundai,Elantra,Sedan,2026,0,Manual,Petrol,1,500,20890
Kia,Sorento,SUV,2020,6,Semi-Automatic,Petrol,1,138807,14010
Toyota,GR86,Coupe,2021,5,Manual,Petrol,1,47273,16400
Mercedes-Benz,GLC,SUV,2020,6,Automatic,CNG,2,98601,20020
Nissan,Titan,Truck,2021,5,Automatic,Petrol,1,109250,17450
Lexus,IS,Sedan,2025,1,Manual,Petrol,1,12984,30900
Honda,Fit,Hatchback,2020,6,Automatic,CNG,3,47108,7520
Mini,Cooper Convertible,Convertible,2025,1,Automatic,Diesel,1,12158,25100
Honda,City,Sedan,2024,2,CVT,Petrol,1,30853,12060
BMW,Z4,Convertible,2017,9,Automatic,Petrol,2,69668,16780
Peugeot,208,Hatchback,2014,12,Automatic,Petrol,4,96528,4350
Toyota,Camry,Sedan,2021,5,Automatic,Petrol,1,97163,14880
Mazda,CX-9,SUV,2015,11,Automatic,Diesel,1,137255,10630
Mazda,CX-9,SUV,2024,2,CVT,Petrol,1,24118,25630
Chevrolet,Bolt EV,Hatchback,2024,2,Automatic,Electric,1,37690,18420
Nissan,Leaf,Hatchback,2019,7,Automatic,Electric,2,76921,11190
Chevrolet,Malibu,Sedan,2021,5,Automatic,Petrol,2,70783,13270
Jeep,Wrangler,SUV,2019,7,Manual,Petrol,2,81400,13220
Audi,A5,Coupe,2017,9,Automatic,Petrol,3,242476,11320
Subaru,Forester,SUV,2024,2,Semi-Automatic,Petrol,1,37149,19160
Honda,Accord,Sedan,2019,7,Automatic,Petrol,2,46211,11500
Honda,Insight,Sedan,2025,1,Manual,Petrol,1,22300,17830
Jeep,Grand Cherokee,SUV,2024,2,Automatic,Petrol,1,48574,30680
Honda,City,Sedan,2021,5,Automatic,Petrol,1,85113,8800
Mazda,CX-5,SUV,2022,4,CVT,Petrol,2,72187,16380
Honda,Accord,Sedan,2011,15,Automatic,Hybrid,4,312568,1770
BMW,5 Series,Sedan,2023,3,Automatic,Petrol,1,59528,39000
Toyota,GR86,Coupe,2024,2,Manual,Hybrid,1,21818,20440
Volkswagen,Passat,Sedan,2022,4,Automatic,Petrol,1,71991,14400
Hyundai,Sonata,Sedan,2023,3,Automatic,Diesel,2,72869,15680
Skoda,Octavia,Sedan,2025,1,Automatic,Diesel,1,15808,19830
Mercedes-Benz,GLC,SUV,2014,12,Automatic,Petrol,5,174109,9100
Mini,Cooper,Hatchback,2014,12,Automatic,Petrol,2,122006,6560
Volkswagen,Golf,Hatchback,2025,1,Automatic,Petrol,1,13693,21260
BMW,3 Series,Sedan,2022,4,Manual,CNG,1,71234,22590
Nissan,370Z,Coupe,2017,9,Manual,CNG,3,132909,8730
Honda,Pilot,SUV,2019,7,CVT,Diesel,3,105525,14930
Chevrolet,Silverado 1500,Truck,2025,1,Semi-Automatic,Petrol,1,12257,32150
Porsche,911,Coupe,2018,8,Manual,Hybrid,1,106465,42550
Mazda,CX-9,SUV,2019,7,CVT,Petrol,3,96989,14670
Honda,Ridgeline,Truck,2018,8,Automatic,Petrol,2,183094,12250
Mercedes-Benz,E-Class,Sedan,2022,4,Automatic,Petrol,1,70249,36240
Tesla,Model 3,Sedan,2024,2,Automatic,Electric,1,30026,28950
BMW,3 Series,Sedan,2021,5,Manual,Petrol,1,95002,20000
Tesla,Model X,SUV,2020,6,Automatic,Electric,3,76083,39060
Chevrolet,Spark,Hatchback,2016,10,Automatic,Petrol,4,131458,4780
Volvo,XC90,SUV,2016,10,CVT,Hybrid,3,183058,16440
Renault,Clio,Hatchback,2016,10,Automatic,Petrol,3,105686,5990
Toyota,Tacoma,Truck,2020,6,CVT,Petrol,2,74794,13390
BMW,5 Series,Sedan,2025,1,Automatic,Petrol,1,7777,47570
Volkswagen,Atlas,SUV,2013,13,Automatic,Petrol,4,228655,6380
Lexus,IS,Sedan,2024,2,Automatic,Petrol,1,34637,30240
Honda,Accord,Sedan,2018,8,CVT,Hybrid,2,121390,10560
Honda,Fit,Hatchback,2020,6,Manual,Petrol,1,86148,8060
Ford,Mustang Convertible,Convertible,2019,7,Automatic,Petrol,3,84576,14570
Ford,Explorer,SUV,2024,2,Automatic,Petrol,1,21168,27440
GMC,Sierra 1500,Truck,2021,5,Automatic,Petrol,2,83754,18670
Skoda,Octavia,Sedan,2016,10,Automatic,Diesel,3,219688,3970
Toyota,Yaris,Sedan,2023,3,Automatic,Petrol,2,21777,10440
Mazda,CX-5,SUV,2020,6,Automatic,Petrol,1,84303,13970
Nissan,Titan,Truck,2023,3,Automatic,Diesel,2,69023,20100
Mercedes-Benz,C-Class Coupe,Coupe,2025,1,Automatic,Diesel,1,15953,41270
Hyundai,Elantra,Sedan,2015,11,Automatic,Petrol,2,194034,4300
BMW,5 Series,Sedan,2023,3,Automatic,Diesel,2,67417,32530
Jeep,Compass,SUV,2022,4,Automatic,Petrol,2,26615,17520
Honda,Accord,Sedan,2025,1,Semi-Automatic,Petrol,1,16710,23160
Chevrolet,Camaro,Coupe,2017,9,Manual,Diesel,4,180300,8230
Volkswagen,ID.4,SUV,2024,2,Automatic,Electric,1,25147,26980
Subaru,Forester,SUV,2022,4,Automatic,Diesel,2,94449,14380
Volkswagen,Atlas,SUV,2019,7,Automatic,Petrol,2,78499,15480
Nissan,Sentra,Sedan,2020,6,CVT,Diesel,3,46793,8410
Tesla,Model S,Sedan,2018,8,Automatic,Electric,1,153661,24980
Audi,Q7,SUV,2024,2,Automatic,Diesel,1,15897,44050
Tesla,Model S,Sedan,2013,13,Automatic,Electric,2,181988,14220
Hyundai,i20,Hatchback,2018,8,Automatic,Petrol,2,65113,6020
Volkswagen,Jetta,Sedan,2026,0,Automatic,Petrol,1,500,20960
Hyundai,Sonata,Sedan,2023,3,Automatic,Hybrid,1,40100,17710
Ford,Mustang,Coupe,2014,12,CVT,Diesel,2,113591,7760
Nissan,Altima,Sedan,2014,12,Automatic,Petrol,3,125164,5990
Nissan,Murano,SUV,2020,6,Manual,Petrol,3,55537,14940
Ford,Explorer,SUV,2025,1,Manual,Petrol,1,7569,31530
Mercedes-Benz,GLC,SUV,2023,3,Automatic,Diesel,2,50411,27590
GMC,Sierra 1500,Truck,2020,6,Manual,Diesel,2,68884,16990
Subaru,Legacy,Sedan,2020,6,CVT,Hybrid,2,155419,8090
Mercedes-Benz,E-Class,Sedan,2024,2,CVT,Petrol,1,40714,39470
Mazda,Mazda3,Sedan,2020,6,Automatic,Petrol,1,101072,10090
Chevrolet,Camaro Convertible,Convertible,2021,5,Automatic,Petrol,2,68475,20810
Tesla,Model X,SUV,2022,4,Automatic,Electric,1,31532,47930
Ford,Fusion,Sedan,2017,9,Automatic,Diesel,2,142485,7880
Toyota,Tacoma,Truck,2020,6,Automatic,Petrol,3,97183,12640
Toyota,Corolla,Sedan,2024,2,Manual,Petrol,1,31988,15890
Mercedes-Benz,C-Class Coupe,Coupe,2021,5,Manual,Petrol,1,62211,25240
Kia,K5,Sedan,2025,1,Manual,Petrol,1,7834,18030
Honda,Fit,Hatchback,2022,4,Automatic,Petrol,1,53108,9870
BMW,Z4,Convertible,2019,7,Automatic,Petrol,3,88241,21900
Chevrolet,Camaro,Coupe,2021,5,CVT,Petrol,1,92469,16470
Toyota,Tundra,Truck,2025,1,Automatic,Petrol,1,8566,30270
Mazda,CX-5,SUV,2022,4,Automatic,Hybrid,2,78691,16870
GMC,Acadia,SUV,2021,5,Automatic,Petrol,2,34027,19550
Chrysler,Pacifica,Minivan,2014,12,Automatic,Petrol,4,134069,8870
GMC,Terrain,SUV,2025,1,Automatic,Petrol,1,15958,24580
Jeep,Compass,SUV,2023,3,CVT,Diesel,2,28463,17880
Kia,Sportage,SUV,2022,4,CVT,Petrol,2,30631,15600
Fiat,500,Hatchback,2018,8,Automatic,Diesel,1,177815,3870
Kia,Forte,Sedan,2016,10,Manual,Petrol,2,110272,6230
Kia,K5,Sedan,2025,1,Automatic,Diesel,1,12407,19030
GMC,Terrain,SUV,2022,4,Automatic,Petrol,2,29549,17540
Lexus,RX,SUV,2021,5,Automatic,Petrol,1,59235,24480
Audi,Q7,SUV,2015,11,Manual,Petrol,2,115357,15800
Lexus,ES,Sedan,2013,13,Automatic,Diesel,5,148580,8510
Volkswagen,Golf,Hatchback,2023,3,Automatic,Petrol,2,59161,15310
Ford,Fusion,Sedan,2024,2,Automatic,Petrol,1,18987,18800
Jeep,Grand Cherokee,SUV,2021,5,CVT,Petrol,2,87468,18900
Lexus,NX,SUV,2020,6,Automatic,Petrol,3,79816,19000
Subaru,Legacy,Sedan,2018,8,CVT,Petrol,2,122976,8070
Ford,Mustang Mach-E,SUV,2022,4,Automatic,Electric,2,56194,23660
Hyundai,Ioniq 5,SUV,2011,15,Automatic,Electric,2,199645,7510
Kia,Sorento,SUV,2025,1,Manual,Diesel,1,12154,23620
Tesla,Model X,SUV,2021,5,Automatic,Electric,1,92011,46140
Toyota,Tundra,Truck,2022,4,Automatic,Diesel,2,63438,21000
Toyota,GR86,Coupe,2017,9,CVT,Petrol,2,96686,9450
Nissan,Leaf,Hatchback,2019,7,Automatic,Electric,1,92962,11500
Mini,Cooper Convertible,Convertible,2019,7,Automatic,Petrol,1,153858,10710
Nissan,Leaf,Hatchback,2018,8,Automatic,Electric,3,91431,9360
Kia,Sportage,SUV,2020,6,Automatic,Diesel,3,69212,12710
Volkswagen,ID.4,SUV,2023,3,Automatic,Electric,2,73347,23900
Lexus,ES,Sedan,2025,1,Automatic,Diesel,1,12474,32420
Chevrolet,Camaro Convertible,Convertible,2025,1,Automatic,Petrol,1,7316,33660
GMC,Terrain,SUV,2022,4,Manual,Petrol,1,60937,17390
Audi,Q5,SUV,2015,11,Manual,Petrol,1,200361,9910
Mazda,CX-9,SUV,2023,3,CVT,Petrol,1,41080,25820
Mazda,CX-5,SUV,2026,0,Automatic,Petrol,1,500,28790
Lexus,ES,Sedan,2019,7,Manual,Petrol,3,104915,16460
Mercedes-Benz,C-Class Coupe,Coupe,2022,4,CVT,Petrol,1,34765,27490
Audi,Q7,SUV,2023,3,Manual,Petrol,1,50676,38280
Honda,Ridgeline,Truck,2023,3,Manual,Petrol,2,29441,25430
Volkswagen,Passat,Sedan,2022,4,Manual,Petrol,1,73831,14250
Mazda,Mazda6,Sedan,2020,6,Automatic,Petrol,3,132625,10520
BMW,3 Series,Sedan,2025,1,Automatic,Petrol,1,18384,38430
Mini,Cooper Convertible,Convertible,2023,3,Manual,Petrol,2,35271,17430
Audi,A6,Sedan,2022,4,Automatic,Petrol,2,76143,32460
Volkswagen,Passat,Sedan,2025,1,Automatic,Petrol,1,9622,22120
Ford,Fusion,Sedan,2024,2,Manual,Petrol,1,29979,16370
Skoda,Octavia,Sedan,2021,5,Manual,Diesel,1,78472,12630
Mercedes-Benz,GLE,SUV,2023,3,CVT,Petrol,1,53417,38830
Porsche,911,Coupe,2020,6,Automatic,Petrol,1,79255,55550
Honda,Accord,Sedan,2013,13,Automatic,Petrol,5,280008,1480
Toyota,Prius,Hatchback,2026,0,Manual,Petrol,1,500,23670
GMC,Terrain,SUV,2022,4,CVT,Petrol,1,33150,16470
Volvo,XC90,SUV,2024,2,Automatic,Diesel,1,18585,42400
Honda,Ridgeline,Truck,2022,4,Semi-Automatic,Petrol,2,52004,23940
Honda,Accord,Sedan,2022,4,CVT,Hybrid,1,32137,16510
Ford,Mustang Convertible,Convertible,2017,9,Automatic,Petrol,4,83297,12610
Toyota,Camry,Sedan,2018,8,Automatic,Petrol,2,178142,8020
Toyota,Prius Prime,Hatchback,2024,2,Automatic,Petrol,1,34947,20410
Mini,Cooper,Hatchback,2019,7,CVT,Petrol,2,110129,10160
Nissan,Sentra,Sedan,2015,11,Manual,Petrol,2,185034,4070
Volkswagen,ID.4,SUV,2022,4,Automatic,Electric,2,99743,20900
Honda,Fit,Hatchback,2011,15,CVT,Petrol,4,310573,1200
Kia,K5,Sedan,2023,3,Manual,Petrol,2,55410,13690
Chevrolet,Equinox,SUV,2023,3,Automatic,Petrol,1,18392,18790
GMC,Terrain,SUV,2020,6,Semi-Automatic,Petrol,1,45183,13980
Kia,EV6,SUV,2021,5,Automatic,Electric,2,89126,20970
BMW,5 Series,Sedan,2022,4,Automatic,Petrol,2,40737,33180
GMC,Terrain,SUV,2023,3,Manual,Petrol,1,50963,18520
Jeep,Compass,SUV,2018,8,Manual,Petrol,1,86484,10110
Nissan,Rogue,SUV,2022,4,Automatic,Hybrid,1,71896,16260
Ford,F-150,Truck,2016,10,Automatic,Hybrid,4,145756,10070
Suzuki,Swift,Hatchback,2014,12,Manual,Diesel,5,143624,3420
Honda,Odyssey,Minivan,2026,0,CVT,Petrol,1,500,32210
Mercedes-Benz,C-Class,Sedan,2022,4,CVT,Petrol,2,42604,24410
BMW,Z4,Convertible,2018,8,Automatic,Petrol,1,81940,20940
Mini,Cooper,Hatchback,2022,4,Manual,Diesel,2,48919,13920
Mercedes-Benz,GLE,SUV,2019,7,CVT,CNG,2,79616,24660
Jeep,Wrangler,SUV,2019,7,Automatic,Petrol,3,156950,13670
Lexus,NX,SUV,2018,8,Automatic,Diesel,2,148509,13110
Toyota,GR86,Coupe,2020,6,Automatic,Diesel,2,152063,12820
BMW,X3,SUV,2018,8,Semi-Automatic,Petrol,2,70985,18050
Volkswagen,Passat,Sedan,2022,4,Manual,Petrol,2,53951,13900
GMC,Sierra 1500,Truck,2021,5,CVT,Diesel,1,51432,19350
GMC,Terrain,SUV,2020,6,Automatic,Petrol,1,52819,15020
Lexus,NX,SUV,2015,11,Automatic,Diesel,1,174294,10120
Mercedes-Benz,C-Class,Sedan,2025,1,Automatic,Petrol,1,13379,39310
Toyota,Yaris,Sedan,2023,3,CVT,Petrol,2,31366,9590
Toyota,RAV4,SUV,2015,11,Automatic,Petrol,2,163858,7910
Volkswagen,Jetta,Sedan,2019,7,Manual,Petrol,2,127148,6700
Volkswagen,Passat,Sedan,2025,1,CVT,CNG,1,8042,20570
Jeep,Compass,SUV,2025,1,Automatic,Diesel,1,26241,20680
Chevrolet,Malibu,Sedan,2022,4,Manual,Petrol,1,72878,14150
Audi,A4,Sedan,2022,4,Automatic,CNG,2,90966,21090
Ford,Mustang Convertible,Convertible,2024,2,Automatic,Petrol,1,26252,28480
Audi,A5,Coupe,2011,15,Manual,Diesel,5,117540,7540
Tesla,Model 3,Sedan,2015,11,Automatic,Electric,1,237291,7420
Ford,Mustang Convertible,Convertible,2018,8,CVT,Diesel,1,88306,13890
Volkswagen,Passat,Sedan,2024,2,Automatic,Petrol,1,28168,20260
Toyota,RAV4,SUV,2017,9,Automatic,Hybrid,3,78141,10680
Ford,F-150,Truck,2022,4,Manual,CNG,2,55439,19310
Honda,Fit,Hatchback,2012,14,Automatic,Diesel,3,151174,3110
Jeep,Wrangler,SUV,2020,6,CVT,Hybrid,2,59822,17520
Chrysler,Pacifica,Minivan,2025,1,Automatic,Petrol,1,17911,31200
Toyota,Prius Prime,Hatchback,2024,2,Automatic,Diesel,1,24970,22500
Ford,Fusion,Sedan,2017,9,Automatic,Petrol,3,159322,6420
Mini,Cooper Convertible,Convertible,2021,5,Automatic,Petrol,2,89644,14020
Lexus,RX,SUV,2020,6,Manual,Petrol,3,54326,19370
Skoda,Octavia,Sedan,2013,13,Automatic,Petrol,4,201464,4060
Kia,Carnival,Minivan,2024,2,Automatic,Petrol,1,17306,24650
BMW,X5,SUV,2026,0,CVT,Hybrid,1,500,59140
Land Rover,Range Rover Evoque,SUV,2017,9,Manual,Petrol,3,100903,14630
Chrysler,Pacifica,Minivan,2013,13,Semi-Automatic,Petrol,1,135899,9050
Volvo,XC60,SUV,2013,13,Automatic,Petrol,3,98691,9540
Kia,Carnival,Minivan,2021,5,Automatic,Petrol,2,76938,18260
Chevrolet,Silverado 1500,Truck,2022,4,Automatic,Diesel,1,38163,19630
Volkswagen,Passat,Sedan,2016,10,Manual,CNG,4,74946,6890
Volkswagen,ID.4,SUV,2018,8,Automatic,Electric,3,73881,14730
Hyundai,i20,Hatchback,2017,9,Automatic,Diesel,3,160626,2890
Volvo,XC90,SUV,2021,5,Automatic,Diesel,1,76809,30270
Toyota,Prius,Hatchback,2021,5,Manual,Hybrid,1,77949,13770
Toyota,Corolla,Sedan,2021,5,Automatic,Diesel,2,91871,10020
Toyota,GR86,Coupe,2024,2,Automatic,Petrol,1,27045,23380
Ford,Mustang Convertible,Convertible,2024,2,Automatic,Diesel,1,21469,27590
Nissan,Versa,Hatchback,2021,5,CVT,Diesel,2,80305,7450
Land Rover,Range Rover Evoque,SUV,2018,8,Semi-Automatic,Petrol,3,106665,18380
Skoda,Octavia,Sedan,2015,11,Automatic,Petrol,3,124711,6360
BMW,4 Series,Coupe,2013,13,Automatic,Petrol,1,181509,11820
Mercedes-Benz,E-Class,Sedan,2024,2,Automatic,Petrol,1,38740,41050
Jeep,Wrangler,SUV,2018,8,Automatic,Petrol,3,144493,11610
Honda,Fit,Hatchback,2017,9,Automatic,Hybrid,2,116144,6090
Lexus,IS,Sedan,2018,8,Automatic,Diesel,3,126521,13240
Mini,Cooper,Hatchback,2024,2,Manual,Diesel,1,26500,19000
Hyundai,Santa Fe,SUV,2025,1,Automatic,Petrol,1,14844,25270
Tesla,Model X,SUV,2016,10,Automatic,Electric,4,154989,24640
Volkswagen,Tiguan,SUV,2023,3,Automatic,Petrol,2,49115,16860
Toyota,Prius Prime,Hatchback,2017,9,CVT,Diesel,4,102035,9220
Chevrolet,Traverse,SUV,2023,3,CVT,Hybrid,1,35196,24730
Kia,Sportage,SUV,2024,2,CVT,Diesel,1,25214,19240
Toyota,RAV4,SUV,2019,7,Manual,Diesel,3,50445,11060
BMW,3 Series,Sedan,2024,2,Automatic,Petrol,1,24742,31820
Mazda,MX-5 Miata,Convertible,2020,6,Automatic,Petrol,1,137608,12830
Lexus,RX,SUV,2025,1,Manual,Hybrid,1,8591,38360
Toyota,Sienna,Minivan,2022,4,Manual,Petrol,1,45040,21710
Toyota,Yaris Hatchback,Hatchback,2019,7,Manual,Petrol,2,80254,7060
Nissan,Altima,Sedan,2023,3,Automatic,Petrol,2,56473,17130
Hyundai,Santa Fe,SUV,2025,1,Manual,Petrol,1,13173,26130
Chevrolet,Camaro Convertible,Convertible,2021,5,CVT,Petrol,1,42379,20670
Hyundai,Elantra,Sedan,2014,12,Automatic,Petrol,3,217548,2640
Nissan,Titan,Truck,2023,3,CVT,Petrol,2,27696,21950
Hyundai,i20,Hatchback,2019,7,Automatic,Petrol,3,94726,6390
Subaru,Outback,SUV,2024,2,Manual,Petrol,1,40928,21420
Mazda,MX-5 Miata,Convertible,2022,4,Semi-Automatic,Petrol,2,64633,16180
Mercedes-Benz,C-Class,Sedan,2018,8,CVT,Diesel,2,88331,15910
Hyundai,Veloster,Coupe,2023,3,Semi-Automatic,Petrol,1,35885,15620
Kia,Sportage,SUV,2018,8,Automatic,Petrol,2,129773,9060
Chevrolet,Spark,Hatchback,2023,3,Automatic,Petrol,2,60696,9120
Chevrolet,Camaro Convertible,Convertible,2026,0,Automatic,Petrol,1,500,38830
Nissan,Sentra,Sedan,2025,1,Automatic,Diesel,1,17328,16470
Nissan,370Z,Coupe,2023,3,CVT,Petrol,1,46667,23010
Mini,Cooper Convertible,Convertible,2018,8,Automatic,Petrol,3,100742,11420
Volkswagen,Tiguan,SUV,2019,7,Automatic,CNG,2,125990,10210
Audi,Q5,SUV,2025,1,Automatic,Petrol,1,10108,35610
Suzuki,Swift,Hatchback,2015,11,Manual,Petrol,3,131833,3940
Ford,Mustang,Coupe,2019,7,Automatic,Hybrid,3,101735,14300
Mercedes-Benz,GLC,SUV,2018,8,Automatic,CNG,3,46790,16620
Mini,Cooper Convertible,Convertible,2020,6,CVT,Petrol,1,49444,14100
Honda,Ridgeline,Truck,2021,5,CVT,Petrol,2,104048,19830
Chevrolet,Equinox,SUV,2025,1,Automatic,Petrol,1,22387,21790
Nissan,Titan,Truck,2017,9,CVT,Petrol,1,184207,10030
BMW,5 Series,Sedan,2016,10,CVT,Diesel,4,238317,12670
Ford,Explorer,SUV,2024,2,Manual,Hybrid,1,32370,28880
Audi,Q5,SUV,2019,7,Manual,Petrol,1,106251,19420
BMW,5 Series,Sedan,2019,7,Automatic,Petrol,3,75988,22210
Nissan,Versa,Hatchback,2015,11,Automatic,Diesel,4,171834,3380
Kia,Rio,Hatchback,2023,3,Automatic,Petrol,2,78072,10490
Honda,Insight,Sedan,2021,5,Automatic,Hybrid,2,93214,11550
Jeep,Compass,SUV,2025,1,Automatic,Petrol,1,15808,22780
GMC,Sierra 1500,Truck,2020,6,CVT,Petrol,1,117163,18210
Chevrolet,Traverse,SUV,2025,1,Manual,Petrol,1,13965,27670
Nissan,Leaf,Hatchback,2023,3,Automatic,Electric,2,33467,16280
Nissan,Altima,Sedan,2018,8,CVT,Petrol,3,120050,8470
Lexus,RX,SUV,2019,7,Manual,Diesel,1,74714,20830
Kia,Sorento,SUV,2016,10,Automatic,Petrol,1,154347,10580
Subaru,Outback,SUV,2023,3,Automatic,Petrol,1,23344,20750
Honda,CR-V,SUV,2024,2,Automatic,Petrol,1,41067,21740
Toyota,Sienna,Minivan,2016,10,Automatic,Petrol,2,156075,10920
Lexus,IS,Sedan,2025,1,Manual,Diesel,1,10275,30460
Honda,CR-V,SUV,2019,7,Automatic,Petrol,2,94186,13310
Ford,Mustang Convertible,Convertible,2023,3,CVT,Petrol,1,40999,24810
Volvo,XC60,SUV,2017,9,Automatic,Petrol,4,122088,13380
Nissan,Altima,Sedan,2015,11,Automatic,Petrol,3,86650,6780
Chevrolet,Traverse,SUV,2018,8,CVT,Petrol,3,103533,12980
BMW,Z4,Convertible,2022,4,Manual,Petrol,2,70271,27580
Toyota,RAV4,SUV,2020,6,Manual,Petrol,3,93110,12190
Mazda,CX-5,SUV,2023,3,Automatic,Diesel,2,43198,17320
BMW,Z4,Convertible,2023,3,CVT,CNG,2,18510,32030
Volvo,XC90,SUV,2022,4,CVT,Petrol,1,75544,34470
Nissan,Leaf,Hatchback,2021,5,Automatic,Electric,2,99362,12690
Toyota,Prius Prime,Hatchback,2017,9,Automatic,Hybrid,1,90478,10740
Kia,Sorento,SUV,2022,4,Manual,Hybrid,2,56827,18610
Lexus,NX,SUV,2023,3,Automatic,Petrol,1,55349,27610
Mercedes-Benz,GLE,SUV,2026,0,Manual,Diesel,1,500,58780
Audi,A5,Coupe,2021,5,Automatic,Hybrid,2,86333,25990
Toyota,Prius Prime,Hatchback,2018,8,Automatic,Petrol,1,160517,9970
Volvo,XC90,SUV,2018,8,Manual,Petrol,2,95974,20150
Nissan,Rogue,SUV,2022,4,Automatic,Hybrid,1,40733,19100
Fiat,500,Hatchback,2019,7,Automatic,Petrol,1,47866,7850
Ford,Explorer,SUV,2019,7,Automatic,Petrol,1,173267,13660
Ford,Focus,Hatchback,2020,6,Automatic,Diesel,3,54650,9470
GMC,Terrain,SUV,2022,4,Automatic,Petrol,2,43108,16580
Mercedes-Benz,GLE,SUV,2023,3,Automatic,Hybrid,2,46012,41460
Ford,Mustang Convertible,Convertible,2023,3,Manual,Diesel,2,32723,21890
Kia,Sportage,SUV,2013,13,Semi-Automatic,Petrol,3,102706,5840
Mercedes-Benz,GLE,SUV,2022,4,Automatic,Petrol,1,44575,35870
Kia,K5,Sedan,2015,11,Automatic,Hybrid,3,228752,3100
Nissan,Titan,Truck,2020,6,CVT,Petrol,2,84427,16680
Hyundai,i20,Hatchback,2020,6,CVT,Diesel,2,82087,6630
Nissan,Versa,Hatchback,2024,2,Automatic,Petrol,1,30078,11390
Nissan,Sentra,Sedan,2022,4,Automatic,Petrol,1,26284,12660
Toyota,Camry,Sedan,2022,4,CVT,Petrol,2,50756,15020
Hyundai,Ioniq 5,SUV,2025,1,Automatic,Electric,1,9495,31390
Mazda,Mazda3,Sedan,2019,7,Automatic,Petrol,2,60751,9350
Mazda,CX-9,SUV,2023,3,Manual,Petrol,1,35616,22370
Honda,Fit,Hatchback,2021,5,Automatic,Diesel,1,84630,8850
Mercedes-Benz,C-Class,Sedan,2025,1,Automatic,Petrol,1,9858,36690
Mercedes-Benz,C-Class Coupe,Coupe,2020,6,Automatic,Petrol,2,61080,22340
Chevrolet,Malibu,Sedan,2019,7,Automatic,Diesel,2,56834,10610
Tesla,Model S,Sedan,2019,7,Automatic,Electric,1,129333,27520
Audi,Q5,SUV,2022,4,Manual,CNG,2,47431,24030
Volkswagen,Jetta,Sedan,2026,0,Automatic,Petrol,1,500,22440
Renault,Clio,Hatchback,2017,9,Automatic,Hybrid,2,100801,6970
Audi,Q7,SUV,2023,3,Automatic,Petrol,2,40222,40120
Mazda,CX-9,SUV,2023,3,Manual,Petrol,2,43798,22310
Volkswagen,Atlas,SUV,2022,4,Semi-Automatic,Petrol,2,54058,20590
Mercedes-Benz,GLC,SUV,2017,9,Manual,Hybrid,1,122265,16700
Ford,Fusion,Sedan,2022,4,Automatic,Petrol,1,74803,12590
Nissan,370Z,Coupe,2022,4,Automatic,Petrol,2,69030,20280
Ford,Fusion,Sedan,2015,11,Automatic,Petrol,2,160789,6340
Suzuki,Swift,Hatchback,2025,1,Manual,Hybrid,1,11833,11920
Subaru,Forester,SUV,2023,3,Automatic,Petrol,1,48611,19040
Toyota,Prius,Hatchback,2023,3,Automatic,Hybrid,1,29526,18480
Renault,Clio,Hatchback,2020,6,Automatic,Petrol,3,114006,7290
Mazda,CX-9,SUV,2022,4,Automatic,Diesel,1,51850,21040
Porsche,911,Coupe,2026,0,Automatic,Diesel,1,500,104760
Hyundai,Santa Fe,SUV,2025,1,Automatic,Petrol,1,11835,27980
Peugeot,208,Hatchback,2019,7,CVT,Petrol,2,61157,7710
BMW,4 Series,Coupe,2022,4,Manual,Diesel,2,58373,25410
Ford,Focus,Hatchback,2026,0,Automatic,Diesel,1,500,20170
Toyota,GR86,Coupe,2020,6,Automatic,Petrol,1,57698,13740
Volkswagen,Golf,Hatchback,2023,3,CVT,Petrol,2,46414,16610
Hyundai,Tucson,SUV,2024,2,CVT,Hybrid,1,23788,22490
Subaru,Forester,SUV,2022,4,Automatic,Petrol,2,70179,15190
Tesla,Model 3,Sedan,2019,7,Automatic,Electric,2,116824,15740
Suzuki,Swift,Hatchback,2023,3,Manual,Petrol,1,70924,8400
Kia,K5,Sedan,2022,4,Manual,Petrol,2,51948,12630
Volkswagen,Tiguan,SUV,2025,1,Automatic,Diesel,1,21405,22220
Mazda,MX-5 Miata,Convertible,2020,6,Manual,Petrol,2,159287,9220
Toyota,GR86,Coupe,2022,4,Manual,Petrol,1,68852,16370
GMC,Sierra 1500,Truck,2023,3,Automatic,Petrol,2,28753,25500
Audi,Q5,SUV,2019,7,CVT,Petrol,1,53043,21150
Peugeot,208,Hatchback,2023,3,Automatic,Petrol,2,38604,12520
Kia,K5,Sedan,2019,7,Manual,Petrol,2,87323,9220
Nissan,Sentra,Sedan,2018,8,Automatic,Petrol,3,51492,8090
Mercedes-Benz,GLE,SUV,2020,6,Automatic,Petrol,1,100048,31220
Land Rover,Range Rover Sport,SUV,2021,5,Automatic,Petrol,2,62532,42650
Honda,Pilot,SUV,2022,4,Manual,Petrol,2,71399,21780
Toyota,Corolla,Sedan,2021,5,Automatic,Petrol,1,117629,11600
Kia,Sorento,SUV,2024,2,Automatic,Hybrid,1,23563,26460
Audi,Q5,SUV,2020,6,Manual,Petrol,3,111175,18940
Honda,Pilot,SUV,2024,2,Manual,CNG,1,30401,27840
Ford,Explorer,SUV,2021,5,Manual,Petrol,1,80712,18860
Nissan,Rogue,SUV,2022,4,Manual,Petrol,2,38031,15090
Ram,1500,Truck,2014,12,Automatic,Petrol,1,143681,9770
Ford,Mustang Convertible,Convertible,2021,5,Automatic,Diesel,2,56752,19540
Land Rover,Range Rover Sport,SUV,2024,2,Automatic,Petrol,1,16836,62610
BMW,5 Series,Sedan,2014,12,Automatic,Petrol,3,94391,13960
Nissan,Altima,Sedan,2025,1,Manual,Petrol,1,15199,20130
BMW,3 Series,Sedan,2024,2,Automatic,Petrol,1,43300,33200
Honda,Civic,Sedan,2023,3,Automatic,Petrol,1,51780,15910
Audi,A5,Coupe,2020,6,Automatic,Petrol,3,113114,20600
Volkswagen,Atlas,SUV,2021,5,Automatic,Diesel,2,46622,18640
Toyota,Camry,Sedan,2024,2,Automatic,Petrol,1,17080,22030
Mazda,Mazda6,Sedan,2022,4,Automatic,Petrol,1,49328,16080
BMW,X3,SUV,2025,1,Automatic,Hybrid,1,16050,38930
Ford,Fusion,Sedan,2018,8,Automatic,Petrol,2,80163,8830
Toyota,RAV4,SUV,2023,3,Automatic,Hybrid,2,26789,19180
Land Rover,Range Rover Sport,SUV,2017,9,Automatic,Petrol,2,121461,26660
Nissan,Sentra,Sedan,2017,9,Automatic,Petrol,1,107184,7450
Kia,Carnival,Minivan,2024,2,Automatic,Petrol,1,30340,24950
Honda,Odyssey,Minivan,2020,6,CVT,Diesel,3,42387,14020
Peugeot,208,Hatchback,2019,7,Automatic,Diesel,3,62393,7900
Toyota,Yaris,Sedan,2023,3,Semi-Automatic,Petrol,1,27507,11820
Chevrolet,Bolt EV,Hatchback,2025,1,Automatic,Electric,1,16976,19580
Toyota,Tacoma,Truck,2019,7,CVT,Petrol,2,54889,13460
Toyota,Sienna,Minivan,2022,4,Semi-Automatic,Petrol,1,61472,20720
Mazda,Mazda6,Sedan,2018,8,CVT,Petrol,2,93905,9480
Mazda,CX-5,SUV,2021,5,Manual,Petrol,2,35892,13850
Ram,1500,Truck,2021,5,CVT,Petrol,1,61315,19920
Ford,F-150,Truck,2020,6,Automatic,Petrol,2,74325,18260
Kia,Sorento,SUV,2019,7,CVT,Hybrid,3,65911,14290
Nissan,Altima,Sedan,2020,6,Semi-Automatic,Petrol,3,70281,11750
Chevrolet,Equinox,SUV,2023,3,Automatic,Hybrid,2,53699,17600
Toyota,Tacoma,Truck,2020,6,CVT,Petrol,3,46311,13410
Mazda,Mazda6,Sedan,2016,10,Automatic,Petrol,4,59454,7390
GMC,Sierra 1500,Truck,2023,3,Automatic,Petrol,1,67263,22780
Toyota,Prius Prime,Hatchback,2019,7,Automatic,Hybrid,2,177163,11600
Suzuki,Swift,Hatchback,2013,13,Automatic,Petrol,3,176906,3040
Nissan,Titan,Truck,2018,8,Manual,Petrol,3,137989,11090
Mini,Cooper Convertible,Convertible,2018,8,CVT,Petrol,2,56167,11890
Chrysler,Pacifica,Minivan,2020,6,Automatic,Petrol,2,61933,16770
Tesla,Model S,Sedan,2025,1,Automatic,Electric,1,11999,60690
Suzuki,Swift,Hatchback,2024,2,Manual,Petrol,1,44281,9910
Toyota,Highlander,SUV,2016,10,Manual,Petrol,4,170643,10320
Honda,Fit,Hatchback,2024,2,Automatic,Petrol,1,34838,12340
Land Rover,Range Rover Sport,SUV,2023,3,Automatic,Petrol,2,29593,49760
Honda,Civic,Sedan,2020,6,CVT,Petrol,1,103736,10160
Volvo,XC90,SUV,2026,0,Automatic,Petrol,1,500,58700
Ford,Focus,Hatchback,2019,7,Automatic,Petrol,2,161525,5710
Mazda,MX-5 Miata,Convertible,2023,3,Automatic,Petrol,1,41535,17890
Honda,Ridgeline,Truck,2017,9,Semi-Automatic,Petrol,1,76862,14210
Lexus,IS,Sedan,2013,13,Manual,Petrol,5,137518,6760
Ford,Mustang,Coupe,2019,7,Automatic,Diesel,1,87501,14270
Ford,Mustang Convertible,Convertible,2015,11,Semi-Automatic,Diesel,4,118782,9700
Kia,Rio,Hatchback,2016,10,Automatic,Petrol,4,154708,4000
Peugeot,208,Hatchback,2024,2,Automatic,Diesel,1,35834,13690
BMW,Z4,Convertible,2022,4,Manual,Petrol,2,37525,29740
Tesla,Model S,Sedan,2024,2,Automatic,Electric,1,40121,51220
Peugeot,208,Hatchback,2025,1,Manual,Hybrid,1,8432,16130
Kia,Forte,Sedan,2019,7,Manual,Diesel,2,97362,8120
Kia,Carnival,Minivan,2022,4,Automatic,Petrol,1,45482,21440
Audi,A4,Sedan,2015,11,Automatic,Hybrid,4,154168,11870
Chrysler,Pacifica,Minivan,2018,8,Manual,Hybrid,3,120405,11350
Honda,Odyssey,Minivan,2022,4,Automatic,CNG,1,63608,18130
Toyota,Highlander,SUV,2019,7,Automatic,Hybrid,3,74849,16380
Mercedes-Benz,GLE,SUV,2024,2,Manual,Petrol,1,35315,46180
Honda,Fit,Hatchback,2024,2,Automatic,Petrol,1,16497,12640
Audi,Q5,SUV,2023,3,Automatic,Diesel,2,33197,28910
GMC,Acadia,SUV,2016,10,Semi-Automatic,Diesel,3,113789,10220
Kia,Sorento,SUV,2025,1,Automatic,Hybrid,1,27224,27920
BMW,5 Series,Sedan,2019,7,Automatic,CNG,2,51715,23540
Honda,City,Sedan,2021,5,Manual,Petrol,2,53468,8260
Audi,A4,Sedan,2020,6,Semi-Automatic,Petrol,3,116081,17120
Toyota,Prius Prime,Hatchback,2025,1,Automatic,Diesel,1,10849,24060
Mercedes-Benz,C-Class,Sedan,2026,0,Automatic,Petrol,1,500,46020
Kia,Forte,Sedan,2021,5,Manual,Petrol,2,66702,10490
Porsche,911,Coupe,2019,7,Automatic,Petrol,1,57373,48680
Toyota,GR86,Coupe,2024,2,Automatic,Petrol,1,28583,20610
Kia,Sorento,SUV,2025,1,Automatic,Hybrid,1,11952,29780
Toyota,Tacoma,Truck,2023,3,Semi-Automatic,Petrol,1,63620,21070
Honda,Civic,Sedan,2022,4,Automatic,Hybrid,2,42876,14110
Land Rover,Range Rover Sport,SUV,2026,0,Manual,Petrol,1,500,78680
Chevrolet,Equinox,SUV,2020,6,Automatic,Petrol,1,58109,13650
Mazda,Mazda3,Sedan,2021,5,Manual,Petrol,2,71678,10300
Ford,Fusion,Sedan,2026,0,Automatic,Petrol,1,500,23640
Mazda,Mazda3,Sedan,2024,2,Manual,Diesel,1,30157,14550
Toyota,Sienna,Minivan,2023,3,CVT,CNG,1,66513,22780
Hyundai,Veloster,Coupe,2019,7,Manual,Petrol,2,103246,7900
Nissan,Murano,SUV,2024,2,Automatic,Petrol,1,43976,26670
Subaru,Outback,SUV,2021,5,Automatic,Petrol,2,31447,14540
Honda,Fit,Hatchback,2022,4,CVT,Petrol,1,72087,9250
Toyota,Prius Prime,Hatchback,2024,2,CVT,Petrol,1,30323,22010
Nissan,Murano,SUV,2023,3,Automatic,Petrol,2,43515,23890
Volkswagen,Passat,Sedan,2021,5,Automatic,Petrol,1,38847,13240
Kia,EV6,SUV,2018,8,Automatic,Electric,3,113448,15900
Nissan,Rogue,SUV,2025,1,CVT,Petrol,1,21038,23820
Skoda,Octavia,Sedan,2018,8,Automatic,Petrol,1,73498,10100
Ford,Fusion,Sedan,2016,10,Manual,Petrol,2,126239,6580
Subaru,Legacy,Sedan,2020,6,Manual,Diesel,3,111918,8600
Honda,Insight,Sedan,2015,11,CVT,Diesel,2,142174,6610
Toyota,Prius,Hatchback,2013,13,Manual,Petrol,5,242416,3140
Kia,Rio,Hatchback,2021,5,Semi-Automatic,Diesel,1,63471,9250
Volkswagen,Atlas,SUV,2012,14,Manual,Petrol,3,209468,5580
Chrysler,Pacifica,Minivan,2013,13,Automatic,Petrol,4,231294,6070
Chevrolet,Camaro Convertible,Convertible,2023,3,Automatic,Hybrid,2,75879,27070
Porsche,911,Coupe,2019,7,Automatic,Petrol,3,86155,45470
Lexus,RX,SUV,2020,6,Automatic,Diesel,3,104939,20930
Ford,Mustang,Coupe,2012,14,Automatic,Petrol,5,134566,6070
Ford,Mustang,Coupe,2019,7,CVT,Petrol,1,156702,12600
Chevrolet,Equinox,SUV,2020,6,CVT,Petrol,1,46455,13350
Chevrolet,Equinox,SUV,2024,2,Automatic,Petrol,1,19106,20960
Ford,Fusion,Sedan,2018,8,Automatic,Hybrid,3,59246,9670
Chrysler,Pacifica,Minivan,2021,5,Automatic,Petrol,2,97227,17450
Kia,Rio,Hatchback,2024,2,Automatic,Petrol,1,23068,13210
Toyota,Prius Prime,Hatchback,2022,4,Automatic,Hybrid,2,49179,16930
Nissan,Sentra,Sedan,2025,1,Automatic,Petrol,1,16018,16320
Mazda,CX-5,SUV,2024,2,Automatic,Diesel,1,41379,20520
BMW,Z4,Convertible,2023,3,CVT,Diesel,2,34990,33650
Audi,Q7,SUV,2020,6,Manual,Petrol,2,65708,27450
Hyundai,i20,Hatchback,2014,12,Automatic,Petrol,5,106496,3310
Volkswagen,Atlas,SUV,2020,6,Manual,Petrol,3,92079,15780
Lexus,IS,Sedan,2023,3,Manual,Petrol,2,28607,24030
Ford,Explorer,SUV,2017,9,Semi-Automatic,Diesel,4,177585,9790
Lexus,RX,SUV,2019,7,CVT,Petrol,2,86548,21150
Honda,Civic,Sedan,2022,4,Automatic,Hybrid,1,28104,14430
Nissan,Altima,Sedan,2016,10,Automatic,Petrol,1,156163,7010
Chevrolet,Camaro,Coupe,2020,6,Automatic,Diesel,1,74696,15320
Subaru,Legacy,Sedan,2026,0,Automatic,Petrol,1,500,24190
Toyota,Prius Prime,Hatchback,2021,5,Automatic,Hybrid,2,67294,15710
Hyundai,Veloster,Coupe,2018,8,CVT,Petrol,3,100153,8130
Tesla,Model S,Sedan,2018,8,Automatic,Electric,1,116191,28350
Kia,Rio,Hatchback,2021,5,Automatic,Petrol,2,68574,9250
Tesla,Model 3,Sedan,2026,0,Automatic,Electric,1,500,36500
Tesla,Model 3,Sedan,2024,2,Automatic,Electric,1,23698,29110
Audi,Q5,SUV,2017,9,Automatic,Petrol,3,120143,15880
Volkswagen,Passat,Sedan,2021,5,Manual,Petrol,2,70404,11890
GMC,Terrain,SUV,2024,2,Manual,Petrol,1,21754,19950
Honda,Civic,Sedan,2021,5,Automatic,Petrol,2,42603,11510
Skoda,Octavia,Sedan,2020,6,CVT,Petrol,2,72506,11490
BMW,5 Series,Sedan,2015,11,Automatic,Petrol,2,267005,12320
Ford,Escape,SUV,2017,9,Automatic,Petrol,1,96821,9900
Honda,Accord,Sedan,2019,7,Automatic,Petrol,2,63819,12880
Mazda,Mazda6,Sedan,2021,5,Automatic,Petrol,1,54630,13410
Hyundai,Tucson,SUV,2020,6,Manual,Petrol,2,112027,11340
Kia,Forte,Sedan,2020,6,CVT,Petrol,1,55958,10160
Honda,Civic,Sedan,2025,1,Automatic,Diesel,1,17169,19190
BMW,4 Series,Coupe,2025,1,Automatic,Diesel,1,20702,39910
Suzuki,Swift,Hatchback,2019,7,Manual,Petrol,2,145349,4640
Kia,Sorento,SUV,2022,4,Manual,Petrol,2,74585,17730
Hyundai,Sonata,Sedan,2025,1,Automatic,Hybrid,1,8745,21690
Volkswagen,ID.4,SUV,2024,2,Automatic,Electric,1,53556,28140
Toyota,Sienna,Minivan,2018,8,Manual,Diesel,3,113381,11990
Toyota,Camry,Sedan,2021,5,Automatic,Diesel,1,86438,13530
Nissan,Versa,Hatchback,2021,5,Automatic,Petrol,2,65397,9060
Honda,CR-V,SUV,2019,7,Manual,Petrol,2,71475,11870
Lexus,ES,Sedan,2023,3,Manual,Petrol,2,35271,27910
Honda,Insight,Sedan,2025,1,Manual,Petrol,1,12695,20720
Toyota,RAV4,SUV,2022,4,Automatic,Diesel,2,46651,17260
Skoda,Octavia,Sedan,2016,10,Manual,Petrol,1,117872,7420
Mercedes-Benz,C-Class,Sedan,2021,5,Semi-Automatic,Petrol,1,58265,25900
Mercedes-Benz,GLC,SUV,2015,11,CVT,Hybrid,1,132502,13470
Chevrolet,Camaro,Coupe,2023,3,Manual,Petrol,2,33227,20540
Mazda,CX-9,SUV,2019,7,CVT,Diesel,1,65318,15540
Kia,Carnival,Minivan,2020,6,CVT,Petrol,1,105860,14980
GMC,Sierra 1500,Truck,2021,5,Automatic,Petrol,2,83632,20440
Ford,Mustang Convertible,Convertible,2023,3,Automatic,Petrol,1,76832,26250
Toyota,Yaris,Sedan,2026,0,CVT,Petrol,1,500,16740
Nissan,370Z,Coupe,2016,10,Automatic,Petrol,1,130018,11650
Mazda,CX-9,SUV,2018,8,Automatic,Petrol,2,144153,13430
Jeep,Grand Cherokee,SUV,2015,11,Automatic,Petrol,1,269679,9060
Mercedes-Benz,GLC,SUV,2023,3,Automatic,Petrol,2,32812,29070
Hyundai,Elantra,Sedan,2019,7,Automatic,Petrol,3,156678,7680
Fiat,500,Hatchback,2022,4,CVT,Petrol,1,91635,9610
Nissan,370Z,Coupe,2024,2,Automatic,Petrol,1,36990,24850
Toyota,Prius,Hatchback,2021,5,Manual,Hybrid,2,58024,12880
Honda,Civic,Sedan,2019,7,CVT,Petrol,1,58860,10470
Ford,Explorer,SUV,2015,11,Automatic,Petrol,3,195602,7820
BMW,X3,SUV,2017,9,Semi-Automatic,Hybrid,3,78884,17110
Tesla,Model X,SUV,2017,9,Automatic,Electric,4,106848,26000
Honda,Accord,Sedan,2022,4,Automatic,Petrol,2,55501,16390
Chevrolet,Equinox,SUV,2019,7,CVT,Petrol,2,55310,10810
Toyota,Yaris Hatchback,Hatchback,2015,11,Automatic,Petrol,4,211098,2680
Jeep,Wrangler,SUV,2017,9,Automatic,Petrol,3,126488,11680
BMW,4 Series,Coupe,2016,10,Automatic,Petrol,2,124595,14990
Toyota,Tundra,Truck,2023,3,Automatic,Diesel,1,33820,26950
Mini,Cooper Convertible,Convertible,2019,7,Manual,Petrol,1,66632,13620
Renault,Clio,Hatchback,2025,1,Manual,Diesel,1,11000,15350
Nissan,370Z,Coupe,2017,9,Semi-Automatic,Diesel,4,121237,10930
Chevrolet,Bolt EV,Hatchback,2022,4,Automatic,Electric,2,82720,13020
Chevrolet,Traverse,SUV,2022,4,Semi-Automatic,Diesel,1,67336,20610
Honda,Ridgeline,Truck,2024,2,Manual,Petrol,1,20821,28010
Nissan,Rogue,SUV,2026,0,Automatic,Hybrid,1,500,29440
Volvo,XC90,SUV,2024,2,Automatic,Petrol,1,17391,41080
Volkswagen,Jetta,Sedan,2023,3,Manual,Petrol,1,28668,13740
Volkswagen,Passat,Sedan,2021,5,Automatic,Hybrid,1,67140,14550
Kia,K5,Sedan,2014,12,Manual,Petrol,3,165362,5170
Subaru,Forester,SUV,2021,5,Manual,Petrol,1,70839,13750
Hyundai,Santa Fe,SUV,2019,7,Automatic,Petrol,3,95729,13070
Lexus,RX,SUV,2016,10,Automatic,Petrol,3,149386,14430
Volkswagen,Jetta,Sedan,2022,4,Automatic,Petrol,2,79065,11690
Ford,Fusion,Sedan,2022,4,Manual,Diesel,1,101896,10980
Mini,Cooper Convertible,Convertible,2023,3,Automatic,Diesel,1,55048,19320
Chevrolet,Spark,Hatchback,2025,1,Automatic,Diesel,1,11762,12830
Toyota,Prius,Hatchback,2021,5,Automatic,Hybrid,1,39695,15840
Audi,A6,Sedan,2024,2,Automatic,Diesel,1,30920,38900
Chevrolet,Camaro Convertible,Convertible,2017,9,Automatic,Petrol,1,92771,14000
Nissan,Altima,Sedan,2024,2,CVT,Petrol,1,32606,19710
Mazda,CX-9,SUV,2024,2,Automatic,Petrol,1,32585,28860
Volkswagen,Passat,Sedan,2024,2,Manual,Hybrid,1,40610,19050
Mazda,CX-5,SUV,2018,8,Automatic,Petrol,3,81517,9940
Volkswagen,Atlas,SUV,2024,2,CVT,Petrol,1,25976,27770
BMW,X3,SUV,2025,1,Automatic,Petrol,1,11073,39410
Toyota,Tundra,Truck,2022,4,Automatic,Petrol,2,43786,21260
Lexus,NX,SUV,2024,2,Automatic,Hybrid,1,20317,30520
Kia,Sportage,SUV,2022,4,Automatic,Hybrid,2,80143,15770
Kia,Forte,Sedan,2016,10,Automatic,Hybrid,2,219355,4710
Ford,Mustang Convertible,Convertible,2017,9,Automatic,Petrol,1,108457,14270
Toyota,Yaris Hatchback,Hatchback,2020,6,Manual,Petrol,2,55527,8110
Honda,Pilot,SUV,2021,5,Manual,Petrol,1,83310,20960
BMW,Z4,Convertible,2026,0,Automatic,Diesel,1,500,50510
Chevrolet,Bolt EV,Hatchback,2013,13,Automatic,Electric,1,212534,4240
Lexus,IS,Sedan,2022,4,Automatic,Diesel,1,35533,23750
Mini,Cooper,Hatchback,2017,9,Automatic,Petrol,4,130392,8560
Toyota,Yaris,Sedan,2021,5,Automatic,Diesel,2,44781,8840
Mini,Cooper,Hatchback,2024,2,Automatic,Petrol,1,17576,19440
Audi,Q5,SUV,2016,10,Automatic,Diesel,2,177698,13090
Tesla,Model X,SUV,2024,2,Automatic,Electric,1,48408,65250
Mazda,MX-5 Miata,Convertible,2016,10,Automatic,Petrol,2,109405,8330
Toyota,Yaris,Sedan,2024,2,Automatic,Hybrid,1,28359,12600
Chevrolet,Traverse,SUV,2024,2,CVT,Hybrid,1,18594,27830
Mercedes-Benz,GLC,SUV,2017,9,Automatic,Petrol,4,208758,12890
Volkswagen,Passat,Sedan,2025,1,Automatic,Petrol,1,9405,20120
Nissan,Rogue,SUV,2018,8,Automatic,Petrol,2,62554,11290
Audi,A5,Coupe,2025,1,Automatic,Petrol,1,10369,41070
Toyota,Prius,Hatchback,2020,6,Automatic,Hybrid,2,63872,13400
Ford,Explorer,SUV,2024,2,CVT,CNG,1,23139,27060
Mini,Cooper Convertible,Convertible,2021,5,Semi-Automatic,CNG,1,123778,14540
Ram,1500,Truck,2022,4,Automatic,Diesel,2,80810,19600
Volkswagen,Passat,Sedan,2020,6,Semi-Automatic,Petrol,1,78156,12450
Volvo,XC90,SUV,2024,2,Automatic,Petrol,1,38202,44110
Chevrolet,Equinox,SUV,2022,4,Automatic,Diesel,1,66607,16690
Volvo,XC60,SUV,2019,7,Automatic,Petrol,3,79727,18010
Lexus,IS,Sedan,2023,3,Manual,Petrol,1,43777,24220
Mazda,MX-5 Miata,Convertible,2026,0,CVT,CNG,1,500,25770
Toyota,Prius,Hatchback,2013,13,Automatic,Petrol,3,189174,4980
Volkswagen,Jetta,Sedan,2021,5,Manual,CNG,2,64419,10640
Subaru,Legacy,Sedan,2016,10,CVT,Petrol,1,154457,7220
Fiat,500,Hatchback,2024,2,Automatic,Diesel,1,41134,13310
Hyundai,Tucson,SUV,2020,6,Manual,Hybrid,3,81883,13020
Subaru,Outback,SUV,2024,2,CVT,Petrol,1,27846,22410
Nissan,Sentra,Sedan,2018,8,CVT,Diesel,3,81352,6700
BMW,4 Series,Coupe,2017,9,CVT,Hybrid,3,184875,14290
Skoda,Octavia,Sedan,2019,7,Automatic,Petrol,2,151798,8170
Nissan,Titan,Truck,2022,4,CVT,Petrol,2,58426,21160
Honda,CR-V,SUV,2012,14,Manual,Petrol,5,354691,1200
GMC,Terrain,SUV,2014,12,CVT,Petrol,4,142159,6850
Jeep,Grand Cherokee,SUV,2019,7,Automatic,Petrol,1,179837,15110
Chrysler,Pacifica,Minivan,2023,3,Manual,Petrol,2,40331,22170
GMC,Sierra 1500,Truck,2024,2,Semi-Automatic,Diesel,1,45411,28050
Porsche,911,Coupe,2021,5,Automatic,Petrol,1,69616,56160
BMW,Z4,Convertible,2017,9,Manual,Petrol,2,144050,16350
Honda,Ridgeline,Truck,2024,2,Manual,Petrol,1,30474,28770
Toyota,Tundra,Truck,2022,4,Automatic,CNG,2,78707,21390
Tesla,Model S,Sedan,2019,7,Automatic,Electric,3,125764,24620
Nissan,Sentra,Sedan,2018,8,Automatic,Diesel,3,153273,5980
BMW,Z4,Convertible,2024,2,Automatic,Diesel,1,44001,39130
BMW,X5,SUV,2020,6,Automatic,Petrol,3,94707,29660
Chevrolet,Camaro,Coupe,2025,1,Automatic,Petrol,1,20246,25480
BMW,3 Series,Sedan,2019,7,Automatic,Petrol,1,123516,18500
Volkswagen,Atlas,SUV,2016,10,Automatic,Petrol,1,96524,11330
Audi,A6,Sedan,2023,3,Semi-Automatic,Petrol,1,37180,37420
Ford,Escape,SUV,2026,0,Automatic,Hybrid,1,500,30160
Porsche,911,Coupe,2022,4,Automatic,Petrol,2,30514,61740
Ford,Fusion,Sedan,2021,5,Automatic,Petrol,1,59962,12650
Chevrolet,Camaro Convertible,Convertible,2024,2,CVT,Petrol,1,21321,30260
Nissan,370Z,Coupe,2018,8,Manual,Petrol,1,148662,11120
Audi,A6,Sedan,2024,2,Manual,Petrol,1,18121,41080
Toyota,Prius Prime,Hatchback,2020,6,Automatic,Hybrid,1,77859,15020
Suzuki,Swift,Hatchback,2018,8,Automatic,Petrol,3,91298,5690
Nissan,Murano,SUV,2025,1,Manual,Petrol,1,21137,27010
Kia,Sportage,SUV,2019,7,Automatic,Petrol,3,123521,10030
Nissan,Titan,Truck,2012,14,Automatic,Petrol,4,218783,6140
BMW,5 Series,Sedan,2019,7,Automatic,Petrol,1,112015,23160
BMW,5 Series,Sedan,2019,7,Automatic,Petrol,3,98260,24690
Mercedes-Benz,GLE,SUV,2017,9,Automatic,CNG,1,99319,21610
Ford,Mustang,Coupe,2024,2,Automatic,Petrol,1,13543,24760
Ford,Mustang,Coupe,2022,4,Automatic,Petrol,1,77965,19040
Toyota,Prius,Hatchback,2019,7,Automatic,Petrol,1,90872,11700
Kia,EV6,SUV,2020,6,Automatic,Electric,3,71042,19390
Toyota,Prius Prime,Hatchback,2023,3,Automatic,Petrol,2,28581,18960
Honda,Insight,Sedan,2012,14,Automatic,Petrol,2,175547,4640
Land Rover,Range Rover Sport,SUV,2018,8,Automatic,Petrol,2,127042,29870
BMW,X5,SUV,2024,2,Automatic,Petrol,1,13156,45460
Honda,Ridgeline,Truck,2013,13,Manual,Petrol,3,250101,5680
Audi,A4,Sedan,2015,11,Automatic,Hybrid,4,101329,11220
Chrysler,Pacifica,Minivan,2020,6,Automatic,Petrol,2,85220,17120
Honda,City,Sedan,2022,4,Manual,CNG,2,73421,8140
Skoda,Octavia,Sedan,2020,6,Automatic,Petrol,3,78081,11430
Ford,F-150,Truck,2021,5,Automatic,Petrol,2,82488,18940
Land Rover,Range Rover Sport,SUV,2018,8,Automatic,Petrol,1,126183,29580
Volkswagen,Atlas,SUV,2013,13,Manual,Diesel,5,187058,6610
Audi,A5,Coupe,2020,6,Automatic,Petrol,3,72055,21090
Audi,Q7,SUV,2021,5,Automatic,Diesel,1,103870,29740
Toyota,Yaris Hatchback,Hatchback,2020,6,Automatic,Diesel,2,95866,7660
Hyundai,Sonata,Sedan,2016,10,Automatic,Hybrid,4,150063,7440
Nissan,Versa,Hatchback,2023,3,Automatic,Diesel,2,34573,10470
Chevrolet,Equinox,SUV,2021,5,Automatic,Petrol,1,46848,15310
Ford,Explorer,SUV,2020,6,CVT,Petrol,1,62677,18800
Volvo,XC60,SUV,2025,1,Manual,Petrol,1,7652,34230
Lexus,NX,SUV,2023,3,Automatic,Diesel,2,41893,23820
Lexus,RX,SUV,2018,8,Automatic,Hybrid,2,84190,18350
Audi,Q7,SUV,2022,4,Manual,Petrol,1,72754,35230
Audi,A4,Sedan,2021,5,Manual,Petrol,1,66113,21070
Nissan,Rogue,SUV,2015,11,Automatic,Petrol,1,193803,6140
Chevrolet,Camaro Convertible,Convertible,2022,4,Automatic,Petrol,2,33268,24020
Kia,Carnival,Minivan,2020,6,CVT,Petrol,3,83019,14860
Audi,Q5,SUV,2014,12,Automatic,Petrol,5,256795,6530
Honda,Insight,Sedan,2022,4,CVT,Diesel,2,88757,13260
Volkswagen,Golf,Hatchback,2018,8,Automatic,Petrol,2,89661,9980
Chevrolet,Camaro Convertible,Convertible,2025,1,Automatic,Diesel,1,16268,30580
Land Rover,Range Rover Sport,SUV,2021,5,Automatic,Petrol,1,45465,46430
Volkswagen,ID.4,SUV,2013,13,Automatic,Electric,2,246426,4990
Tesla,Model S,Sedan,2025,1,Automatic,Electric,1,9710,53740
Toyota,Tundra,Truck,2024,2,Automatic,Petrol,1,43225,28780
GMC,Acadia,SUV,2024,2,Automatic,Hybrid,1,36900,29810
Hyundai,Sonata,Sedan,2023,3,Automatic,Petrol,2,48859,17240
Tesla,Model 3,Sedan,2026,0,Automatic,Electric,1,500,40250
Nissan,Rogue,SUV,2025,1,Automatic,Hybrid,1,22544,25540
Mini,Cooper Convertible,Convertible,2020,6,Manual,Petrol,1,84690,14750
Nissan,370Z,Coupe,2015,11,Manual,Petrol,3,126362,9110
Kia,Rio,Hatchback,2026,0,CVT,Petrol,1,500,17590
BMW,X3,SUV,2019,7,CVT,Petrol,2,76431,20150
Audi,Q7,SUV,2019,7,Automatic,Hybrid,2,90042,27070
Nissan,Titan,Truck,2021,5,Manual,Petrol,2,70557,17870
Fiat,500,Hatchback,2020,6,Manual,Petrol,3,81082,8200
Volkswagen,Atlas,SUV,2022,4,Semi-Automatic,Petrol,2,90487,20810
Toyota,Corolla,Sedan,2019,7,Manual,Petrol,1,105126,8860
BMW,3 Series,Sedan,2022,4,Automatic,Diesel,1,50447,27210
GMC,Terrain,SUV,2019,7,Semi-Automatic,Hybrid,2,79154,13420
Volkswagen,Tiguan,SUV,2024,2,Automatic,Diesel,1,36001,21800
Toyota,RAV4,SUV,2024,2,Automatic,Hybrid,1,30469,22300
Tesla,Model X,SUV,2020,6,Automatic,Electric,3,51852,40010
Honda,CR-V,SUV,2018,8,Automatic,Petrol,1,122714,10950
Jeep,Wrangler,SUV,2017,9,Manual,Petrol,2,78808,11660
Toyota,Camry,Sedan,2015,11,CVT,Petrol,3,275220,4280
Honda,Insight,Sedan,2026,0,Automatic,Diesel,1,500,23850
Toyota,Tacoma,Truck,2020,6,CVT,Petrol,3,83109,14770
Hyundai,Tucson,SUV,2021,5,Automatic,Petrol,1,81521,14950
Mercedes-Benz,C-Class,Sedan,2022,4,Automatic,Hybrid,2,64337,27240
Nissan,Murano,SUV,2023,3,Automatic,Petrol,2,51914,22260
Audi,Q5,SUV,2011,15,Manual,Petrol,2,156315,7650
Subaru,Legacy,Sedan,2021,5,Automatic,Petrol,1,65251,13120
Land Rover,Range Rover Evoque,SUV,2013,13,Automatic,Diesel,2,95546,11440
BMW,4 Series,Coupe,2021,5,Automatic,Petrol,2,71623,26390
Ford,Fusion,Sedan,2024,2,Automatic,Petrol,1,30798,17130
BMW,Z4,Convertible,2025,1,Automatic,Diesel,1,11951,43760
Kia,Rio,Hatchback,2024,2,Manual,Petrol,1,26478,12970
Ford,Explorer,SUV,2021,5,Automatic,Hybrid,2,74181,20240
Kia,Carnival,Minivan,2023,3,CVT,Petrol,1,69129,20620
Ford,F-150,Truck,2018,8,Automatic,Petrol,3,99732,13980
Nissan,Murano,SUV,2022,4,Automatic,Diesel,2,75469,20310
BMW,X5,SUV,2011,15,CVT,Petrol,2,163034,10910
Hyundai,Santa Fe,SUV,2024,2,Automatic,CNG,1,19611,21680
Lexus,ES,Sedan,2023,3,Manual,Petrol,1,54853,24950
Renault,Clio,Hatchback,2016,10,CVT,Diesel,2,185633,4380
Hyundai,i20,Hatchback,2022,4,Automatic,Petrol,2,102290,7780
Kia,Sorento,SUV,2024,2,Manual,Hybrid,1,28356,22830
Volvo,XC60,SUV,2016,10,Automatic,Diesel,4,190681,10780
BMW,3 Series,Sedan,2024,2,Manual,Petrol,1,13606,31880
Tesla,Model X,SUV,2024,2,Automatic,Electric,1,34805,59580
Nissan,Rogue,SUV,2019,7,Automatic,Petrol,2,68742,12940
Land Rover,Range Rover Sport,SUV,2019,7,Semi-Automatic,Petrol,2,65135,36560
Mazda,MX-5 Miata,Convertible,2025,1,Automatic,Petrol,1,14458,22910
Mercedes-Benz,GLE,SUV,2018,8,Manual,Petrol,3,91373,21860
Ford,Escape,SUV,2025,1,Automatic,Petrol,1,17449,24750
Lexus,IS,Sedan,2020,6,Automatic,Hybrid,1,83588,19780
Honda,City,Sedan,2025,1,Automatic,Petrol,1,8040,13880
Tesla,Model 3,Sedan,2026,0,Automatic,Electric,1,500,38350
Toyota,Corolla,Sedan,2022,4,Automatic,Petrol,2,46424,12540
Renault,Clio,Hatchback,2023,3,Automatic,Petrol,1,32531,12640
Volvo,XC60,SUV,2016,10,Automatic,Petrol,4,135640,11800
Subaru,Forester,SUV,2017,9,Automatic,Diesel,1,152221,8070
Subaru,Forester,SUV,2021,5,Automatic,Petrol,1,49400,14250
Chrysler,Pacifica,Minivan,2024,2,Automatic,Petrol,1,16933,27030
Kia,Sportage,SUV,2015,11,CVT,CNG,4,142246,6790
Chevrolet,Silverado 1500,Truck,2021,5,Manual,Petrol,1,58992,19410
Subaru,Outback,SUV,2017,9,Automatic,Petrol,4,111849,9660
Toyota,GR86,Coupe,2021,5,Manual,Petrol,1,56537,14720
Honda,Pilot,SUV,2021,5,Semi-Automatic,Petrol,2,123149,18020
Suzuki,Swift,Hatchback,2022,4,Automatic,Hybrid,1,73200,9150
Honda,Pilot,SUV,2017,9,CVT,Petrol,3,148799,12510
Toyota,Tacoma,Truck,2025,1,Automatic,Petrol,1,22777,26670
Hyundai,Ioniq 5,SUV,2025,1,Automatic,Electric,1,14374,34100
Toyota,Camry,Sedan,2017,9,Automatic,Petrol,4,87669,8400
Kia,Sportage,SUV,2020,6,Automatic,Diesel,1,103499,12130
Porsche,911,Coupe,2020,6,CVT,Petrol,1,70802,55610
Mercedes-Benz,GLE,SUV,2017,9,CVT,Petrol,1,123757,20690
Nissan,Rogue,SUV,2023,3,CVT,Hybrid,2,46543,17730
Nissan,Murano,SUV,2021,5,CVT,Petrol,2,73941,17900
Suzuki,Swift,Hatchback,2014,12,Semi-Automatic,Diesel,4,265633,1200
Volkswagen,ID.4,SUV,2017,9,Automatic,Electric,4,93091,13430
Lexus,NX,SUV,2025,1,CVT,Petrol,1,10180,33480
Chevrolet,Camaro,Coupe,2022,4,Automatic,Hybrid,2,60131,19060
Honda,Fit,Hatchback,2025,1,Automatic,Hybrid,1,9741,15460
Mazda,CX-5,SUV,2022,4,Automatic,Petrol,2,79476,15020
Subaru,Outback,SUV,2021,5,Automatic,Petrol,2,67172,16370
Audi,Q7,SUV,2024,2,Automatic,Diesel,1,27332,43400
Ford,Fusion,Sedan,2022,4,Automatic,Petrol,2,53355,14620
Volkswagen,Atlas,SUV,2026,0,Automatic,Petrol,1,500,35510
Toyota,Tundra,Truck,2017,9,CVT,Petrol,3,53461,12980
Toyota,Tundra,Truck,2023,3,Automatic,Petrol,1,41922,25920
Hyundai,Santa Fe,SUV,2023,3,Automatic,Hybrid,1,72453,21660
Ford,F-150,Truck,2021,5,Automatic,Petrol,1,108804,18750
Volkswagen,Jetta,Sedan,2023,3,Manual,Petrol,2,81318,11580
Volkswagen,ID.4,SUV,2018,8,Automatic,Electric,1,103505,15270
Ford,Escape,SUV,2017,9,CVT,Petrol,2,135199,8800
Tesla,Model S,Sedan,2025,1,Automatic,Electric,1,16908,54970
GMC,Terrain,SUV,2023,3,Automatic,Diesel,2,53134,18530
Volvo,XC90,SUV,2017,9,Automatic,Petrol,1,184093,17730
Hyundai,Ioniq 5,SUV,2020,6,Automatic,Electric,1,83095,18700
Volkswagen,Jetta,Sedan,2019,7,Automatic,Petrol,3,173422,6620
Kia,EV6,SUV,2019,7,Automatic,Electric,3,111703,16330
BMW,4 Series,Coupe,2022,4,CVT,Petrol,2,81618,27970
Suzuki,Swift,Hatchback,2019,7,Automatic,Diesel,1,70807,6560
Hyundai,Ioniq 5,SUV,2018,8,Automatic,Electric,1,90499,17130
BMW,X3,SUV,2022,4,CVT,Petrol,2,80668,24110
Volkswagen,ID.4,SUV,2025,1,Automatic,Electric,1,13497,32800
Toyota,Highlander,SUV,2022,4,Automatic,Petrol,2,42772,22350
Subaru,Legacy,Sedan,2018,8,CVT,Hybrid,3,137458,7710
Toyota,Highlander,SUV,2022,4,CVT,Hybrid,2,45197,21450
Hyundai,Ioniq 5,SUV,2021,5,Automatic,Electric,1,85285,22100
Nissan,Versa,Hatchback,2020,6,CVT,Petrol,2,76201,7870
Ford,Fusion,Sedan,2016,10,Automatic,Petrol,2,139636,7320
Kia,EV6,SUV,2022,4,Automatic,Electric,2,50979,25630
Mercedes-Benz,C-Class Coupe,Coupe,2022,4,Automatic,Diesel,1,57444,27140
Toyota,Highlander,SUV,2015,11,Automatic,Hybrid,2,182296,9210
Nissan,Versa,Hatchback,2018,8,Automatic,Petrol,1,131737,5280
Fiat,500,Hatchback,2019,7,CVT,Diesel,1,84035,7250
Fiat,500,Hatchback,2023,3,Automatic,CNG,2,42443,11560
Chrysler,Pacifica,Minivan,2011,15,Automatic,Petrol,2,208279,6350
Ford,Mustang Convertible,Convertible,2020,6,Automatic,Petrol,3,46984,16030
BMW,X3,SUV,2023,3,Manual,Petrol,1,38215,29330
Mercedes-Benz,E-Class,Sedan,2021,5,Manual,Petrol,1,59833,30150
Toyota,Yaris Hatchback,Hatchback,2022,4,Manual,Hybrid,2,39920,10490
Land Rover,Range Rover Evoque,SUV,2025,1,Automatic,Petrol,1,7954,41990
Chevrolet,Camaro,Coupe,2024,2,Automatic,Petrol,1,24978,24280
Honda,Fit,Hatchback,2021,5,Manual,Petrol,1,82745,8890
Mercedes-Benz,GLC,SUV,2018,8,Manual,Petrol,2,128886,15460
Toyota,Corolla,Sedan,2019,7,Automatic,Petrol,1,102271,9280
Porsche,911,Coupe,2017,9,Automatic,Diesel,3,132814,35010
GMC,Terrain,SUV,2022,4,Automatic,Diesel,2,67418,17120
Suzuki,Swift,Hatchback,2022,4,Automatic,Petrol,2,55082,8990
Toyota,Sienna,Minivan,2023,3,Manual,Petrol,2,35994,23340
Toyota,Corolla,Sedan,2018,8,Manual,Hybrid,3,177309,4680
Volvo,XC90,SUV,2011,15,Automatic,Petrol,5,191806,9760
Lexus,NX,SUV,2019,7,Automatic,Diesel,3,145514,15170
Lexus,ES,Sedan,2024,2,Automatic,Hybrid,1,40896,33260
Honda,City,Sedan,2023,3,Automatic,Petrol,2,34501,10920
Chevrolet,Equinox,SUV,2023,3,CVT,Diesel,2,54796,16000
Chrysler,Pacifica,Minivan,2019,7,Automatic,Petrol,1,114191,14540
Mazda,MX-5 Miata,Convertible,2020,6,Automatic,Petrol,3,98168,11630
Jeep,Wrangler,SUV,2022,4,Semi-Automatic,Petrol,2,52822,22140
BMW,X5,SUV,2019,7,Automatic,Petrol,2,58831,27230
Mercedes-Benz,GLE,SUV,2026,0,CVT,Petrol,1,500,61690
Peugeot,208,Hatchback,2023,3,Automatic,Petrol,1,72322,12410
Volkswagen,ID.4,SUV,2019,7,Automatic,Electric,1,76714,17320
Ford,Fusion,Sedan,2026,0,Automatic,Petrol,1,500,23740
Volkswagen,Tiguan,SUV,2024,2,Automatic,Petrol,1,26066,22420
Chevrolet,Spark,Hatchback,2022,4,Manual,Petrol,1,35792,8970
Hyundai,Tucson,SUV,2023,3,Automatic,Hybrid,2,56990,19990
Ram,1500,Truck,2018,8,Manual,Petrol,2,52382,13080
Toyota,Prius Prime,Hatchback,2021,5,Automatic,Petrol,2,67872,15500
Tesla,Model S,Sedan,2023,3,Automatic,Electric,1,44985,45750
Jeep,Wrangler,SUV,2024,2,CVT,Petrol,1,35518,23350
Ford,Mustang Convertible,Convertible,2023,3,Automatic,Petrol,1,55292,24380
Ford,Mustang Mach-E,SUV,2025,1,Automatic,Electric,1,11708,37180
Nissan,Leaf,Hatchback,2019,7,Automatic,Electric,2,66715,12170
Chevrolet,Camaro Convertible,Convertible,2019,7,Automatic,Petrol,1,123640,15130
Honda,Fit,Hatchback,2020,6,Manual,Petrol,1,139099,6640
Fiat,500,Hatchback,2013,13,Manual,Diesel,4,206072,1900
Hyundai,Ioniq 5,SUV,2021,5,Automatic,Electric,1,39389,22170
Toyota,Highlander,SUV,2020,6,Manual,Diesel,1,85690,15740
BMW,4 Series,Coupe,2018,8,Automatic,Petrol,1,59362,20120
Volkswagen,Golf,Hatchback,2023,3,Automatic,CNG,2,52250,14850
Hyundai,Elantra,Sedan,2015,11,CVT,Petrol,1,206228,4110
Toyota,Tundra,Truck,2026,0,Manual,Petrol,1,500,37980
Audi,A4,Sedan,2017,9,Manual,Petrol,2,189690,11090
Tesla,Model X,SUV,2022,4,Automatic,Electric,1,60684,47090
Hyundai,Veloster,Coupe,2020,6,Manual,Petrol,1,68411,9820
Tesla,Model Y,SUV,2018,8,Automatic,Electric,3,104949,16600
Toyota,Prius Prime,Hatchback,2026,0,Manual,Hybrid,1,500,29160
Kia,EV6,SUV,2024,2,Automatic,Electric,1,41107,30500
Ford,Explorer,SUV,2023,3,Automatic,Hybrid,1,54306,24510
Mercedes-Benz,C-Class Coupe,Coupe,2019,7,Automatic,Petrol,1,114309,20990
Honda,Odyssey,Minivan,2024,2,Semi-Automatic,Diesel,1,37826,25360
Honda,Odyssey,Minivan,2020,6,CVT,Petrol,1,118504,16250
Hyundai,Elantra,Sedan,2024,2,Automatic,Petrol,1,33384,16210
Toyota,GR86,Coupe,2021,5,Automatic,Petrol,2,58870,16060
BMW,X3,SUV,2025,1,Semi-Automatic,Petrol,1,15404,38320
Honda,Civic,Sedan,2020,6,Automatic,CNG,3,90067,9940
Audi,A4,Sedan,2017,9,Automatic,Petrol,1,158474,14520
Hyundai,Veloster,Coupe,2018,8,Manual,Petrol,3,110755,7400
Mazda,MX-5 Miata,Convertible,2021,5,CVT,Petrol,2,57234,14640
Volkswagen,Atlas,SUV,2012,14,Automatic,Petrol,4,154620,7000
Ford,Mustang,Coupe,2023,3,Manual,Hybrid,1,42586,20660
BMW,5 Series,Sedan,2020,6,CVT,Diesel,1,131369,23290
Kia,Carnival,Minivan,2020,6,Automatic,Petrol,3,70687,16150
Toyota,Yaris Hatchback,Hatchback,2024,2,Automatic,Diesel,1,32890,12860
Ford,Escape,SUV,2023,3,Automatic,Petrol,2,31973,18860
Volkswagen,Tiguan,SUV,2025,1,Automatic,Petrol,1,17245,23200
Kia,Sorento,SUV,2017,9,Semi-Automatic,Hybrid,2,92144,11590
Toyota,Corolla,Sedan,2023,3,Automatic,Diesel,2,47444,14840
Toyota,GR86,Coupe,2018,8,Manual,Petrol,3,66352,10370
Nissan,Versa,Hatchback,2023,3,Automatic,Petrol,1,25297,10460
Subaru,Forester,SUV,2021,5,Manual,Petrol,1,76574,14900
Lexus,ES,Sedan,2024,2,Automatic,Hybrid,1,24312,30360
Mercedes-Benz,GLC,SUV,2022,4,Automatic,Petrol,2,61589,28490
Hyundai,Sonata,Sedan,2016,10,Automatic,Petrol,4,89503,6910
Toyota,Camry,Sedan,2025,1,Automatic,Petrol,1,21234,21540
Nissan,Leaf,Hatchback,2020,6,Automatic,Electric,2,113896,11810
Toyota,Tacoma,Truck,2019,7,Automatic,Petrol,1,108182,12280
Tesla,Model X,SUV,2017,9,Automatic,Electric,2,100182,27380
Mercedes-Benz,E-Class,Sedan,2024,2,Automatic,Petrol,1,20427,40860
Nissan,Titan,Truck,2021,5,Automatic,Petrol,1,68765,19090
Hyundai,Sonata,Sedan,2017,9,CVT,Diesel,3,81721,8470
Toyota,Yaris Hatchback,Hatchback,2012,14,Automatic,Hybrid,1,270843,1200
Kia,K5,Sedan,2025,1,Manual,Petrol,1,6630,18940
Kia,Forte,Sedan,2020,6,Automatic,Petrol,2,89370,8950
Chevrolet,Malibu,Sedan,2022,4,Manual,Petrol,2,41566,13610
Kia,Forte,Sedan,2018,8,Automatic,Petrol,2,114709,7650
Land Rover,Range Rover Evoque,SUV,2023,3,Automatic,Petrol,2,34273,32160
Mazda,Mazda6,Sedan,2020,6,Automatic,Petrol,3,49594,11340
Tesla,Model 3,Sedan,2022,4,Automatic,Electric,2,80563,20710
Toyota,RAV4,SUV,2017,9,CVT,Hybrid,1,77171,11420
Toyota,Tundra,Truck,2020,6,Automatic,Petrol,3,89336,17370
Toyota,GR86,Coupe,2014,12,Automatic,Petrol,5,140586,6910
Mazda,Mazda6,Sedan,2023,3,Automatic,Hybrid,1,82225,15880
GMC,Sierra 1500,Truck,2024,2,Automatic,Petrol,1,28968,28350
Audi,A4,Sedan,2024,2,Automatic,Hybrid,1,53132,32480
Hyundai,Veloster,Coupe,2014,12,Automatic,Hybrid,4,240668,1580
Peugeot,208,Hatchback,2018,8,CVT,Petrol,2,88523,7360
Chevrolet,Equinox,SUV,2020,6,Manual,Petrol,3,93502,11560
Volkswagen,Atlas,SUV,2022,4,CVT,Petrol,2,64016,21530
Volkswagen,Atlas,SUV,2025,1,Automatic,Petrol,1,9139,32020
Nissan,370Z,Coupe,2016,10,Manual,Petrol,1,207337,7330
BMW,5 Series,Sedan,2013,13,Automatic,Petrol,3,148057,13060
Honda,Ridgeline,Truck,2024,2,Automatic,CNG,1,36571,27370
Ford,Focus,Hatchback,2024,2,Automatic,Petrol,1,26260,16160
Toyota,Tundra,Truck,2024,2,Manual,Petrol,1,28314,28490
Nissan,Sentra,Sedan,2023,3,Manual,Petrol,2,41215,12650
Kia,K5,Sedan,2019,7,Manual,Diesel,3,51451,9710
Mercedes-Benz,C-Class Coupe,Coupe,2021,5,Automatic,Petrol,1,65030,27800
Nissan,Versa,Hatchback,2020,6,Manual,Petrol,2,58821,7850
Ford,Fusion,Sedan,2014,12,Automatic,Diesel,3,202507,3820
Hyundai,Veloster,Coupe,2024,2,Manual,Petrol,1,26791,14580
Nissan,Altima,Sedan,2022,4,Manual,Diesel,1,47219,14770
Mazda,Mazda3,Sedan,2023,3,Automatic,Petrol,1,67978,13680
Nissan,Rogue,SUV,2018,8,CVT,Petrol,2,61381,10090
Kia,Rio,Hatchback,2021,5,CVT,Petrol,2,126732,6440
Ford,Mustang,Coupe,2021,5,Manual,Petrol,1,69934,17460
GMC,Sierra 1500,Truck,2022,4,Manual,Diesel,2,78391,18360
Tesla,Model Y,SUV,2015,11,Automatic,Electric,4,257624,7660
Tesla,Model 3,Sedan,2025,1,Automatic,Electric,1,16163,32000
Mercedes-Benz,E-Class,Sedan,2022,4,Automatic,CNG,2,74971,28210
Tesla,Model 3,Sedan,2025,1,Automatic,Electric,1,10907,30300
Nissan,Altima,Sedan,2021,5,Automatic,Hybrid,2,39446,13300
Kia,Rio,Hatchback,2020,6,Automatic,CNG,2,99272,6500
Lexus,RX,SUV,2015,11,Automatic,Petrol,1,87389,13560
Volkswagen,Atlas,SUV,2023,3,Manual,Petrol,1,28288,21970
Tesla,Model X,SUV,2025,1,Automatic,Electric,1,7126,71210
Lexus,NX,SUV,2021,5,Automatic,Petrol,1,58050,22070
Hyundai,Ioniq 5,SUV,2021,5,Automatic,Electric,1,88865,22350
Ford,Mustang Mach-E,SUV,2014,12,Automatic,Electric,5,181040,8480
Hyundai,Veloster,Coupe,2025,1,Automatic,Petrol,1,9330,16810
Lexus,NX,SUV,2020,6,Automatic,Petrol,1,57056,19000
Hyundai,i20,Hatchback,2022,4,Manual,Petrol,1,79345,7190
Land Rover,Range Rover Sport,SUV,2013,13,Automatic,Hybrid,5,258067,14670
Toyota,Sienna,Minivan,2017,9,CVT,Petrol,3,188734,10330
Honda,Fit,Hatchback,2026,0,Manual,Petrol,1,500,16010
Ford,Mustang,Coupe,2014,12,Automatic,Petrol,2,225157,5530
Hyundai,Veloster,Coupe,2018,8,Manual,Petrol,1,126448,7370
Chevrolet,Camaro,Coupe,2018,8,Manual,Petrol,3,82697,11880
Mercedes-Benz,GLC,SUV,2021,5,Manual,Diesel,1,106017,21400
Nissan,Altima,Sedan,2024,2,Automatic,Diesel,1,23682,19230
Kia,Forte,Sedan,2023,3,Manual,CNG,1,44420,12640
Mini,Cooper,Hatchback,2014,12,CVT,Petrol,3,167670,6490
Mercedes-Benz,C-Class,Sedan,2023,3,Automatic,Hybrid,2,23368,28790
Honda,Accord,Sedan,2021,5,Automatic,CNG,1,41869,14090
Chevrolet,Spark,Hatchback,2021,5,Manual,Petrol,1,55803,8490
Kia,EV6,SUV,2016,10,Automatic,Electric,1,192276,11530
Mazda,Mazda3,Sedan,2020,6,Automatic,Diesel,3,93271,9780
Fiat,500,Hatchback,2021,5,Automatic,Petrol,1,109945,9400
Fiat,500,Hatchback,2017,9,Automatic,Petrol,3,186924,4340
Ford,Escape,SUV,2021,5,CVT,Petrol,1,46439,15790
Mercedes-Benz,C-Class,Sedan,2019,7,Automatic,Petrol,2,81478,18290
BMW,3 Series,Sedan,2019,7,CVT,Petrol,1,91163,18000
Tesla,Model X,SUV,2026,0,Automatic,Electric,1,500,82680
Honda,City,Sedan,2016,10,Automatic,Petrol,2,112045,5320
Kia,Sportage,SUV,2018,8,CVT,Petrol,2,150800,8530
Chevrolet,Malibu,Sedan,2019,7,Automatic,Diesel,3,128772,8130
Toyota,Sienna,Minivan,2016,10,Automatic,Diesel,3,118482,10490
Mercedes-Benz,C-Class,Sedan,2020,6,Automatic,Petrol,2,39713,22310
Renault,Clio,Hatchback,2024,2,Automatic,CNG,1,22983,12680
Honda,City,Sedan,2020,6,Manual,Hybrid,3,66245,7620
Nissan,Sentra,Sedan,2021,5,Manual,Hybrid,2,79488,10500
Nissan,Rogue,SUV,2021,5,Manual,Hybrid,2,59245,14370
Volvo,XC90,SUV,2023,3,Automatic,Petrol,1,17365,40840
Chevrolet,Equinox,SUV,2013,13,Automatic,Petrol,4,150814,5600
Toyota,Prius Prime,Hatchback,2016,10,CVT,Petrol,4,62798,7770
Subaru,Outback,SUV,2017,9,Automatic,Petrol,3,166027,8210
Tesla,Model S,Sedan,2016,10,Automatic,Electric,2,116712,21960
Chevrolet,Traverse,SUV,2014,12,Automatic,Hybrid,1,168535,9090
Ford,Fusion,Sedan,2023,3,Manual,Petrol,2,38919,15410
Mercedes-Benz,C-Class,Sedan,2024,2,Automatic,Petrol,1,33679,33720
Mercedes-Benz,C-Class Coupe,Coupe,2023,3,CVT,Petrol,2,44577,29400
Kia,Sorento,SUV,2016,10,Automatic,Diesel,2,94786,10350
Mini,Cooper,Hatchback,2020,6,Automatic,Hybrid,1,90617,13200
Tesla,Model 3,Sedan,2026,0,Automatic,Electric,1,500,37070
Volkswagen,Jetta,Sedan,2021,5,Automatic,Petrol,1,86314,11140
Audi,Q5,SUV,2021,5,Automatic,Diesel,2,71714,24480
Audi,A5,Coupe,2014,12,Automatic,Hybrid,4,213435,9730
Kia,Rio,Hatchback,2017,9,Manual,Petrol,4,123198,4850
Jeep,Compass,SUV,2025,1,Automatic,Diesel,1,6288,23060
Kia,Forte,Sedan,2020,6,CVT,Petrol,3,120741,8030
Tesla,Model S,Sedan,2016,10,Automatic,Electric,1,114835,21780
Toyota,Camry,Sedan,2025,1,Automatic,Petrol,1,12954,22870
Honda,City,Sedan,2017,9,Automatic,Diesel,2,64386,6250
Volkswagen,Jetta,Sedan,2025,1,Automatic,Diesel,1,15918,17510
Ford,Mustang Mach-E,SUV,2021,5,Automatic,Electric,2,46066,21280
Land Rover,Range Rover Sport,SUV,2016,10,Automatic,Petrol,1,188202,22010
Toyota,Tundra,Truck,2018,8,Automatic,Diesel,1,61172,15570
Chevrolet,Silverado 1500,Truck,2022,4,Automatic,Petrol,2,63890,19480
Land Rover,Range Rover Evoque,SUV,2022,4,Automatic,Petrol,1,61966,28160
Toyota,Sienna,Minivan,2023,3,Automatic,Diesel,1,28855,23540
Nissan,370Z,Coupe,2019,7,Automatic,Diesel,2,82198,13870
Nissan,Sentra,Sedan,2022,4,CVT,Petrol,1,58389,11350
Hyundai,Tucson,SUV,2023,3,CVT,Petrol,1,34937,18290
Nissan,Titan,Truck,2013,13,Automatic,Petrol,3,176847,7790
Chevrolet,Spark,Hatchback,2020,6,Automatic,Petrol,2,74909,7610
Kia,Sorento,SUV,2020,6,Automatic,Hybrid,3,118372,14970
Nissan,370Z,Coupe,2021,5,CVT,Hybrid,2,39545,19290
Hyundai,Santa Fe,SUV,2022,4,Automatic,Petrol,1,63985,19660
Peugeot,208,Hatchback,2025,1,Automatic,Petrol,1,9293,15620
Ford,Mustang,Coupe,2024,2,Automatic,Petrol,1,55025,23320
Chevrolet,Spark,Hatchback,2024,2,Manual,Petrol,1,19641,11020
Hyundai,Santa Fe,SUV,2024,2,CVT,Hybrid,1,44291,25650
Mercedes-Benz,C-Class Coupe,Coupe,2013,13,Semi-Automatic,Petrol,4,119306,10580
Mercedes-Benz,C-Class,Sedan,2020,6,Automatic,Diesel,2,84617,19160
Ford,Focus,Hatchback,2022,4,Automatic,Petrol,2,31940,11050
Kia,EV6,SUV,2021,5,Automatic,Electric,1,73101,21330
Honda,Insight,Sedan,2013,13,CVT,Hybrid,4,124245,5520
Audi,Q5,SUV,2020,6,CVT,Petrol,2,138052,19050
Nissan,Sentra,Sedan,2023,3,Automatic,Petrol,2,24899,12270
Hyundai,Elantra,Sedan,2025,1,Manual,Diesel,1,26149,15930
Nissan,Titan,Truck,2015,11,CVT,Diesel,2,185868,8510
Ford,Mustang Mach-E,SUV,2021,5,Automatic,Electric,2,108146,21220
Hyundai,Tucson,SUV,2018,8,Automatic,Hybrid,3,75793,11600
Ram,1500,Truck,2018,8,Automatic,Petrol,3,85702,14350
Volkswagen,Jetta,Sedan,2019,7,Automatic,Petrol,3,164728,6600
Chevrolet,Malibu,Sedan,2026,0,Manual,Petrol,1,500,23480
BMW,X5,SUV,2022,4,Manual,Petrol,2,49458,37900
GMC,Sierra 1500,Truck,2023,3,Automatic,Diesel,2,57270,22590
Tesla,Model 3,Sedan,2022,4,Automatic,Electric,2,70855,22870
Ford,Escape,SUV,2022,4,Manual,Diesel,2,52304,15600
Hyundai,Veloster,Coupe,2024,2,CVT,Hybrid,1,32398,15760
Fiat,500,Hatchback,2021,5,Automatic,Petrol,1,77710,9140
Mini,Cooper,Hatchback,2025,1,Automatic,Petrol,1,15474,22120
Honda,Odyssey,Minivan,2022,4,Manual,Petrol,2,33921,20410
Hyundai,Santa Fe,SUV,2024,2,Automatic,Petrol,1,15243,26190
Tesla,Model Y,SUV,2023,3,Automatic,Electric,1,38869,28160
Honda,Accord,Sedan,2021,5,Automatic,Petrol,2,63133,14430
Chevrolet,Traverse,SUV,2024,2,Automatic,Petrol,1,33858,26520
Kia,Sorento,SUV,2021,5,Automatic,Hybrid,1,69969,19380
Hyundai,Santa Fe,SUV,2012,14,Automatic,CNG,5,249826,2990
Hyundai,i20,Hatchback,2015,11,Manual,Petrol,3,194021,3030
Volvo,XC60,SUV,2015,11,Manual,CNG,4,147667,10270
BMW,4 Series,Coupe,2022,4,Automatic,Hybrid,2,42893,32180
Subaru,Forester,SUV,2018,8,Automatic,Petrol,3,95837,10760
Tesla,Model 3,Sedan,2017,9,Automatic,Electric,1,207224,11460
Ford,Fusion,Sedan,2013,13,Automatic,Diesel,4,186112,4190
Kia,K5,Sedan,2015,11,Manual,Petrol,4,101048,6350
Mercedes-Benz,C-Class,Sedan,2022,4,Automatic,Petrol,1,50328,25500
Mercedes-Benz,C-Class,Sedan,2022,4,Manual,Petrol,2,48018,23790
Volkswagen,Atlas,SUV,2020,6,CVT,Petrol,3,71324,15980
Fiat,500,Hatchback,2014,12,Automatic,Petrol,1,154340,4610
Hyundai,Ioniq 5,SUV,2024,2,Automatic,Electric,1,40921,29460
BMW,3 Series,Sedan,2015,11,Automatic,Petrol,2,145060,12550
Audi,A6,Sedan,2019,7,Automatic,Petrol,1,120179,23500
Honda,CR-V,SUV,2022,4,Automatic,Hybrid,2,70197,18660
Fiat,500,Hatchback,2015,11,Automatic,Petrol,4,131436,4930
Lexus,NX,SUV,2023,3,Automatic,Diesel,2,63743,26230
Mazda,Mazda3,Sedan,2016,10,Automatic,Petrol,2,144899,6460
Ford,F-150,Truck,2024,2,Automatic,Petrol,1,35101,27550
Tesla,Model S,Sedan,2016,10,Automatic,Electric,1,152629,22760
Honda,Pilot,SUV,2018,8,Automatic,Petrol,2,150511,12250
Hyundai,Veloster,Coupe,2024,2,CVT,Petrol,1,25127,16120
GMC,Terrain,SUV,2023,3,Automatic,Petrol,2,26636,18730
Tesla,Model Y,SUV,2018,8,Automatic,Electric,2,99297,17440
Toyota,Camry,Sedan,2024,2,Automatic,Petrol,1,26760,19320
Ram,1500,Truck,2022,4,CVT,Petrol,2,44822,22000
Ford,Escape,SUV,2020,6,Automatic,Petrol,1,75343,14510
Hyundai,Tucson,SUV,2023,3,Automatic,Petrol,2,36476,18080
Subaru,Outback,SUV,2023,3,Automatic,Petrol,2,37291,18690
Honda,Odyssey,Minivan,2016,10,Manual,CNG,3,235132,6370
Toyota,Highlander,SUV,2024,2,Automatic,Hybrid,1,36410,31210
Chevrolet,Traverse,SUV,2019,7,Automatic,Petrol,3,96596,14090
Toyota,Tacoma,Truck,2023,3,CVT,Hybrid,1,35584,21750
Mercedes-Benz,GLC,SUV,2026,0,Automatic,Petrol,1,500,44950
Mazda,CX-9,SUV,2017,9,Manual,Hybrid,2,88653,12190
Fiat,500,Hatchback,2024,2,Automatic,Petrol,1,30902,13570
Audi,A6,Sedan,2026,0,Automatic,Petrol,1,500,52600
Mercedes-Benz,C-Class,Sedan,2026,0,Manual,Petrol,1,500,43570
Ford,Mustang,Coupe,2023,3,Automatic,Petrol,1,55921,21680
BMW,Z4,Convertible,2020,6,Automatic,Petrol,1,110995,24540
Chevrolet,Traverse,SUV,2020,6,Automatic,Petrol,2,144819,14410
Mercedes-Benz,GLC,SUV,2019,7,Automatic,Petrol,2,81371,19540
Toyota,Tacoma,Truck,2018,8,Automatic,Petrol,2,126627,11560
Toyota,RAV4,SUV,2020,6,Automatic,Diesel,2,132355,11180
Audi,A4,Sedan,2019,7,Automatic,Petrol,2,93837,17280
Toyota,Prius,Hatchback,2022,4,Automatic,Petrol,2,74536,15010
BMW,X5,SUV,2021,5,Automatic,Petrol,2,105838,32370
Hyundai,i20,Hatchback,2019,7,Manual,Hybrid,3,126331,5420
Toyota,RAV4,SUV,2023,3,Manual,Petrol,1,39372,17710
Chevrolet,Traverse,SUV,2021,5,Automatic,Petrol,1,99628,19770
GMC,Acadia,SUV,2013,13,Automatic,CNG,5,156375,7680
Honda,Civic,Sedan,2021,5,Automatic,Petrol,2,33211,12110
Toyota,Yaris,Sedan,2017,9,Automatic,Petrol,4,165486,3310
Land Rover,Range Rover Evoque,SUV,2025,1,Automatic,Petrol,1,11128,42710
Lexus,ES,Sedan,2015,11,Manual,Petrol,2,135047,11840
Nissan,370Z,Coupe,2026,0,Automatic,Diesel,1,500,32790
Kia,EV6,SUV,2013,13,Automatic,Electric,2,173283,8980
Toyota,Yaris,Sedan,2018,8,Automatic,Diesel,1,68977,6250
Subaru,Legacy,Sedan,2025,1,Semi-Automatic,Petrol,1,8992,19260
Hyundai,i20,Hatchback,2019,7,Manual,Petrol,3,71933,5580
Ram,1500,Truck,2024,2,Manual,Diesel,1,19615,27400
Kia,EV6,SUV,2024,2,Automatic,Electric,1,21346,31900
Chevrolet,Equinox,SUV,2016,10,Automatic,Petrol,2,68735,8830
Audi,A4,Sedan,2024,2,CVT,Petrol,1,17935,30510
Subaru,Legacy,Sedan,2015,11,Automatic,Petrol,4,256361,4290
BMW,X3,SUV,2024,2,Automatic,Petrol,1,14178,34200
Mazda,CX-9,SUV,2022,4,CVT,Diesel,1,55180,21430
Mini,Cooper,Hatchback,2022,4,Automatic,Diesel,2,42946,14370
Chevrolet,Spark,Hatchback,2025,1,Automatic,Petrol,1,13803,11840
GMC,Sierra 1500,Truck,2019,7,Semi-Automatic,Diesel,2,70156,15000
Toyota,RAV4,SUV,2024,2,Automatic,Petrol,1,30127,20930
Lexus,ES,Sedan,2019,7,Automatic,Petrol,1,64921,19370
Hyundai,i20,Hatchback,2017,9,CVT,Petrol,1,96551,5230
Jeep,Grand Cherokee,SUV,2021,5,Automatic,Petrol,2,90202,19400
Chevrolet,Traverse,SUV,2017,9,Automatic,Petrol,4,182337,9370
Volkswagen,Passat,Sedan,2017,9,Semi-Automatic,Petrol,1,141402,8780
Volkswagen,Jetta,Sedan,2019,7,Automatic,Hybrid,1,143058,9090
Tesla,Model Y,SUV,2019,7,Automatic,Electric,2,114539,17670
Honda,CR-V,SUV,2018,8,Automatic,Hybrid,1,120842,11210
Kia,K5,Sedan,2014,12,Automatic,Hybrid,1,90271,6850
Honda,Pilot,SUV,2021,5,Automatic,Hybrid,1,77924,21140
Chevrolet,Silverado 1500,Truck,2019,7,Manual,Hybrid,1,105980,14780
BMW,X3,SUV,2013,13,Semi-Automatic,Petrol,5,277238,7100
Ford,Mustang Mach-E,SUV,2026,0,Automatic,Electric,1,500,42350
Skoda,Octavia,Sedan,2023,3,Manual,Diesel,2,30204,14890
Ford,Focus,Hatchback,2017,9,Manual,Petrol,3,74394,6290
Subaru,Forester,SUV,2024,2,Manual,Petrol,1,35078,18870
Toyota,Camry,Sedan,2025,1,Manual,Hybrid,1,10215,21920
Toyota,Prius,Hatchback,2019,7,Automatic,Hybrid,2,181728,9080
Audi,A4,Sedan,2022,4,Automatic,Diesel,1,43129,24170
Audi,A5,Coupe,2019,7,CVT,Petrol,2,102023,18320
Honda,CR-V,SUV,2023,3,Automatic,Hybrid,2,35548,20450
Audi,A5,Coupe,2018,8,CVT,Petrol,2,63898,16900
Honda,Insight,Sedan,2024,2,Manual,Diesel,1,27023,18040
Audi,A6,Sedan,2023,3,Manual,Petrol,2,43934,36370
Hyundai,Sonata,Sedan,2012,14,Automatic,Diesel,1,193061,4700
Chevrolet,Camaro,Coupe,2013,13,Automatic,Hybrid,5,121631,7270
Volkswagen,Passat,Sedan,2023,3,Automatic,Petrol,1,52957,17670
Renault,Clio,Hatchback,2017,9,Automatic,Petrol,1,190338,5640
Chevrolet,Equinox,SUV,2017,9,Automatic,Petrol,4,100445,9600
Chrysler,Pacifica,Minivan,2015,11,Automatic,Diesel,1,88449,9970
Honda,Pilot,SUV,2015,11,Automatic,Petrol,3,117308,10050
Hyundai,i20,Hatchback,2012,14,Automatic,Diesel,2,264705,1200
BMW,X5,SUV,2025,1,Manual,CNG,1,8819,47320
Chevrolet,Spark,Hatchback,2021,5,Automatic,Petrol,2,95158,6680
Toyota,Prius,Hatchback,2025,1,Automatic,Hybrid,1,9990,21420
Mazda,CX-5,SUV,2023,3,Automatic,Petrol,2,40455,19280
Tesla,Model X,SUV,2020,6,Automatic,Electric,3,99425,35080
BMW,Z4,Convertible,2020,6,Manual,Hybrid,1,58023,25180
Tesla,Model Y,SUV,2021,5,Automatic,Electric,1,62968,22270
Ford,Escape,SUV,2018,8,Manual,Petrol,3,48946,9930
Honda,Fit,Hatchback,2018,8,CVT,Petrol,1,144107,5550
Hyundai,Tucson,SUV,2022,4,Automatic,Diesel,2,69405,14620
Audi,A4,Sedan,2023,3,Automatic,Petrol,2,23021,28680
Mercedes-Benz,GLE,SUV,2016,10,Manual,Petrol,3,99944,17450
Toyota,RAV4,SUV,2023,3,Automatic,Petrol,1,40936,18600
Kia,Sorento,SUV,2022,4,Manual,Petrol,2,43757,19120
Chrysler,Pacifica,Minivan,2018,8,Manual,Diesel,2,57951,12620
Chevrolet,Spark,Hatchback,2017,9,Manual,Petrol,1,88560,4960
Mazda,CX-9,SUV,2024,2,Manual,Petrol,1,36714,24420
Honda,Odyssey,Minivan,2019,7,Automatic,Petrol,3,143109,13090
Mercedes-Benz,GLC,SUV,2026,0,Automatic,Petrol,1,500,44580
Jeep,Compass,SUV,2016,10,Automatic,Petrol,2,188403,7400
GMC,Acadia,SUV,2023,3,Automatic,Hybrid,1,44164,26510
Honda,Accord,Sedan,2024,2,Automatic,Petrol,1,27026,21450
Volkswagen,Atlas,SUV,2024,2,Automatic,Petrol,1,42706,25540
Toyota,Yaris,Sedan,2025,1,Automatic,Diesel,1,17771,12520
Tesla,Model S,Sedan,2019,7,Automatic,Electric,1,91563,29630
Jeep,Compass,SUV,2025,1,CVT,Petrol,1,18163,22160
Land Rover,Range Rover Evoque,SUV,2019,7,Manual,Petrol,1,51827,21240
Jeep,Wrangler,SUV,2021,5,Automatic,Petrol,1,80316,17850
Nissan,Versa,Hatchback,2024,2,CVT,Petrol,1,39202,11890
Mercedes-Benz,C-Class Coupe,Coupe,2024,2,CVT,Petrol,1,27482,36540
BMW,Z4,Convertible,2024,2,Manual,Petrol,1,25747,37870
Peugeot,208,Hatchback,2021,5,Manual,Petrol,1,40337,9380
Kia,Sportage,SUV,2020,6,Automatic,Petrol,1,86485,12540
Volkswagen,ID.4,SUV,2013,13,Automatic,Electric,5,306124,4710
Tesla,Model S,Sedan,2021,5,Automatic,Electric,1,45059,37530
Audi,A4,Sedan,2024,2,Manual,Petrol,1,22306,29270
Lexus,ES,Sedan,2018,8,Automatic,Petrol,3,161731,13620
Nissan,Versa,Hatchback,2025,1,Automatic,Diesel,1,10378,12850
Tesla,Model 3,Sedan,2011,15,Automatic,Electric,3,250528,5080
Kia,Rio,Hatchback,2023,3,Automatic,Petrol,1,77251,10150
Toyota,Highlander,SUV,2018,8,CVT,Hybrid,3,149681,11960
Ford,Mustang Mach-E,SUV,2022,4,Automatic,Electric,1,75339,23430
Toyota,Tundra,Truck,2018,8,CVT,Hybrid,3,86151,14410
Volkswagen,ID.4,SUV,2017,9,Automatic,Electric,4,121760,11090
Mazda,Mazda3,Sedan,2018,8,Automatic,Petrol,3,156916,6080
Mazda,CX-9,SUV,2022,4,Automatic,Petrol,1,79012,20110
Land Rover,Range Rover Sport,SUV,2015,11,Automatic,Diesel,3,287699,16330
Mercedes-Benz,GLC,SUV,2022,4,Automatic,Hybrid,2,35118,26780
Jeep,Compass,SUV,2016,10,Semi-Automatic,Petrol,1,142552,8340
Toyota,Corolla,Sedan,2023,3,CVT,Petrol,2,40878,14070
Lexus,IS,Sedan,2022,4,Automatic,Petrol,1,52541,22890
BMW,5 Series,Sedan,2020,6,Automatic,Petrol,3,118111,23750
Land Rover,Range Rover Evoque,SUV,2018,8,Automatic,Petrol,3,177127,15520
Volkswagen,Golf,Hatchback,2020,6,Automatic,Petrol,2,91795,10360
Honda,Pilot,SUV,2022,4,Manual,Diesel,1,62703,22280
Audi,A5,Coupe,2022,4,Automatic,Diesel,1,46487,26660
Chevrolet,Camaro,Coupe,2022,4,CVT,Petrol,2,41847,17570
Jeep,Wrangler,SUV,2024,2,Automatic,Petrol,1,25878,26980
Mercedes-Benz,GLC,SUV,2017,9,Automatic,Petrol,1,191510,14790
Honda,Accord,Sedan,2018,8,Automatic,Petrol,1,113417,11380
Toyota,RAV4,SUV,2018,8,Manual,Hybrid,2,82710,12100
Tesla,Model S,Sedan,2026,0,Automatic,Electric,1,500,69050
Jeep,Wrangler,SUV,2020,6,Manual,CNG,1,157512,10750
Mercedes-Benz,E-Class,Sedan,2021,5,Automatic,Petrol,1,68690,29930
GMC,Sierra 1500,Truck,2021,5,Manual,Diesel,1,58682,19060
Honda,CR-V,SUV,2019,7,Automatic,Hybrid,3,49321,13740
Tesla,Model S,Sedan,2022,4,Automatic,Electric,2,48420,38220
Hyundai,i20,Hatchback,2019,7,Automatic,Diesel,3,84990,5680
Kia,Carnival,Minivan,2025,1,Manual,Diesel,1,15158,26500
Chevrolet,Camaro Convertible,Convertible,2017,9,Automatic,Petrol,3,172997,11710
BMW,X3,SUV,2024,2,Automatic,Petrol,1,25013,34900
Jeep,Wrangler,SUV,2022,4,Automatic,Petrol,1,47574,21090
Audi,A4,Sedan,2017,9,Manual,Hybrid,4,96697,14390
Honda,Ridgeline,Truck,2013,13,CVT,Diesel,5,206324,6590
Mazda,MX-5 Miata,Convertible,2023,3,Manual,Diesel,2,75737,16560
Audi,Q7,SUV,2020,6,Automatic,Petrol,1,143735,26290
Volkswagen,Passat,Sedan,2019,7,Automatic,Diesel,3,72868,10360
Hyundai,Veloster,Coupe,2014,12,Automatic,Diesel,5,188519,4490
Volkswagen,Passat,Sedan,2022,4,Automatic,Petrol,1,52328,15550
Audi,Q5,SUV,2024,2,CVT,Petrol,1,23976,32390
Land Rover,Range Rover Evoque,SUV,2026,0,Automatic,Petrol,1,500,50960
Skoda,Octavia,Sedan,2018,8,Automatic,Petrol,3,120728,8560
Mazda,Mazda3,Sedan,2022,4,Manual,Petrol,2,47765,12450
Mazda,CX-9,SUV,2017,9,Automatic,Petrol,2,92832,12830
Mazda,MX-5 Miata,Convertible,2022,4,Automatic,CNG,2,54577,15390
BMW,X3,SUV,2017,9,Automatic,Petrol,3,68927,15180
Toyota,Prius,Hatchback,2018,8,Semi-Automatic,Petrol,1,139136,9890
Mini,Cooper Convertible,Convertible,2023,3,Automatic,Petrol,2,31962,20150
Toyota,Prius Prime,Hatchback,2014,12,Automatic,Petrol,3,213206,5110
Fiat,500,Hatchback,2020,6,Automatic,Petrol,3,60085,8140
Mercedes-Benz,GLE,SUV,2021,5,Automatic,Petrol,1,40243,35490
Audi,Q7,SUV,2019,7,Manual,Petrol,2,76158,22420
BMW,Z4,Convertible,2018,8,Automatic,Petrol,3,110523,18220
Kia,Sorento,SUV,2018,8,Automatic,Diesel,1,98850,12940
Subaru,Outback,SUV,2011,15,Automatic,Petrol,4,346548,1200
Tesla,Model X,SUV,2024,2,Automatic,Electric,1,14142,62400
Audi,Q5,SUV,2019,7,Automatic,Petrol,1,43953,20870
Lexus,RX,SUV,2016,10,Manual,Petrol,4,124758,12870
Toyota,Camry,Sedan,2023,3,Automatic,Petrol,1,31345,17490
Mazda,CX-5,SUV,2022,4,Automatic,Petrol,2,51809,17420
Kia,EV6,SUV,2020,6,Automatic,Electric,3,39416,18470
Kia,Sportage,SUV,2026,0,Automatic,Petrol,1,500,26750
Mercedes-Benz,GLE,SUV,2020,6,Automatic,Petrol,2,101814,27440
Toyota,Prius,Hatchback,2020,6,Automatic,Petrol,2,68964,12180
Ford,Focus,Hatchback,2022,4,Manual,Petrol,2,66007,10700
Chevrolet,Bolt EV,Hatchback,2019,7,Automatic,Electric,3,138559,8280
Nissan,Murano,SUV,2025,1,Manual,Hybrid,1,11791,28730
Honda,Pilot,SUV,2023,3,Automatic,Petrol,2,27274,26690
Nissan,Leaf,Hatchback,2026,0,Automatic,Electric,1,500,25210
Toyota,RAV4,SUV,2021,5,Automatic,Petrol,2,63979,15150
Skoda,Octavia,Sedan,2018,8,CVT,Diesel,3,71666,8430
Toyota,RAV4,SUV,2016,10,Automatic,Petrol,3,217361,4860
Audi,Q5,SUV,2024,2,CVT,Petrol,1,54669,32360
Ford,Explorer,SUV,2019,7,Automatic,Petrol,1,135835,15480
Hyundai,Veloster,Coupe,2017,9,Automatic,Petrol,2,89001,7970
Mazda,CX-5,SUV,2016,10,Automatic,Petrol,2,91672,8510
Ford,F-150,Truck,2014,12,Manual,Petrol,1,245608,6590
BMW,X5,SUV,2014,12,Automatic,Diesel,4,104990,13040
BMW,X3,SUV,2023,3,Automatic,Petrol,1,49431,29380
Chevrolet,Camaro Convertible,Convertible,2022,4,CVT,Petrol,1,49282,22990
Toyota,RAV4,SUV,2012,14,Automatic,Hybrid,5,260631,3470
Toyota,Sienna,Minivan,2019,7,Manual,Petrol,1,95428,15080
Nissan,Leaf,Hatchback,2015,11,Automatic,Electric,3,199363,5470
Chevrolet,Camaro,Coupe,2021,5,CVT,Petrol,1,33941,16990
Toyota,Sienna,Minivan,2021,5,Automatic,Petrol,1,44125,20230
Chevrolet,Equinox,SUV,2018,8,Automatic,Petrol,1,71686,10830
GMC,Acadia,SUV,2023,3,CVT,Petrol,2,24112,22370
Chevrolet,Bolt EV,Hatchback,2023,3,Automatic,Electric,1,23355,16470
Honda,Fit,Hatchback,2012,14,Automatic,Diesel,2,184036,3540
Audi,Q5,SUV,2015,11,Automatic,Petrol,4,154535,10690
Toyota,Camry,Sedan,2025,1,Automatic,Petrol,1,20779,23540
Lexus,ES,Sedan,2023,3,CVT,Hybrid,1,45804,28550
Toyota,Tacoma,Truck,2019,7,CVT,Petrol,1,108842,12630
Audi,Q7,SUV,2021,5,Automatic,Petrol,1,65812,34020
Honda,Insight,Sedan,2021,5,Automatic,Petrol,1,76489,12100
Kia,Forte,Sedan,2021,5,Automatic,Petrol,1,71010,10270
Honda,Pilot,SUV,2017,9,Manual,Petrol,4,100263,11860
Mini,Cooper Convertible,Convertible,2023,3,Manual,Petrol,2,46082,19540
Land Rover,Range Rover Evoque,SUV,2018,8,Automatic,Diesel,1,107789,19890
Kia,K5,Sedan,2025,1,Manual,Petrol,1,13428,18330
Tesla,Model 3,Sedan,2020,6,Automatic,Electric,1,48400,19600
Audi,A5,Coupe,2020,6,Manual,Petrol,1,94138,22150
Audi,A4,Sedan,2024,2,Manual,Petrol,1,39049,28120
Fiat,500,Hatchback,2014,12,Manual,Petrol,2,156910,4420
Mercedes-Benz,C-Class,Sedan,2022,4,Automatic,Diesel,1,61649,27280
Fiat,500,Hatchback,2017,9,Manual,Petrol,1,164985,5040
Honda,Ridgeline,Truck,2025,1,Automatic,Petrol,1,12636,32250
Mazda,Mazda6,Sedan,2023,3,Automatic,Petrol,2,49020,16090
Volkswagen,Tiguan,SUV,2026,0,CVT,Hybrid,1,500,29270
Mercedes-Benz,GLE,SUV,2021,5,Manual,Petrol,1,87358,32870
Kia,Sportage,SUV,2018,8,Automatic,Petrol,2,181567,8670
Audi,Q7,SUV,2020,6,Automatic,Petrol,3,85087,26930
Volvo,XC60,SUV,2024,2,Automatic,Petrol,1,24290,34950
Toyota,Highlander,SUV,2015,11,Automatic,Petrol,4,226518,6610
Hyundai,Tucson,SUV,2025,1,Automatic,Hybrid,1,13490,23850
Chevrolet,Equinox,SUV,2017,9,Automatic,Hybrid,2,120951,10430
Honda,Fit,Hatchback,2019,7,Automatic,Petrol,2,74345,7590
Land Rover,Range Rover Sport,SUV,2023,3,CVT,Diesel,1,24150,52620
Subaru,Forester,SUV,2021,5,Automatic,CNG,2,57976,12460
Jeep,Compass,SUV,2023,3,Automatic,Petrol,2,51477,17820
Mazda,Mazda3,Sedan,2024,2,Automatic,Diesel,1,18026,17250
Porsche,911,Coupe,2021,5,CVT,Petrol,1,42035,56420
Chevrolet,Silverado 1500,Truck,2026,0,CVT,Petrol,1,500,34070
Subaru,Forester,SUV,2022,4,Manual,Diesel,1,53304,14970
Kia,Forte,Sedan,2016,10,Automatic,Petrol,4,266271,1740
BMW,5 Series,Sedan,2019,7,CVT,Petrol,3,132467,22340
Audi,A4,Sedan,2020,6,Manual,Diesel,3,116441,17070
Kia,Forte,Sedan,2020,6,Automatic,Petrol,2,70080,9450
Ford,Escape,SUV,2025,1,Manual,Petrol,1,14987,22140
Jeep,Grand Cherokee,SUV,2017,9,Automatic,CNG,4,196981,10160
Suzuki,Swift,Hatchback,2025,1,Automatic,Diesel,1,8981,12840
Chevrolet,Malibu,Sedan,2013,13,Automatic,Petrol,1,251618,2910
Mercedes-Benz,E-Class,Sedan,2019,7,Automatic,Petrol,2,101906,23490
Volvo,XC90,SUV,2018,8,Automatic,Diesel,1,135753,20970
Toyota,GR86,Coupe,2020,6,Automatic,Petrol,2,114235,12940
Tesla,Model X,SUV,2012,14,Automatic,Electric,2,269605,15660
Lexus,IS,Sedan,2024,2,Manual,CNG,1,41003,25200
Audi,A5,Coupe,2025,1,Manual,Petrol,1,22296,35120
Ford,Explorer,SUV,2023,3,Automatic,Hybrid,1,52584,25520
Mazda,CX-9,SUV,2025,1,Automatic,Diesel,1,19826,27760
Hyundai,Santa Fe,SUV,2026,0,Semi-Automatic,Petrol,1,500,34190
Toyota,GR86,Coupe,2020,6,Automatic,Petrol,2,105497,12420
Toyota,Prius Prime,Hatchback,2023,3,Automatic,Petrol,1,55595,19550
Jeep,Compass,SUV,2022,4,Automatic,Petrol,1,65634,15490
GMC,Sierra 1500,Truck,2020,6,Automatic,Petrol,2,68452,16640
Tesla,Model 3,Sedan,2015,11,Automatic,Electric,2,151127,9860
BMW,3 Series,Sedan,2025,1,Manual,Petrol,1,12539,32310
Ford,Focus,Hatchback,2024,2,Automatic,Diesel,1,30873,14090
Audi,A4,Sedan,2022,4,Automatic,Hybrid,1,64004,25100
Mercedes-Benz,GLC,SUV,2023,3,Automatic,Petrol,1,41962,33500
GMC,Sierra 1500,Truck,2023,3,Automatic,Petrol,2,21609,26330
Honda,Pilot,SUV,2026,0,Semi-Automatic,Petrol,1,500,41520
Suzuki,Swift,Hatchback,2024,2,Automatic,Petrol,1,43654,10420
Jeep,Grand Cherokee,SUV,2025,1,Automatic,Petrol,1,11117,34360
Volvo,XC90,SUV,2014,12,Automatic,Hybrid,1,169091,14580
Kia,Forte,Sedan,2017,9,Automatic,Diesel,3,125554,5800
Kia,Forte,Sedan,2019,7,Automatic,Petrol,1,63736,9270
Kia,K5,Sedan,2017,9,CVT,Petrol,4,125566,7830
Kia,Rio,Hatchback,2025,1,Manual,Hybrid,1,11907,13610
Mercedes-Benz,C-Class Coupe,Coupe,2021,5,Manual,Petrol,1,91484,23340
Chevrolet,Camaro Convertible,Convertible,2019,7,Automatic,Diesel,3,141219,14520
Subaru,Legacy,Sedan,2023,3,CVT,Petrol,1,27160,16440
Toyota,Corolla,Sedan,2011,15,Manual,Petrol,1,183339,4260
Honda,CR-V,SUV,2019,7,Manual,Petrol,1,123395,11330
Mercedes-Benz,C-Class Coupe,Coupe,2017,9,Automatic,Diesel,1,196939,12810
Nissan,370Z,Coupe,2026,0,Automatic,Petrol,1,500,35910
Kia,Sorento,SUV,2025,1,Automatic,Diesel,1,19658,26010
Kia,Carnival,Minivan,2020,6,Automatic,Petrol,2,106688,14660
Toyota,Camry,Sedan,2023,3,Automatic,Hybrid,1,41109,19770
Volkswagen,Atlas,SUV,2018,8,CVT,Diesel,2,132133,11600
Fiat,500,Hatchback,2017,9,Manual,CNG,3,104386,5560
Chevrolet,Traverse,SUV,2022,4,Automatic,Petrol,2,58119,19640
BMW,5 Series,Sedan,2012,14,CVT,CNG,5,242815,8000
Toyota,Yaris,Sedan,2017,9,Automatic,Petrol,3,110922,5070
Toyota,RAV4,SUV,2016,10,Automatic,Petrol,1,131583,9940
Ford,Mustang,Coupe,2022,4,Automatic,Petrol,1,37915,20140
Audi,A6,Sedan,2022,4,CVT,Petrol,1,73869,33030
Volkswagen,Jetta,Sedan,2023,3,Automatic,Diesel,2,23744,14390
Honda,CR-V,SUV,2018,8,Automatic,Petrol,1,118008,10550
BMW,X5,SUV,2021,5,CVT,Petrol,1,71616,31950
Chevrolet,Equinox,SUV,2023,3,Automatic,Petrol,1,59669,18860
Fiat,500,Hatchback,2026,0,Manual,Diesel,1,500,16410
Nissan,Titan,Truck,2016,10,Semi-Automatic,Diesel,1,176018,9660
Toyota,Tundra,Truck,2019,7,Manual,Petrol,1,89716,16330
Toyota,Yaris Hatchback,Hatchback,2024,2,CVT,Diesel,1,39468,12390
BMW,Z4,Convertible,2016,10,Automatic,Petrol,3,90835,14390
Kia,Rio,Hatchback,2021,5,CVT,Petrol,2,84272,8280
Audi,A4,Sedan,2021,5,Manual,CNG,2,37574,19290
Nissan,Altima,Sedan,2021,5,Automatic,Petrol,2,86436,12340
Kia,Carnival,Minivan,2017,9,Manual,Diesel,3,167331,8640
Toyota,Yaris Hatchback,Hatchback,2020,6,Automatic,Petrol,2,66854,8440
Toyota,Yaris Hatchback,Hatchback,2022,4,Automatic,Diesel,1,41444,9950
Volkswagen,Jetta,Sedan,2019,7,Manual,Diesel,2,90328,8390
Honda,Ridgeline,Truck,2018,8,Automatic,Diesel,3,109104,14110
Kia,EV6,SUV,2020,6,Automatic,Electric,2,90983,20560
Subaru,Legacy,Sedan,2022,4,Automatic,Diesel,1,67464,13400
Toyota,Yaris,Sedan,2024,2,Automatic,Petrol,1,35680,11590
Lexus,RX,SUV,2019,7,CVT,Hybrid,3,68427,21630
BMW,3 Series,Sedan,2019,7,Automatic,Petrol,1,83896,19170
Jeep,Compass,SUV,2023,3,Automatic,Petrol,2,46091,18230
Ford,Mustang Convertible,Convertible,2022,4,Manual,Petrol,1,39537,21330
Toyota,GR86,Coupe,2024,2,Automatic,Petrol,1,32616,22600
Volvo,XC90,SUV,2019,7,Automatic,Hybrid,1,138663,26810
Subaru,Legacy,Sedan,2024,2,Automatic,Petrol,1,21774,19030
Honda,Fit,Hatchback,2021,5,CVT,Petrol,2,82240,8760
Ford,Fusion,Sedan,2022,4,CVT,Petrol,2,38423,13840
Kia,Sportage,SUV,2021,5,Automatic,Petrol,2,64666,13420
Honda,Odyssey,Minivan,2011,15,CVT,Petrol,5,179381,5820
Jeep,Wrangler,SUV,2019,7,Automatic,Petrol,2,95260,14020
Audi,A4,Sedan,2022,4,Automatic,Petrol,1,83697,23520
Nissan,Leaf,Hatchback,2022,4,Automatic,Electric,1,64449,15490
Honda,City,Sedan,2013,13,Automatic,Petrol,1,252540,2010
Nissan,Versa,Hatchback,2023,3,CVT,Diesel,2,70968,8830
Ford,F-150,Truck,2024,2,Manual,Diesel,1,25842,26660
Kia,Sportage,SUV,2023,3,Manual,Petrol,1,30098,18620
Jeep,Grand Cherokee,SUV,2019,7,Automatic,Petrol,1,108740,16860
Kia,K5,Sedan,2021,5,Automatic,Petrol,1,118127,11910
Nissan,Murano,SUV,2024,2,CVT,Diesel,1,48081,23410
Mercedes-Benz,E-Class,Sedan,2024,2,Manual,Petrol,1,31862,38020
Nissan,Murano,SUV,2019,7,Automatic,Petrol,1,138179,13220
Ford,Mustang Convertible,Convertible,2023,3,Automatic,Petrol,1,79994,24900
Toyota,Yaris,Sedan,2024,2,CVT,Diesel,1,28134,10790
Kia,Forte,Sedan,2017,9,Manual,Petrol,3,88478,6720
Kia,Forte,Sedan,2020,6,Automatic,Petrol,2,62374,9570
Honda,Ridgeline,Truck,2020,6,Automatic,CNG,1,74143,17850
Land Rover,Range Rover Sport,SUV,2012,14,Automatic,Petrol,4,191451,16000
Audi,A5,Coupe,2017,9,CVT,Petrol,3,181148,12530
Mercedes-Benz,C-Class Coupe,Coupe,2015,11,Automatic,Hybrid,4,183326,12460
Volkswagen,Atlas,SUV,2022,4,Automatic,Petrol,1,40369,20780
Chevrolet,Malibu,Sedan,2018,8,CVT,CNG,1,75639,9190
Tesla,Model 3,Sedan,2022,4,Automatic,Electric,1,59972,23330
Mazda,Mazda6,Sedan,2020,6,CVT,Petrol,3,107192,9830
Hyundai,Santa Fe,SUV,2021,5,Automatic,Petrol,2,83088,17170
Toyota,Yaris Hatchback,Hatchback,2017,9,Automatic,Hybrid,4,114795,5950
Ford,Mustang Mach-E,SUV,2024,2,Automatic,Electric,1,28150,30930
Lexus,ES,Sedan,2021,5,Automatic,Petrol,2,81244,20260
Chevrolet,Spark,Hatchback,2026,0,CVT,Petrol,1,500,14970
Hyundai,Tucson,SUV,2022,4,Automatic,Hybrid,2,77125,16960
Hyundai,Veloster,Coupe,2020,6,Automatic,Hybrid,1,69572,10860
Honda,City,Sedan,2021,5,Manual,Petrol,2,89769,8180
Kia,EV6,SUV,2024,2,Automatic,Electric,1,38786,32590
Mercedes-Benz,C-Class Coupe,Coupe,2015,11,Automatic,Petrol,2,172209,12940
Mini,Cooper,Hatchback,2025,1,Manual,Petrol,1,14760,21860
Honda,Odyssey,Minivan,2015,11,Manual,Diesel,4,138380,8830
Ford,Fusion,Sedan,2025,1,CVT,Diesel,1,16405,19140
Kia,Sportage,SUV,2022,4,Automatic,Petrol,1,52892,17690
Chevrolet,Spark,Hatchback,2018,8,CVT,Petrol,2,57385,6120
Hyundai,Sonata,Sedan,2024,2,Automatic,Diesel,1,33364,19230
Volvo,XC60,SUV,2022,4,Automatic,Petrol,1,68879,24990
Volkswagen,Tiguan,SUV,2023,3,Manual,Petrol,2,56193,17100
Lexus,IS,Sedan,2023,3,CVT,Petrol,2,44762,26260
Nissan,Leaf,Hatchback,2026,0,Automatic,Electric,1,500,25480
Toyota,Corolla,Sedan,2019,7,Manual,Diesel,2,75170,8900
Mercedes-Benz,E-Class,Sedan,2018,8,CVT,Hybrid,3,49498,22060
Toyota,GR86,Coupe,2024,2,Automatic,Hybrid,1,23264,23620
Hyundai,Veloster,Coupe,2025,1,Automatic,Petrol,1,13355,18950
Kia,Sportage,SUV,2023,3,CVT,Petrol,1,54309,17940
BMW,X3,SUV,2021,5,Automatic,Petrol,2,100346,24140
Honda,CR-V,SUV,2024,2,Automatic,Petrol,1,18033,20890
Lexus,IS,Sedan,2022,4,Automatic,Diesel,1,27305,22600
Kia,Sorento,SUV,2016,10,Automatic,Diesel,3,121028,8830
Mercedes-Benz,C-Class Coupe,Coupe,2023,3,Automatic,Petrol,1,25779,33360
Tesla,Model S,Sedan,2022,4,Automatic,Electric,1,39243,44620
Hyundai,Tucson,SUV,2022,4,CVT,Diesel,1,40982,17500
Mazda,CX-5,SUV,2022,4,Semi-Automatic,Petrol,2,44312,16270
Kia,Carnival,Minivan,2018,8,CVT,Petrol,3,147937,9970
Nissan,Sentra,Sedan,2017,9,Manual,Petrol,1,86265,6900
Toyota,Yaris,Sedan,2018,8,Automatic,Petrol,2,81161,5980
Toyota,Sienna,Minivan,2018,8,Automatic,Petrol,3,188302,10760
Mercedes-Benz,GLC,SUV,2019,7,Automatic,Petrol,1,77152,19580
Toyota,Tundra,Truck,2022,4,Manual,Petrol,2,24047,21090
Toyota,Tundra,Truck,2020,6,Automatic,Petrol,1,106134,18360
Renault,Clio,Hatchback,2023,3,Automatic,Petrol,2,57683,11760
Nissan,Sentra,Sedan,2019,7,Automatic,Hybrid,1,98095,8900
Toyota,RAV4,SUV,2025,1,Automatic,Hybrid,1,7555,26150
Lexus,ES,Sedan,2016,10,Manual,Petrol,4,107083,11530
Kia,Rio,Hatchback,2014,12,Automatic,Petrol,5,128193,3970
Audi,Q7,SUV,2020,6,Automatic,Diesel,2,37036,27340
Lexus,RX,SUV,2024,2,CVT,Petrol,1,49222,33930
Jeep,Wrangler,SUV,2025,1,CVT,Hybrid,1,12696,30190
Land Rover,Range Rover Evoque,SUV,2022,4,Automatic,Petrol,2,44026,27740
Mercedes-Benz,C-Class,Sedan,2025,1,Automatic,Hybrid,1,13432,37040
BMW,Z4,Convertible,2015,11,Automatic,Hybrid,3,140865,14800
Ford,F-150,Truck,2015,11,Automatic,Diesel,2,95500,9210
Mini,Cooper,Hatchback,2017,9,CVT,Petrol,3,198929,5830
Nissan,Leaf,Hatchback,2018,8,Automatic,Electric,2,71442,10180
Toyota,Tacoma,Truck,2022,4,CVT,Petrol,2,60924,17470
Toyota,Prius Prime,Hatchback,2018,8,Automatic,Hybrid,2,97278,11110
GMC,Acadia,SUV,2024,2,Automatic,Petrol,1,41784,25650
Mazda,CX-5,SUV,2017,9,Automatic,Petrol,3,101970,9830
Toyota,Camry,Sedan,2024,2,Automatic,Diesel,1,16077,20200
BMW,5 Series,Sedan,2024,2,Automatic,Diesel,1,18162,39930
Tesla,Model X,SUV,2019,7,Automatic,Electric,2,174506,33540
Honda,CR-V,SUV,2021,5,Automatic,Hybrid,1,59859,17280
Kia,Sportage,SUV,2022,4,Automatic,Petrol,1,57115,16570
Mazda,Mazda6,Sedan,2022,4,Automatic,Diesel,1,44410,14920
Mercedes-Benz,C-Class Coupe,Coupe,2016,10,Automatic,Petrol,3,234940,10670
Ford,Mustang Convertible,Convertible,2020,6,Semi-Automatic,Petrol,2,110600,16730
Ford,F-150,Truck,2022,4,Automatic,Petrol,2,63776,21470
Jeep,Grand Cherokee,SUV,2017,9,Automatic,Petrol,1,147852,13170
BMW,X3,SUV,2024,2,Automatic,Petrol,1,24248,35110
GMC,Terrain,SUV,2025,1,Automatic,Petrol,1,15511,23960
Honda,Ridgeline,Truck,2021,5,Manual,Hybrid,1,55093,20710
Audi,Q5,SUV,2020,6,Automatic,Petrol,3,102613,19360
Lexus,IS,Sedan,2018,8,Automatic,Petrol,3,158318,13220
Kia,Rio,Hatchback,2020,6,CVT,Diesel,1,49990,8500
Honda,Fit,Hatchback,2023,3,Automatic,Diesel,1,54184,10070
Hyundai,Ioniq 5,SUV,2020,6,Automatic,Electric,3,84425,19390
Nissan,370Z,Coupe,2022,4,Semi-Automatic,Petrol,1,94611,18950
Hyundai,Sonata,Sedan,2021,5,Automatic,Petrol,2,58819,13450
Nissan,Altima,Sedan,2020,6,Manual,Petrol,1,104355,10380
Audi,Q5,SUV,2018,8,Automatic,Petrol,3,175206,15450
Volkswagen,Golf,Hatchback,2021,5,Automatic,Petrol,2,40853,13330
GMC,Acadia,SUV,2015,11,Automatic,Hybrid,3,239786,7030
Toyota,Camry,Sedan,2014,12,Semi-Automatic,Petrol,4,183588,5400
Audi,Q5,SUV,2025,1,Manual,Diesel,1,14451,33470
Honda,Odyssey,Minivan,2020,6,Automatic,Diesel,3,135499,13810
Honda,Ridgeline,Truck,2019,7,Automatic,Diesel,2,131550,14890
Jeep,Grand Cherokee,SUV,2023,3,Automatic,Diesel,1,36153,26910
Suzuki,Swift,Hatchback,2022,4,Automatic,Diesel,1,50207,9200
Mini,Cooper,Hatchback,2023,3,Automatic,Diesel,2,23768,17720
Ford,F-150,Truck,2024,2,Manual,Petrol,1,26178,27950
BMW,4 Series,Coupe,2024,2,Automatic,Petrol,1,32155,34060
Hyundai,Elantra,Sedan,2025,1,Automatic,Petrol,1,26535,18510
Audi,A4,Sedan,2022,4,CVT,CNG,1,35861,22830
Ford,Focus,Hatchback,2023,3,Automatic,Petrol,1,20175,13040
Toyota,Sienna,Minivan,2015,11,Automatic,Petrol,3,126546,9650
Land Rover,Range Rover Evoque,SUV,2026,0,CVT,Petrol,1,500,44760
Jeep,Compass,SUV,2022,4,Automatic,CNG,2,56304,15410
Honda,Civic,Sedan,2015,11,Automatic,Petrol,4,106452,6140
Audi,A4,Sedan,2024,2,Automatic,Petrol,1,22980,30780
Volkswagen,Jetta,Sedan,2024,2,Automatic,Petrol,1,40674,15920
Ford,Mustang,Coupe,2012,14,Automatic,Diesel,3,280704,3060
Mercedes-Benz,GLE,SUV,2022,4,Manual,Petrol,1,55533,33210
Kia,Rio,Hatchback,2024,2,Automatic,Petrol,1,52205,11020
Ford,Mustang,Coupe,2015,11,Automatic,Hybrid,4,271216,5910
Chevrolet,Camaro,Coupe,2023,3,Automatic,Petrol,2,50265,19160
Toyota,Camry,Sedan,2017,9,Manual,Hybrid,4,160240,7200
Toyota,Prius,Hatchback,2024,2,Automatic,Hybrid,1,38196,21130
Volkswagen,Passat,Sedan,2023,3,Automatic,Petrol,2,38456,15510
Kia,Forte,Sedan,2016,10,Manual,Petrol,3,85865,6320
Kia,Sportage,SUV,2016,10,Semi-Automatic,Petrol,1,134176,8460
Nissan,Titan,Truck,2017,9,CVT,Diesel,3,164350,9760
BMW,5 Series,Sedan,2024,2,Manual,Petrol,1,25316,38820
Mazda,MX-5 Miata,Convertible,2015,11,Automatic,Petrol,3,114922,7820
Mazda,Mazda3,Sedan,2024,2,Automatic,Petrol,1,35857,17130
Fiat,500,Hatchback,2018,8,Automatic,Petrol,1,76358,7130
Hyundai,Santa Fe,SUV,2017,9,Automatic,Petrol,1,118153,11920
Volkswagen,Golf,Hatchback,2022,4,Automatic,Petrol,1,76961,14560
Chevrolet,Camaro,Coupe,2022,4,Automatic,Petrol,2,50366,18430
Toyota,Corolla,Sedan,2023,3,Manual,Petrol,2,47633,13180
Volkswagen,Golf,Hatchback,2019,7,Manual,Petrol,3,93708,9990
BMW,X3,SUV,2014,12,Automatic,Diesel,2,147259,11090
Hyundai,i20,Hatchback,2024,2,Manual,CNG,1,23743,10220
Nissan,370Z,Coupe,2018,8,Manual,Petrol,2,53608,12350
GMC,Terrain,SUV,2024,2,CVT,Petrol,1,28413,20310
Honda,City,Sedan,2020,6,Manual,Diesel,1,68688,7690
Suzuki,Swift,Hatchback,2019,7,Manual,Petrol,3,156200,4550
Ford,Mustang Mach-E,SUV,2021,5,Automatic,Electric,1,82603,24150
Tesla,Model Y,SUV,2014,12,Automatic,Electric,3,244298,7910
Honda,Fit,Hatchback,2022,4,Automatic,Hybrid,2,25294,10490
Honda,Pilot,SUV,2024,2,CVT,Hybrid,1,38446,28510
Toyota,Sienna,Minivan,2021,5,Manual,Petrol,1,62840,18420
Honda,Insight,Sedan,2024,2,Automatic,Petrol,1,21000,17360
GMC,Sierra 1500,Truck,2019,7,Automatic,Petrol,2,47414,16370
Nissan,Titan,Truck,2023,3,Manual,Hybrid,1,58811,23800
Volkswagen,Tiguan,SUV,2019,7,CVT,Petrol,1,106257,12150
Subaru,Forester,SUV,2020,6,Automatic,Petrol,2,144178,10960
Toyota,RAV4,SUV,2020,6,Manual,Hybrid,1,62309,14130
Ford,Mustang Convertible,Convertible,2023,3,Automatic,Petrol,2,74056,24140
Audi,A4,Sedan,2024,2,CVT,Petrol,1,48808,30000
Toyota,RAV4,SUV,2014,12,Automatic,Hybrid,5,158230,6590
Mercedes-Benz,GLE,SUV,2022,4,Automatic,CNG,1,42006,34210
Hyundai,Veloster,Coupe,2019,7,Automatic,Petrol,3,88675,8690
Chevrolet,Silverado 1500,Truck,2017,9,CVT,Petrol,3,116220,11060
Toyota,Camry,Sedan,2012,14,Manual,Petrol,4,326622,1200
Kia,Sorento,SUV,2023,3,Automatic,Hybrid,1,33134,22880
Toyota,Corolla,Sedan,2015,11,CVT,Petrol,3,178746,5070
Mercedes-Benz,C-Class Coupe,Coupe,2021,5,Automatic,Petrol,1,91025,26950
BMW,3 Series,Sedan,2021,5,Automatic,Diesel,1,99093,20510
Ford,Escape,SUV,2023,3,Automatic,Petrol,1,21394,19050
Ford,Mustang Mach-E,SUV,2019,7,Automatic,Electric,3,89962,18030
Kia,Forte,Sedan,2011,15,Manual,Diesel,5,226835,2500
Subaru,Legacy,Sedan,2025,1,Automatic,Diesel,1,9543,19000
Lexus,NX,SUV,2022,4,Automatic,Petrol,1,98349,23520
Nissan,Sentra,Sedan,2022,4,CVT,Petrol,2,64342,11090
Mazda,CX-9,SUV,2018,8,Automatic,Petrol,2,72669,14610
Honda,Civic,Sedan,2022,4,CVT,Petrol,2,44155,12850
Ford,Mustang Mach-E,SUV,2026,0,Automatic,Electric,1,500,39840
Nissan,370Z,Coupe,2015,11,Automatic,CNG,1,201801,6840
Chrysler,Pacifica,Minivan,2023,3,Manual,Hybrid,2,43946,23260
Mini,Cooper Convertible,Convertible,2023,3,Manual,Petrol,1,23940,19240
Volkswagen,Jetta,Sedan,2015,11,CVT,CNG,3,185459,3950
Subaru,Legacy,Sedan,2017,9,Manual,Diesel,2,117024,8110
Volkswagen,Jetta,Sedan,2018,8,Automatic,Petrol,3,84560,7880
Honda,Odyssey,Minivan,2023,3,Automatic,Petrol,2,17376,21210
Audi,A5,Coupe,2023,3,CVT,Petrol,2,48979,30510
Honda,Pilot,SUV,2023,3,Automatic,Petrol,1,50776,24930
Lexus,IS,Sedan,2020,6,Manual,Petrol,3,82329,16080
Tesla,Model 3,Sedan,2024,2,Automatic,Electric,1,22022,26980
Honda,Fit,Hatchback,2022,4,CVT,Petrol,1,56488,10120
Chrysler,Pacifica,Minivan,2019,7,Manual,Petrol,2,163899,10730
Ford,Mustang Mach-E,SUV,2017,9,Automatic,Electric,2,89958,14370
Ford,Explorer,SUV,2015,11,Automatic,Petrol,3,135602,9910
Volkswagen,ID.4,SUV,2023,3,Automatic,Electric,2,33684,25450
Hyundai,Ioniq 5,SUV,2017,9,Automatic,Electric,2,184211,12370
Chevrolet,Camaro Convertible,Convertible,2017,9,Manual,Petrol,2,152956,10500
Chevrolet,Bolt EV,Hatchback,2017,9,Automatic,Electric,3,50118,8740
Hyundai,Ioniq 5,SUV,2015,11,Automatic,Electric,2,254359,8680
Tesla,Model X,SUV,2021,5,Automatic,Electric,1,78915,45660
Kia,Carnival,Minivan,2016,10,CVT,Petrol,4,184528,9140
Honda,Pilot,SUV,2021,5,Automatic,Petrol,1,87229,20730
Subaru,Forester,SUV,2022,4,Manual,Petrol,1,44209,15590
Ford,Explorer,SUV,2020,6,Automatic,Diesel,3,65149,17470
Nissan,Leaf,Hatchback,2017,9,Automatic,Electric,4,148921,7700
GMC,Sierra 1500,Truck,2017,9,Manual,Petrol,4,145684,10010
Mazda,CX-9,SUV,2023,3,Semi-Automatic,Hybrid,2,68384,22620
Nissan,Murano,SUV,2019,7,Manual,CNG,2,75447,13900
Chevrolet,Silverado 1500,Truck,2023,3,CVT,Diesel,2,28588,23500
Suzuki,Swift,Hatchback,2022,4,Automatic,Hybrid,2,75526,8820
Jeep,Wrangler,SUV,2019,7,CVT,Petrol,1,83724,15890
Toyota,Yaris,Sedan,2024,2,Manual,Diesel,1,22964,11100
Toyota,RAV4,SUV,2014,12,Automatic,Hybrid,5,151115,7640
Hyundai,Tucson,SUV,2022,4,Automatic,Petrol,1,52997,16850
Audi,Q7,SUV,2020,6,CVT,Petrol,2,59490,28820
Chrysler,Pacifica,Minivan,2021,5,Automatic,Petrol,2,66352,20340
Lexus,RX,SUV,2022,4,Automatic,CNG,2,38033,24970
GMC,Acadia,SUV,2022,4,Automatic,Petrol,1,55985,22190
Honda,City,Sedan,2026,0,Manual,Petrol,1,500,16310
BMW,5 Series,Sedan,2023,3,Manual,Petrol,1,51477,36790
Chevrolet,Silverado 1500,Truck,2025,1,Automatic,Petrol,1,18220,27930
Toyota,GR86,Coupe,2022,4,CVT,Petrol,2,24698,17080
GMC,Terrain,SUV,2015,11,Automatic,Hybrid,3,73626,8520
Lexus,RX,SUV,2025,1,Manual,Diesel,1,14189,37180
Mercedes-Benz,C-Class,Sedan,2023,3,CVT,Petrol,1,34788,30420
Toyota,Prius Prime,Hatchback,2023,3,Automatic,Hybrid,1,41938,21480
Hyundai,Elantra,Sedan,2012,14,Automatic,Diesel,2,255393,2690
Lexus,NX,SUV,2024,2,Automatic,Petrol,1,33586,30900
BMW,5 Series,Sedan,2020,6,CVT,Petrol,3,106012,26220
Audi,A5,Coupe,2020,6,Manual,Petrol,1,133544,20950
Volkswagen,Jetta,Sedan,2013,13,CVT,Diesel,4,139304,4100
Ford,F-150,Truck,2022,4,Automatic,Petrol,1,80499,19990
Mazda,MX-5 Miata,Convertible,2021,5,Manual,Petrol,1,52246,13960
Ford,Mustang Mach-E,SUV,2017,9,Automatic,Electric,1,115127,14610
Hyundai,Sonata,Sedan,2021,5,Automatic,Petrol,1,55918,13120
Honda,City,Sedan,2019,7,CVT,Petrol,1,153902,5260
Volkswagen,Golf,Hatchback,2023,3,Automatic,Hybrid,1,58856,16800
Mini,Cooper,Hatchback,2014,12,Automatic,Petrol,3,101272,6270
Mazda,Mazda6,Sedan,2011,15,Manual,Diesel,4,131103,4090
Nissan,Sentra,Sedan,2026,0,CVT,Petrol,1,500,19730
Chevrolet,Bolt EV,Hatchback,2016,10,Automatic,Electric,3,55032,7260
Nissan,Leaf,Hatchback,2022,4,Automatic,Electric,2,51075,16800
Toyota,Yaris Hatchback,Hatchback,2017,9,Manual,Petrol,4,112831,5760
Nissan,Versa,Hatchback,2023,3,Automatic,Petrol,1,66997,10630
Ford,Mustang Mach-E,SUV,2017,9,Automatic,Electric,4,118965,12780
Toyota,Prius Prime,Hatchback,2018,8,CVT,Petrol,2,117098,10660
Ford,Mustang Mach-E,SUV,2024,2,Automatic,Electric,1,32635,33110
BMW,Z4,Convertible,2023,3,Automatic,Petrol,2,63634,31910
Mazda,Mazda6,Sedan,2018,8,Automatic,Diesel,1,119135,9150
Ford,Escape,SUV,2025,1,Automatic,CNG,1,21137,22060
Jeep,Grand Cherokee,SUV,2017,9,Automatic,Petrol,3,136806,12470
Mini,Cooper,Hatchback,2015,11,Manual,Diesel,2,188637,4820
Honda,Pilot,SUV,2017,9,Automatic,Diesel,2,125561,12390
BMW,X5,SUV,2011,15,Manual,Petrol,1,147419,11460
Chevrolet,Spark,Hatchback,2026,0,CVT,Petrol,1,500,14750
Volkswagen,ID.4,SUV,2022,4,Automatic,Electric,2,57565,21660
Jeep,Wrangler,SUV,2023,3,Manual,Diesel,1,68161,20690
Toyota,Corolla,Sedan,2021,5,CVT,Petrol,1,86550,12260
Land Rover,Range Rover Evoque,SUV,2013,13,Automatic,Petrol,3,124341,10400
Nissan,Sentra,Sedan,2019,7,Automatic,Petrol,3,147296,6760
Hyundai,Ioniq 5,SUV,2024,2,Automatic,Electric,1,14852,30810
Audi,Q5,SUV,2017,9,Automatic,Petrol,3,102143,14530
Chevrolet,Camaro Convertible,Convertible,2017,9,Automatic,Petrol,3,164395,11500
Hyundai,Ioniq 5,SUV,2025,1,Automatic,Electric,1,11794,33260
Mazda,MX-5 Miata,Convertible,2025,1,Automatic,Petrol,1,16221,24900
Audi,A4,Sedan,2022,4,Manual,Diesel,1,43854,22930
Toyota,Prius Prime,Hatchback,2015,11,Automatic,Petrol,1,141190,8960
Honda,Pilot,SUV,2016,10,Automatic,Petrol,2,184016,11950
Ford,Explorer,SUV,2024,2,Automatic,Petrol,1,23465,29510
Honda,Insight,Sedan,2026,0,Manual,Hybrid,1,500,25040
Hyundai,Ioniq 5,SUV,2015,11,Automatic,Electric,2,146044,10690
Toyota,Camry,Sedan,2023,3,Automatic,Petrol,2,82098,17420
Lexus,RX,SUV,2026,0,Automatic,Petrol,1,500,46420
BMW,4 Series,Coupe,2014,12,Manual,Petrol,4,204232,8640
Ford,Escape,SUV,2023,3,Automatic,Petrol,1,65132,17040
Mazda,CX-5,SUV,2021,5,Automatic,Petrol,1,51872,14930
Chevrolet,Camaro,Coupe,2015,11,Automatic,Hybrid,1,144167,9280
Volkswagen,Tiguan,SUV,2015,11,Automatic,Petrol,1,122436,8310
BMW,X3,SUV,2024,2,Automatic,Petrol,1,13993,34500
Peugeot,208,Hatchback,2024,2,CVT,Diesel,1,20906,13840
Ford,Mustang,Coupe,2026,0,Manual,Diesel,1,500,31030
Toyota,Tacoma,Truck,2022,4,Automatic,Petrol,1,49171,19430
Volkswagen,Atlas,SUV,2012,14,CVT,Petrol,3,128554,6660
Chevrolet,Camaro Convertible,Convertible,2020,6,Automatic,Petrol,2,119731,16950
Tesla,Model X,SUV,2025,1,Automatic,Electric,1,12191,73460
Nissan,Murano,SUV,2025,1,Automatic,Petrol,1,13438,27690
Nissan,Leaf,Hatchback,2025,1,Automatic,Electric,1,18628,21640
Fiat,500,Hatchback,2024,2,Automatic,Hybrid,1,29673,14710
Peugeot,208,Hatchback,2018,8,Automatic,Diesel,2,162276,6030
Peugeot,208,Hatchback,2022,4,CVT,CNG,1,95036,9800
Mazda,CX-9,SUV,2023,3,Manual,Hybrid,1,18944,23600
Volkswagen,Golf,Hatchback,2018,8,Automatic,Diesel,1,118390,8980
Audi,A5,Coupe,2023,3,Automatic,Petrol,1,41940,33430
Hyundai,Tucson,SUV,2019,7,CVT,Petrol,2,48274,12050
Hyundai,Tucson,SUV,2022,4,Automatic,Hybrid,2,28770,18520
Skoda,Octavia,Sedan,2020,6,CVT,Petrol,1,74463,11750
Hyundai,Elantra,Sedan,2025,1,Automatic,Petrol,1,6341,18590
Tesla,Model S,Sedan,2017,9,Automatic,Electric,4,170578,20570
Toyota,Prius,Hatchback,2026,0,Automatic,Hybrid,1,500,28560
Volkswagen,Tiguan,SUV,2016,10,Automatic,Petrol,3,123888,8000
Audi,Q7,SUV,2020,6,Manual,Diesel,1,65118,28680
Kia,Sportage,SUV,2020,6,Automatic,Petrol,3,71197,13180
Toyota,Prius Prime,Hatchback,2021,5,Automatic,Petrol,1,120060,14100
Hyundai,i20,Hatchback,2021,5,Manual,Petrol,2,105634,6240
Honda,Ridgeline,Truck,2022,4,Manual,CNG,2,64214,19850
Lexus,NX,SUV,2023,3,Manual,Petrol,1,52537,25690
Audi,A6,Sedan,2022,4,Manual,Hybrid,1,38791,33800
Honda,Accord,Sedan,2022,4,CVT,Petrol,2,78099,15630
Audi,A5,Coupe,2013,13,CVT,Petrol,1,269231,7630
GMC,Acadia,SUV,2023,3,Manual,Petrol,1,44942,21840
GMC,Sierra 1500,Truck,2022,4,Automatic,Hybrid,1,74621,22050
Jeep,Grand Cherokee,SUV,2025,1,Automatic,Petrol,1,12894,33680
Volkswagen,Tiguan,SUV,2022,4,Automatic,Petrol,1,43663,16950
Honda,Odyssey,Minivan,2020,6,Automatic,Petrol,3,131242,14020
Ford,F-150,Truck,2026,0,Automatic,Petrol,1,500,37080
Ford,Focus,Hatchback,2021,5,Manual,Petrol,1,98041,9240
Chevrolet,Equinox,SUV,2016,10,Automatic,Petrol,4,192354,6520
Volkswagen,Passat,Sedan,2022,4,Automatic,Petrol,2,41195,15410
Volkswagen,Jetta,Sedan,2020,6,CVT,Diesel,2,49965,8990
Porsche,911,Coupe,2022,4,CVT,Petrol,2,81688,57320
GMC,Acadia,SUV,2016,10,Automatic,Diesel,1,65198,11650
Toyota,RAV4,SUV,2014,12,CVT,Hybrid,2,76563,7890
Ford,Fusion,Sedan,2018,8,CVT,Petrol,3,165135,6980
Audi,A5,Coupe,2021,5,Manual,Petrol,2,104244,21550
Mazda,Mazda6,Sedan,2017,9,Automatic,Petrol,4,94080,8590
Honda,Ridgeline,Truck,2016,10,CVT,Petrol,4,113802,10610
Honda,Accord,Sedan,2012,14,Automatic,Petrol,4,214223,4410
Honda,Ridgeline,Truck,2022,4,Automatic,Petrol,2,33105,22690
Nissan,Leaf,Hatchback,2025,1,Automatic,Electric,1,9224,21230
Tesla,Model X,SUV,2014,12,Automatic,Electric,5,177732,16860
Peugeot,208,Hatchback,2025,1,Manual,Petrol,1,21412,15200
Honda,Odyssey,Minivan,2023,3,Automatic,Diesel,1,54367,22550
Ram,1500,Truck,2013,13,Automatic,CNG,4,182067,7350
BMW,5 Series,Sedan,2019,7,Automatic,Petrol,3,128175,21030
BMW,4 Series,Coupe,2015,11,Semi-Automatic,Petrol,4,127169,13300
Mazda,CX-9,SUV,2018,8,CVT,Petrol,3,110397,12790
Ram,1500,Truck,2025,1,Manual,Hybrid,1,14842,31510
Audi,A4,Sedan,2022,4,Automatic,Petrol,2,29361,24100
GMC,Acadia,SUV,2013,13,Manual,Petrol,2,169258,7850
Lexus,NX,SUV,2017,9,Automatic,Petrol,3,118433,14560
GMC,Sierra 1500,Truck,2023,3,Manual,Petrol,2,42338,24480
Jeep,Compass,SUV,2014,12,Automatic,Diesel,2,202421,5440
Mazda,MX-5 Miata,Convertible,2016,10,CVT,Diesel,1,131740,8280
Mercedes-Benz,E-Class,Sedan,2025,1,Automatic,Petrol,1,8945,46400
Kia,Rio,Hatchback,2021,5,Semi-Automatic,Diesel,1,96659,8070
Honda,Civic,Sedan,2014,12,Manual,Petrol,1,258826,2560
Audi,A6,Sedan,2016,10,Manual,Hybrid,2,90508,17010
Mercedes-Benz,GLE,SUV,2025,1,Manual,Petrol,1,18554,45980
GMC,Sierra 1500,Truck,2022,4,Automatic,Petrol,1,66088,21610
Mazda,Mazda6,Sedan,2021,5,CVT,Hybrid,1,131825,12080
Mercedes-Benz,GLE,SUV,2018,8,CVT,Petrol,1,100470,24650
Peugeot,208,Hatchback,2022,4,CVT,Petrol,2,69458,11410
Kia,K5,Sedan,2014,12,Automatic,CNG,2,132913,5550
Chevrolet,Equinox,SUV,2022,4,Manual,Hybrid,1,66694,16630
Chrysler,Pacifica,Minivan,2021,5,Automatic,Petrol,2,67412,19360
Honda,Ridgeline,Truck,2021,5,CVT,Hybrid,1,71329,22480
Hyundai,Elantra,Sedan,2024,2,Manual,Hybrid,1,19531,16950
Honda,City,Sedan,2020,6,Automatic,Petrol,3,84385,8120
Chevrolet,Equinox,SUV,2015,11,Automatic,Diesel,4,92198,7220
Ford,Mustang Convertible,Convertible,2024,2,Automatic,Diesel,1,26579,28830
Nissan,Versa,Hatchback,2017,9,Manual,Petrol,1,146988,4480
Ford,Mustang Convertible,Convertible,2020,6,Automatic,Diesel,3,55398,16760
BMW,5 Series,Sedan,2019,7,Automatic,Diesel,2,130778,21270
Toyota,Tundra,Truck,2025,1,Automatic,Petrol,1,14348,30870
GMC,Sierra 1500,Truck,2011,15,Automatic,Petrol,4,132483,6210
Honda,Insight,Sedan,2022,4,Automatic,Hybrid,2,81883,12580
Suzuki,Swift,Hatchback,2018,8,Semi-Automatic,Petrol,1,145177,5010
Subaru,Outback,SUV,2017,9,CVT,Petrol,4,112982,9840
Mazda,CX-9,SUV,2025,1,Automatic,CNG,1,11831,29360
Honda,Fit,Hatchback,2023,3,Manual,Petrol,2,39008,10020
Jeep,Compass,SUV,2014,12,CVT,Diesel,3,174086,5900
Toyota,RAV4,SUV,2023,3,CVT,Hybrid,1,68158,19480
Volvo,XC60,SUV,2017,9,CVT,Petrol,4,119100,12700
Chevrolet,Traverse,SUV,2023,3,Manual,Petrol,2,30664,23500
Lexus,NX,SUV,2022,4,Manual,Petrol,2,44873,22690
Lexus,RX,SUV,2025,1,Automatic,Hybrid,1,11217,42160
BMW,X5,SUV,2018,8,Automatic,Petrol,3,137445,22330
BMW,X3,SUV,2021,5,Manual,Petrol,2,118360,20720
Hyundai,i20,Hatchback,2019,7,Automatic,Hybrid,1,176553,4090
Hyundai,i20,Hatchback,2012,14,Automatic,Petrol,1,200675,2300
Kia,Sorento,SUV,2017,9,Automatic,Diesel,4,148379,9030
Honda,Insight,Sedan,2022,4,Manual,Hybrid,1,61591,14520
Honda,Ridgeline,Truck,2018,8,Manual,Petrol,3,107744,14700
Volkswagen,Jetta,Sedan,2019,7,Automatic,Diesel,3,46461,8300
Volvo,XC60,SUV,2015,11,Automatic,Diesel,1,161146,12590
Chevrolet,Camaro,Coupe,2025,1,Automatic,Diesel,1,20925,23840
Hyundai,Ioniq 5,SUV,2012,14,Automatic,Electric,5,201424,6180
Chevrolet,Silverado 1500,Truck,2013,13,Semi-Automatic,Petrol,1,263135,5370
Renault,Clio,Hatchback,2020,6,Automatic,Hybrid,3,54346,9540
Mini,Cooper,Hatchback,2016,10,Automatic,Petrol,4,131360,8120
Land Rover,Range Rover Evoque,SUV,2026,0,Semi-Automatic,Petrol,1,500,48350
Fiat,500,Hatchback,2025,1,Automatic,CNG,1,15587,14030
Volvo,XC90,SUV,2018,8,Automatic,Petrol,3,83701,21720
Mazda,Mazda3,Sedan,2017,9,Automatic,Petrol,2,88082,7340
Hyundai,Ioniq 5,SUV,2022,4,Automatic,Electric,1,52213,25970
Volkswagen,Tiguan,SUV,2021,5,Automatic,Diesel,2,67205,14990
Nissan,Murano,SUV,2019,7,Automatic,Diesel,2,77858,13550
Peugeot,208,Hatchback,2022,4,Automatic,Petrol,2,79941,9950
Audi,Q7,SUV,2022,4,Automatic,Diesel,1,57848,35910
Ford,F-150,Truck,2023,3,Automatic,Petrol,1,38808,24020
Hyundai,i20,Hatchback,2024,2,Automatic,Diesel,1,35052,11460
Audi,A4,Sedan,2016,10,Automatic,Petrol,3,86220,12870
Mercedes-Benz,C-Class Coupe,Coupe,2023,3,Semi-Automatic,Petrol,1,39395,31770
Ford,Explorer,SUV,2021,5,Manual,Petrol,1,99249,17960
BMW,Z4,Convertible,2016,10,Manual,Petrol,4,153421,13790
Tesla,Model Y,SUV,2022,4,Automatic,Electric,1,87388,24040
Honda,Accord,Sedan,2017,9,Automatic,Petrol,4,215508,6580
Volkswagen,ID.4,SUV,2014,12,Automatic,Electric,4,148711,8650
Ford,Mustang,Coupe,2025,1,Manual,Petrol,1,21259,26850
Toyota,GR86,Coupe,2021,5,Automatic,CNG,1,103435,14430
Kia,EV6,SUV,2017,9,Automatic,Electric,3,150778,12130
Ford,Mustang Convertible,Convertible,2023,3,CVT,Petrol,1,63940,22690
Toyota,Prius,Hatchback,2017,9,Manual,Diesel,3,112973,7600
Mercedes-Benz,GLC,SUV,2019,7,Automatic,Petrol,2,78577,19040
GMC,Terrain,SUV,2014,12,Automatic,Petrol,5,158052,6630
Volvo,XC60,SUV,2026,0,Manual,Petrol,1,500,43250
Toyota,Yaris Hatchback,Hatchback,2026,0,Automatic,Petrol,1,500,16210
Ram,1500,Truck,2020,6,Automatic,Petrol,1,54097,18790
Toyota,Sienna,Minivan,2014,12,Manual,Diesel,5,211444,6110
Toyota,Prius Prime,Hatchback,2018,8,Automatic,Petrol,1,83121,11010
GMC,Sierra 1500,Truck,2021,5,Automatic,Petrol,2,71959,20390
Tesla,Model X,SUV,2022,4,Automatic,Electric,2,102273,50050
Mini,Cooper Convertible,Convertible,2025,1,Manual,Hybrid,1,14005,23550
Volvo,XC90,SUV,2021,5,Automatic,CNG,2,90005,27590
Nissan,Altima,Sedan,2018,8,Automatic,Petrol,2,121585,8710
Chevrolet,Malibu,Sedan,2020,6,Automatic,Petrol,2,45081,10920
Kia,K5,Sedan,2018,8,Automatic,Petrol,1,115261,9000
Audi,Q7,SUV,2021,5,CVT,Petrol,1,35901,31010
Hyundai,Ioniq 5,SUV,2016,10,Automatic,Electric,1,158872,11750
Nissan,Sentra,Sedan,2025,1,CVT,Petrol,1,11294,15860
Audi,Q7,SUV,2019,7,Automatic,Petrol,1,98083,27180
Tesla,Model S,Sedan,2026,0,Automatic,Electric,1,500,66560
Subaru,Outback,SUV,2024,2,CVT,Petrol,1,30100,21390
Tesla,Model X,SUV,2019,7,Automatic,Electric,2,110311,34670
Lexus,ES,Sedan,2025,1,Automatic,Petrol,1,19387,33410
Toyota,Prius,Hatchback,2014,12,CVT,Petrol,1,152368,6510
Hyundai,Ioniq 5,SUV,2020,6,Automatic,Electric,1,44026,19050
Lexus,RX,SUV,2022,4,Automatic,Petrol,1,47286,29190
Nissan,Murano,SUV,2020,6,Automatic,Petrol,3,75388,16470
Mazda,Mazda6,Sedan,2021,5,Manual,Petrol,1,42478,12810
Nissan,Murano,SUV,2026,0,CVT,Petrol,1,500,33360
Ford,Mustang,Coupe,2022,4,Semi-Automatic,Diesel,2,41587,19670
Honda,Accord,Sedan,2025,1,Automatic,Petrol,1,10337,24610
Tesla,Model X,SUV,2016,10,Automatic,Electric,3,128663,24300
Mercedes-Benz,E-Class,Sedan,2021,5,CVT,Petrol,2,73485,28040
BMW,5 Series,Sedan,2020,6,CVT,Petrol,2,141745,23870
Mazda,MX-5 Miata,Convertible,2018,8,Automatic,Hybrid,2,103206,12160
Land Rover,Range Rover Sport,SUV,2026,0,Automatic,CNG,1,500,75090
Volkswagen,Passat,Sedan,2019,7,Manual,Petrol,3,126053,8530
Chevrolet,Spark,Hatchback,2023,3,Automatic,Petrol,2,52881,9610
Ford,Mustang Mach-E,SUV,2022,4,Automatic,Electric,2,37393,23600
Kia,Carnival,Minivan,2023,3,Automatic,Petrol,2,30110,22310
Mercedes-Benz,E-Class,Sedan,2021,5,Automatic,Petrol,2,95130,28240
Toyota,Camry,Sedan,2025,1,Automatic,Petrol,1,6752,24290
Nissan,Titan,Truck,2018,8,Automatic,Petrol,2,152171,11630
Kia,Forte,Sedan,2026,0,Automatic,Petrol,1,500,20120
Land Rover,Range Rover Evoque,SUV,2024,2,Automatic,Petrol,1,28950,38660
Honda,Civic,Sedan,2016,10,Semi-Automatic,Diesel,2,167215,6120
BMW,3 Series,Sedan,2014,12,Manual,Diesel,3,187107,8110
Subaru,Outback,SUV,2024,2,Automatic,Petrol,1,40403,22330
Toyota,Prius Prime,Hatchback,2013,13,Semi-Automatic,Petrol,5,175010,5560
Audi,A4,Sedan,2024,2,Automatic,Petrol,1,38570,31840
Mercedes-Benz,C-Class,Sedan,2026,0,Automatic,Petrol,1,500,42980
Lexus,RX,SUV,2024,2,Manual,Petrol,1,26301,35440
Toyota,Prius,Hatchback,2024,2,CVT,Hybrid,1,37719,20640
Ford,Focus,Hatchback,2026,0,Automatic,Petrol,1,500,20510
Kia,Forte,Sedan,2018,8,Manual,Petrol,2,72509,7570
Volkswagen,Tiguan,SUV,2023,3,CVT,Petrol,2,26395,18930
Toyota,Yaris Hatchback,Hatchback,2021,5,Manual,Petrol,2,71231,8810
Jeep,Wrangler,SUV,2020,6,Manual,Petrol,2,100060,14430
Mazda,CX-5,SUV,2014,12,Semi-Automatic,Petrol,4,156373,6720
Nissan,Sentra,Sedan,2023,3,Automatic,Petrol,1,46707,12560
Kia,Sorento,SUV,2023,3,Manual,Hybrid,2,45891,20570
Nissan,Rogue,SUV,2021,5,Automatic,Petrol,1,43822,15050
Hyundai,i20,Hatchback,2023,3,Automatic,Diesel,1,40211,9680
Lexus,IS,Sedan,2019,7,Manual,Petrol,2,86231,17490
Subaru,Outback,SUV,2026,0,CVT,Petrol,1,500,29320
Renault,Clio,Hatchback,2023,3,CVT,Petrol,2,49677,12740
Kia,Forte,Sedan,2021,5,Manual,Petrol,2,71659,9330
Audi,Q7,SUV,2020,6,Automatic,Hybrid,1,57406,30170
Hyundai,Veloster,Coupe,2022,4,Automatic,CNG,2,37290,12340
Ford,Mustang Mach-E,SUV,2019,7,Automatic,Electric,1,137360,18130
Lexus,ES,Sedan,2022,4,Manual,Petrol,2,51963,23120
Toyota,Yaris,Sedan,2024,2,Automatic,Diesel,1,35018,12220
Ford,Mustang Convertible,Convertible,2021,5,Manual,Petrol,1,37416,19990
Honda,Odyssey,Minivan,2025,1,Automatic,Diesel,1,13313,27940
Land Rover,Range Rover Sport,SUV,2017,9,Automatic,Diesel,2,225100,24060
Toyota,Tacoma,Truck,2020,6,Manual,Petrol,3,51668,12980
BMW,X3,SUV,2024,2,Automatic,Petrol,1,17405,35210
Kia,K5,Sedan,2021,5,Automatic,Hybrid,2,46132,13170
Jeep,Wrangler,SUV,2021,5,Manual,Hybrid,1,52255,18680
Kia,K5,Sedan,2023,3,Automatic,Petrol,1,48358,17080
Hyundai,Sonata,Sedan,2018,8,Semi-Automatic,Hybrid,2,130611,9220
Peugeot,208,Hatchback,2020,6,Manual,Petrol,3,86599,7930
Nissan,Versa,Hatchback,2016,10,Automatic,Diesel,1,158042,4130
Ford,Focus,Hatchback,2022,4,CVT,CNG,1,41200,10640
BMW,4 Series,Coupe,2020,6,CVT,CNG,1,67310,20910
Land Rover,Range Rover Sport,SUV,2023,3,Automatic,Petrol,2,32089,51630
Land Rover,Range Rover Sport,SUV,2015,11,Automatic,Petrol,2,189145,22120
Lexus,IS,Sedan,2023,3,Manual,Petrol,1,46578,24970
Chevrolet,Camaro Convertible,Convertible,2022,4,Automatic,Petrol,2,87935,20540
Toyota,Yaris Hatchback,Hatchback,2022,4,CVT,Petrol,1,76309,9520
Audi,A5,Coupe,2020,6,Automatic,Petrol,3,129234,20010
Chevrolet,Camaro,Coupe,2019,7,Automatic,Hybrid,2,88281,14710
Toyota,Prius Prime,Hatchback,2023,3,Automatic,Petrol,1,41805,18920
Mazda,CX-9,SUV,2023,3,Automatic,Diesel,1,68972,22600
Jeep,Wrangler,SUV,2023,3,Automatic,Petrol,1,54868,22080
Volkswagen,Tiguan,SUV,2022,4,Manual,Petrol,1,52710,16520
Mini,Cooper Convertible,Convertible,2020,6,Manual,Diesel,1,142151,11610
Ford,Mustang,Coupe,2023,3,Automatic,Petrol,1,60928,22400
Kia,Forte,Sedan,2021,5,Automatic,Hybrid,2,52617,11230
Toyota,Corolla,Sedan,2019,7,Manual,Diesel,1,112950,7930
Honda,City,Sedan,2013,13,Manual,Petrol,3,141278,3680
Ford,Explorer,SUV,2013,13,Automatic,Diesel,1,159578,8040
Toyota,GR86,Coupe,2022,4,Automatic,Petrol,2,45035,18130
Ford,Mustang Mach-E,SUV,2022,4,Automatic,Electric,2,43675,25930
Chevrolet,Equinox,SUV,2011,15,Automatic,Petrol,4,104657,4880
Renault,Clio,Hatchback,2022,4,Automatic,Petrol,2,33668,11590
Chevrolet,Camaro,Coupe,2023,3,Automatic,Petrol,1,30358,20520
Renault,Clio,Hatchback,2025,1,Automatic,Petrol,1,10857,15150
Audi,A4,Sedan,2020,6,Manual,Petrol,1,107716,17570
Mercedes-Benz,E-Class,Sedan,2011,15,Automatic,Petrol,3,180340,9760
Lexus,ES,Sedan,2016,10,Automatic,Petrol,4,83500,12300
Kia,Sorento,SUV,2025,1,Automatic,CNG,1,12546,25250
Mazda,CX-9,SUV,2020,6,Semi-Automatic,Hybrid,3,108517,15380
Kia,EV6,SUV,2021,5,Automatic,Electric,2,46282,21860
Chevrolet,Malibu,Sedan,2020,6,Automatic,Diesel,2,44219,11810
Mini,Cooper,Hatchback,2015,11,Automatic,Hybrid,2,154807,7020
Ford,Mustang,Coupe,2018,8,Automatic,Petrol,3,110070,12520
Mercedes-Benz,GLC,SUV,2023,3,Automatic,Diesel,1,49894,30680
Mazda,MX-5 Miata,Convertible,2020,6,Manual,Diesel,3,60442,11520
BMW,3 Series,Sedan,2018,8,Automatic,Petrol,2,78993,17780
Mercedes-Benz,E-Class,Sedan,2025,1,Automatic,Petrol,1,25669,45620
Chrysler,Pacifica,Minivan,2024,2,Automatic,Petrol,1,21438,25330
Volkswagen,ID.4,SUV,2019,7,Automatic,Electric,2,102549,15440
Mazda,Mazda6,Sedan,2020,6,Manual,Petrol,3,132484,9630
Mazda,CX-9,SUV,2019,7,Automatic,Diesel,2,84680,14180
Jeep,Grand Cherokee,SUV,2022,4,Automatic,Petrol,2,51649,22780
Toyota,Sienna,Minivan,2014,12,Automatic,Petrol,2,191400,8210
Nissan,Versa,Hatchback,2022,4,Automatic,Petrol,2,58633,9100
Chrysler,Pacifica,Minivan,2020,6,Automatic,Petrol,2,51477,15940
Audi,Q7,SUV,2019,7,CVT,Petrol,3,145455,20430
Honda,Civic,Sedan,2017,9,Automatic,Diesel,3,95697,7420
Hyundai,Tucson,SUV,2025,1,Automatic,Petrol,1,13991,24780
Toyota,Corolla,Sedan,2024,2,CVT,Hybrid,1,27589,16240
Hyundai,Tucson,SUV,2017,9,Automatic,CNG,4,167328,6600
Chrysler,Pacifica,Minivan,2023,3,Automatic,Petrol,2,35015,22840
Chevrolet,Traverse,SUV,2016,10,Automatic,CNG,2,238386,5280
Jeep,Compass,SUV,2025,1,Automatic,Petrol,1,10860,22130
Lexus,ES,Sedan,2024,2,Automatic,Petrol,1,30119,30240
Mazda,MX-5 Miata,Convertible,2017,9,CVT,Petrol,2,161531,8090
Hyundai,Santa Fe,SUV,2025,1,Manual,Petrol,1,16894,26340
Tesla,Model Y,SUV,2024,2,Automatic,Electric,1,31615,30440
Audi,Q5,SUV,2018,8,Automatic,Petrol,1,161020,17680
BMW,X3,SUV,2017,9,Manual,Petrol,1,127527,15040
Volkswagen,Passat,Sedan,2026,0,Manual,Petrol,1,500,24630
Jeep,Compass,SUV,2025,1,Automatic,Diesel,1,18164,23020
Honda,Pilot,SUV,2020,6,Automatic,Diesel,1,93255,17990
Renault,Clio,Hatchback,2018,8,Manual,Petrol,2,181616,4180
Honda,Accord,Sedan,2018,8,Semi-Automatic,Petrol,3,94917,11060
Land Rover,Range Rover Sport,SUV,2016,10,Automatic,Petrol,2,197014,23940
Ram,1500,Truck,2020,6,Automatic,Petrol,2,83343,17240
Honda,Pilot,SUV,2022,4,Manual,Hybrid,1,63156,22980
Kia,Sportage,SUV,2012,14,Automatic,Petrol,2,235334,3210
Chevrolet,Camaro,Coupe,2021,5,Semi-Automatic,Petrol,2,90165,16990
Chevrolet,Bolt EV,Hatchback,2017,9,Automatic,Electric,3,152029,6870
Skoda,Octavia,Sedan,2020,6,CVT,Petrol,3,73370,11000
Chevrolet,Spark,Hatchback,2019,7,Manual,Petrol,1,152904,4670
Ford,Mustang,Coupe,2026,0,Manual,Diesel,1,500,29500
Nissan,Rogue,SUV,2020,6,Automatic,Diesel,1,61420,14410
Nissan,Sentra,Sedan,2020,6,Manual,Petrol,1,155806,7390
Kia,Rio,Hatchback,2011,15,Automatic,Hybrid,2,149606,3440
Mini,Cooper Convertible,Convertible,2023,3,Manual,Petrol,1,30534,20100
Chevrolet,Malibu,Sedan,2024,2,Automatic,Petrol,1,21379,18960
Chevrolet,Silverado 1500,Truck,2024,2,Automatic,Diesel,1,22013,25680
Mazda,CX-9,SUV,2019,7,Automatic,Petrol,1,85593,16720
Honda,Civic,Sedan,2019,7,Automatic,Petrol,1,38592,10920
Volkswagen,Golf,Hatchback,2011,15,Automatic,Petrol,1,197483,4520
Ford,Explorer,SUV,2014,12,Automatic,Diesel,5,196116,6760
Chevrolet,Traverse,SUV,2016,10,Automatic,Petrol,3,157311,9150
Hyundai,Elantra,Sedan,2021,5,Automatic,Diesel,1,69328,10530
Chevrolet,Malibu,Sedan,2021,5,Automatic,Petrol,1,58586,13450
Nissan,Sentra,Sedan,2021,5,Manual,Diesel,2,71260,9950
Audi,Q7,SUV,2022,4,Automatic,Petrol,1,93335,36640
Peugeot,208,Hatchback,2015,11,Manual,Petrol,4,292556,1200
Chevrolet,Silverado 1500,Truck,2020,6,Automatic,Diesel,3,106957,14670
Mercedes-Benz,E-Class,Sedan,2026,0,Automatic,Petrol,1,500,56850
Audi,Q7,SUV,2017,9,Manual,Petrol,1,76166,19490
Honda,Pilot,SUV,2020,6,Manual,Petrol,2,71267,17530
Mazda,Mazda6,Sedan,2017,9,CVT,Petrol,2,109853,8710
Audi,A6,Sedan,2019,7,Semi-Automatic,CNG,1,139038,20530
Tesla,Model X,SUV,2011,15,Automatic,Electric,1,257509,12390
Audi,A4,Sedan,2023,3,Automatic,Diesel,1,40148,28950
Ford,Fusion,Sedan,2025,1,Automatic,Petrol,1,8818,20880
Nissan,Titan,Truck,2015,11,Semi-Automatic,Hybrid,2,147238,10230
Tesla,Model Y,SUV,2025,1,Automatic,Electric,1,8456,36680
Mini,Cooper,Hatchback,2023,3,Manual,Petrol,2,33574,16070
Lexus,RX,SUV,2023,3,Manual,Petrol,1,32718,31100
Lexus,RX,SUV,2021,5,Automatic,Petrol,1,87211,25300
Volkswagen,Golf,Hatchback,2019,7,Semi-Automatic,Diesel,3,126287,8410
Ford,F-150,Truck,2025,1,Manual,Petrol,1,22169,27170
Ford,F-150,Truck,2020,6,Manual,Hybrid,1,40911,16980
Audi,A5,Coupe,2025,1,Automatic,Petrol,1,18261,38990
Chevrolet,Spark,Hatchback,2018,8,Automatic,Petrol,3,164949,2910
Land Rover,Range Rover Evoque,SUV,2023,3,Automatic,Diesel,2,45309,33000
Lexus,NX,SUV,2025,1,Automatic,Petrol,1,9039,32810
Hyundai,Santa Fe,SUV,2014,12,Manual,Petrol,4,183644,5760
BMW,5 Series,Sedan,2025,1,Manual,Petrol,1,10088,43110
Honda,Accord,Sedan,2023,3,Automatic,Petrol,1,32337,17990
Mercedes-Benz,C-Class Coupe,Coupe,2017,9,Automatic,Hybrid,1,90145,17790
Kia,Rio,Hatchback,2024,2,Automatic,Petrol,1,29529,12880
Ford,Fusion,Sedan,2020,6,Semi-Automatic,Petrol,2,73719,10710
Kia,Sportage,SUV,2023,3,Manual,CNG,2,48094,15410
Ford,F-150,Truck,2014,12,Manual,Petrol,1,120573,8620
Ford,Escape,SUV,2020,6,Automatic,Diesel,2,68592,12120
Honda,Accord,Sedan,2023,3,CVT,Petrol,2,68751,17370
Mercedes-Benz,GLC,SUV,2019,7,Automatic,Petrol,1,72819,19900
GMC,Acadia,SUV,2015,11,Automatic,Petrol,2,187170,9270
Audi,Q5,SUV,2019,7,CVT,Petrol,2,106034,18220
Jeep,Wrangler,SUV,2025,1,Automatic,Petrol,1,6362,27780
Toyota,Tundra,Truck,2020,6,CVT,Petrol,3,98075,16100
Land Rover,Range Rover Sport,SUV,2019,7,Manual,CNG,1,64771,31990
Toyota,RAV4,SUV,2022,4,Automatic,Hybrid,1,49179,18870
Hyundai,i20,Hatchback,2019,7,Automatic,Petrol,1,170823,3210
Lexus,RX,SUV,2023,3,CVT,Petrol,1,56879,29140
Toyota,GR86,Coupe,2023,3,Automatic,Petrol,1,60165,19260
Audi,A4,Sedan,2023,3,CVT,Petrol,1,37904,27970
Honda,Civic,Sedan,2021,5,Automatic,Petrol,1,36211,12750
Mercedes-Benz,C-Class,Sedan,2021,5,Automatic,Petrol,2,97847,20930
BMW,Z4,Convertible,2025,1,Automatic,CNG,1,17748,38460
BMW,4 Series,Coupe,2019,7,Automatic,Petrol,1,58447,20370
Volvo,XC60,SUV,2026,0,Automatic,CNG,1,500,42010
Renault,Clio,Hatchback,2019,7,CVT,Diesel,2,82101,7550
Toyota,Prius,Hatchback,2018,8,Automatic,Hybrid,3,142701,8550
Volkswagen,Passat,Sedan,2018,8,Automatic,Petrol,1,137335,8590
Mercedes-Benz,C-Class,Sedan,2023,3,Manual,Hybrid,1,60602,30110
Honda,Civic,Sedan,2020,6,Semi-Automatic,Petrol,2,78463,10910
Volvo,XC60,SUV,2012,14,Manual,Petrol,5,162023,7260
Nissan,Sentra,Sedan,2015,11,Automatic,Petrol,1,169372,4390
Ford,F-150,Truck,2024,2,Automatic,Hybrid,1,25745,28990
Nissan,Sentra,Sedan,2024,2,Automatic,Diesel,1,36909,14390
Honda,Accord,Sedan,2024,2,Automatic,CNG,1,37885,20270
Volkswagen,Jetta,Sedan,2016,10,Automatic,Petrol,3,159754,5170
Tesla,Model 3,Sedan,2018,8,Automatic,Electric,3,67601,15150
Porsche,911,Coupe,2019,7,Automatic,Petrol,3,87616,46830
Chevrolet,Spark,Hatchback,2023,3,Semi-Automatic,Petrol,2,29816,10220
Nissan,Sentra,Sedan,2015,11,Manual,Petrol,3,224182,3660
Mazda,CX-5,SUV,2017,9,CVT,Diesel,4,124630,7680
Chevrolet,Camaro,Coupe,2024,2,Automatic,Petrol,1,26202,24420
Tesla,Model S,Sedan,2023,3,Automatic,Electric,2,45176,43890
Mini,Cooper Convertible,Convertible,2024,2,Manual,Petrol,1,32297,20830
Mini,Cooper Convertible,Convertible,2018,8,Semi-Automatic,Diesel,1,196874,8860
Nissan,Rogue,SUV,2022,4,Automatic,Hybrid,2,100721,15690
Chevrolet,Equinox,SUV,2021,5,Semi-Automatic,Petrol,1,68833,14440
Hyundai,Elantra,Sedan,2023,3,Automatic,Petrol,2,30570,13610
Volvo,XC60,SUV,2021,5,Manual,Petrol,2,58078,21960
Toyota,Highlander,SUV,2021,5,Manual,Petrol,2,67855,18050
Chevrolet,Traverse,SUV,2019,7,Automatic,Petrol,2,99661,15710
Mazda,Mazda6,Sedan,2014,12,Automatic,Petrol,2,159683,6570
Mercedes-Benz,C-Class Coupe,Coupe,2016,10,Automatic,Petrol,4,170020,12480
Tesla,Model S,Sedan,2020,6,Automatic,Electric,1,112918,34800
Volkswagen,Golf,Hatchback,2023,3,Automatic,Diesel,2,45833,14850
Mercedes-Benz,GLC,SUV,2021,5,Automatic,Petrol,1,79128,25010
Subaru,Forester,SUV,2023,3,Semi-Automatic,Petrol,1,33662,18300
Mercedes-Benz,C-Class Coupe,Coupe,2017,9,Manual,Petrol,1,89826,15830
Jeep,Compass,SUV,2017,9,Automatic,Petrol,3,115503,9720
Honda,CR-V,SUV,2022,4,Semi-Automatic,Petrol,2,68042,17380
Ford,Focus,Hatchback,2021,5,Automatic,Petrol,1,51830,11810
Mazda,Mazda6,Sedan,2018,8,Automatic,Petrol,2,118335,9610
Hyundai,Sonata,Sedan,2017,9,Automatic,Petrol,1,208326,4580
Chevrolet,Camaro Convertible,Convertible,2018,8,Automatic,Petrol,3,104417,13470
Honda,City,Sedan,2015,11,Automatic,Petrol,1,137047,5240
Chevrolet,Bolt EV,Hatchback,2023,3,Automatic,Electric,2,27606,16740
Toyota,Prius Prime,Hatchback,2018,8,Automatic,CNG,2,112669,10290
Volkswagen,Atlas,SUV,2024,2,Automatic,Petrol,1,44046,27890
Honda,Pilot,SUV,2024,2,Automatic,Diesel,1,43776,29360
Nissan,Titan,Truck,2022,4,Automatic,Petrol,1,100552,19250
Audi,A4,Sedan,2015,11,CVT,Petrol,3,258362,8310
Subaru,Legacy,Sedan,2026,0,Manual,CNG,1,500,21590
Skoda,Octavia,Sedan,2025,1,Automatic,Petrol,1,16815,19420
Nissan,Murano,SUV,2021,5,Automatic,Hybrid,1,53449,19900
Kia,Sportage,SUV,2020,6,Manual,Petrol,1,49846,12350
Hyundai,Ioniq 5,SUV,2015,11,Automatic,Electric,1,213398,8150
Lexus,NX,SUV,2023,3,Automatic,Petrol,2,26861,27380
Chevrolet,Traverse,SUV,2020,6,Automatic,Petrol,3,114815,16580
Kia,EV6,SUV,2016,10,Automatic,Electric,2,79435,12090
Jeep,Grand Cherokee,SUV,2025,1,Automatic,Petrol,1,23196,33900
Toyota,Yaris Hatchback,Hatchback,2020,6,Automatic,Petrol,3,71712,8190
Tesla,Model X,SUV,2022,4,Automatic,Electric,1,55575,52980
Ford,Mustang Convertible,Convertible,2018,8,Automatic,Petrol,3,84063,14390
Audi,A4,Sedan,2023,3,Automatic,Petrol,1,33867,28020
GMC,Acadia,SUV,2024,2,Manual,Petrol,1,28174,26850
Ford,Focus,Hatchback,2020,6,Manual,Petrol,2,83458,8750
Hyundai,Veloster,Coupe,2018,8,Automatic,Diesel,2,128217,7400
Kia,EV6,SUV,2020,6,Automatic,Electric,2,44707,18210
Subaru,Outback,SUV,2023,3,Automatic,Petrol,1,27723,20590
Toyota,Highlander,SUV,2025,1,Automatic,Diesel,1,14685,31180
Lexus,NX,SUV,2021,5,Automatic,Petrol,1,62710,22100
GMC,Terrain,SUV,2024,2,Automatic,Petrol,1,26272,23510
Audi,A6,Sedan,2020,6,Automatic,Diesel,1,78464,27540
Tesla,Model 3,Sedan,2016,10,Automatic,Electric,1,167764,10950
Volvo,XC90,SUV,2022,4,Automatic,CNG,2,66893,30760
Ford,Focus,Hatchback,2022,4,Manual,Hybrid,2,39338,11250
Subaru,Forester,SUV,2024,2,Automatic,Petrol,1,37701,19290
Mercedes-Benz,GLC,SUV,2020,6,Manual,Petrol,3,78489,20250
Nissan,Altima,Sedan,2022,4,Manual,Petrol,2,45489,13680
Honda,Insight,Sedan,2019,7,Manual,Petrol,1,38289,10380
GMC,Acadia,SUV,2023,3,Automatic,Diesel,2,42790,23670
Suzuki,Swift,Hatchback,2013,13,Manual,Petrol,4,152779,2940
Tesla,Model X,SUV,2017,9,Automatic,Electric,1,134182,30470
Toyota,Tacoma,Truck,2020,6,Automatic,Petrol,1,67070,15560
Audi,A6,Sedan,2024,2,Semi-Automatic,Petrol,1,36621,44680
Tesla,Model Y,SUV,2025,1,Automatic,Electric,1,12839,37570
Audi,A4,Sedan,2023,3,CVT,Diesel,1,42966,27550
Volkswagen,Golf,Hatchback,2025,1,Automatic,Petrol,1,7945,21160
Tesla,Model S,Sedan,2025,1,Automatic,Electric,1,21960,58010
Toyota,Highlander,SUV,2019,7,Automatic,Hybrid,1,145487,16680
Mazda,MX-5 Miata,Convertible,2022,4,Automatic,CNG,2,45980,15450
GMC,Sierra 1500,Truck,2023,3,Automatic,Petrol,2,61784,24550
Subaru,Forester,SUV,2018,8,Manual,Petrol,3,53272,9440
Toyota,Corolla,Sedan,2023,3,Manual,Petrol,1,36278,14700
Honda,Civic,Sedan,2017,9,Automatic,Petrol,1,144275,7620
Lexus,RX,SUV,2020,6,Automatic,Petrol,1,75236,22220
Kia,K5,Sedan,2017,9,Automatic,Petrol,2,109702,8110
Porsche,911,Coupe,2023,3,Automatic,Petrol,2,49520,70850
Suzuki,Swift,Hatchback,2022,4,Automatic,Petrol,1,31219,8820
Subaru,Forester,SUV,2025,1,Manual,Petrol,1,10335,20520
BMW,4 Series,Coupe,2021,5,CVT,Petrol,1,70966,24310
Mazda,Mazda6,Sedan,2023,3,Automatic,Petrol,2,75935,15160
Nissan,Leaf,Hatchback,2021,5,Automatic,Electric,2,70692,14550
Audi,Q7,SUV,2017,9,Automatic,Petrol,2,68230,19010
Ford,F-150,Truck,2023,3,Automatic,Petrol,1,49832,26020
Hyundai,Veloster,Coupe,2018,8,Automatic,Petrol,3,214806,3520
Kia,Carnival,Minivan,2025,1,Manual,Petrol,1,13326,27380
Toyota,Sienna,Minivan,2022,4,Automatic,Petrol,2,59265,21360
Chrysler,Pacifica,Minivan,2023,3,Manual,Petrol,2,38884,21930
Audi,Q5,SUV,2020,6,Automatic,Hybrid,2,143942,18810
Kia,Forte,Sedan,2020,6,Automatic,Hybrid,1,97586,9880
Volkswagen,Atlas,SUV,2023,3,Manual,Petrol,2,42287,23620
BMW,3 Series,Sedan,2020,6,Automatic,Petrol,1,63847,20650
Ford,Mustang Convertible,Convertible,2020,6,Automatic,Petrol,1,103608,18250
Chevrolet,Equinox,SUV,2022,4,Automatic,Petrol,1,85093,15090
Tesla,Model X,SUV,2025,1,Automatic,Electric,1,18267,73190
Land Rover,Range Rover Evoque,SUV,2020,6,Manual,Petrol,3,103072,19390
Mazda,CX-9,SUV,2018,8,Automatic,Petrol,2,114533,14100
Honda,Pilot,SUV,2022,4,Automatic,Petrol,2,67654,23680
GMC,Sierra 1500,Truck,2025,1,CVT,Petrol,1,9537,28870
BMW,4 Series,Coupe,2025,1,Automatic,Petrol,1,25242,40860
Fiat,500,Hatchback,2023,3,CVT,Diesel,2,18627,11700
Volvo,XC60,SUV,2022,4,Automatic,Petrol,1,69806,26930
Audi,Q5,SUV,2023,3,Automatic,Petrol,1,44225,31140
Nissan,370Z,Coupe,2021,5,Automatic,Petrol,2,39163,17030
Lexus,IS,Sedan,2016,10,Automatic,Diesel,1,121074,11820
Audi,A6,Sedan,2021,5,Automatic,Petrol,2,35614,29850
Land Rover,Range Rover Sport,SUV,2016,10,CVT,Petrol,4,249706,17140
Peugeot,208,Hatchback,2012,14,Manual,Petrol,4,183180,3440
Hyundai,Sonata,Sedan,2026,0,CVT,Petrol,1,500,23270
Hyundai,Ioniq 5,SUV,2024,2,Automatic,Electric,1,16026,31080
Honda,Civic,Sedan,2019,7,Automatic,Petrol,3,110452,8950
Volkswagen,Atlas,SUV,2023,3,Automatic,Hybrid,1,44504,27030
Jeep,Grand Cherokee,SUV,2019,7,Automatic,Diesel,1,161148,13500
Mazda,Mazda6,Sedan,2019,7,Automatic,Petrol,1,68836,11530
Nissan,Leaf,Hatchback,2022,4,Automatic,Electric,2,81620,14150
BMW,X3,SUV,2016,10,CVT,Diesel,2,208237,10950
GMC,Acadia,SUV,2024,2,Automatic,CNG,1,28079,24650
Porsche,911,Coupe,2019,7,Automatic,Diesel,2,119637,47280
Hyundai,Sonata,Sedan,2018,8,Automatic,Petrol,3,90404,9060
Hyundai,i20,Hatchback,2026,0,Automatic,Petrol,1,500,14650
Nissan,Leaf,Hatchback,2022,4,Automatic,Electric,1,61534,16290
Hyundai,Tucson,SUV,2014,12,CVT,Diesel,4,70099,6240
Toyota,Prius Prime,Hatchback,2023,3,Automatic,Petrol,2,48835,19150
Toyota,Highlander,SUV,2025,1,Manual,Hybrid,1,18648,31280
Jeep,Grand Cherokee,SUV,2024,2,CVT,Petrol,1,35728,29020
Hyundai,i20,Hatchback,2011,15,Automatic,Petrol,2,216873,2260
BMW,4 Series,Coupe,2022,4,CVT,Hybrid,1,22677,28640
Nissan,Sentra,Sedan,2019,7,Manual,Diesel,3,59178,8020
Chrysler,Pacifica,Minivan,2015,11,Semi-Automatic,Petrol,3,129257,10650
Mazda,MX-5 Miata,Convertible,2025,1,Automatic,Petrol,1,11158,23770
Volkswagen,ID.4,SUV,2024,2,Automatic,Electric,1,23005,26780
Tesla,Model Y,SUV,2022,4,Automatic,Electric,1,80254,25080
Toyota,Highlander,SUV,2023,3,Automatic,Hybrid,2,56998,24180
Hyundai,Sonata,Sedan,2024,2,Automatic,Petrol,1,14516,20450
Ford,Mustang Convertible,Convertible,2018,8,CVT,Diesel,1,119805,13660
Chevrolet,Camaro Convertible,Convertible,2013,13,Manual,Diesel,3,196282,7110
Nissan,370Z,Coupe,2021,5,Automatic,Petrol,1,43935,17710
Volkswagen,Atlas,SUV,2020,6,Manual,Petrol,2,65748,15650
Jeep,Wrangler,SUV,2015,11,Manual,Petrol,3,237343,6190
Ram,1500,Truck,2021,5,Automatic,Diesel,2,37847,18970
Chevrolet,Malibu,Sedan,2024,2,Automatic,Petrol,1,19663,17490
Tesla,Model 3,Sedan,2017,9,Automatic,Electric,4,131395,11800
Chevrolet,Equinox,SUV,2023,3,Automatic,Petrol,2,33588,18310
Lexus,NX,SUV,2020,6,Automatic,Petrol,2,78362,20070
Chevrolet,Bolt EV,Hatchback,2022,4,Automatic,Electric,2,38224,15360
Nissan,370Z,Coupe,2018,8,Manual,Petrol,1,81869,13480
GMC,Acadia,SUV,2023,3,Automatic,Petrol,1,37951,24850
Kia,Forte,Sedan,2019,7,Automatic,Diesel,1,115606,7300
Volvo,XC60,SUV,2015,11,Manual,Petrol,2,140392,11700
Mercedes-Benz,C-Class,Sedan,2023,3,Semi-Automatic,Petrol,1,34713,32270
Chevrolet,Silverado 1500,Truck,2020,6,Automatic,Diesel,3,92969,15780
Audi,A6,Sedan,2017,9,Automatic,Petrol,1,88014,21370
Volkswagen,Jetta,Sedan,2017,9,Automatic,Petrol,4,115105,6900
Honda,Fit,Hatchback,2024,2,Manual,Diesel,1,20503,12300
Chevrolet,Malibu,Sedan,2018,8,Automatic,Petrol,1,92773,10060
Mercedes-Benz,GLC,SUV,2022,4,Manual,Diesel,2,51828,25470
Ram,1500,Truck,2021,5,Automatic,Petrol,2,96151,18810
Toyota,Tacoma,Truck,2022,4,Manual,Petrol,1,52186,17200
Mercedes-Benz,C-Class,Sedan,2011,15,Automatic,Petrol,5,200568,7040
Suzuki,Swift,Hatchback,2017,9,Automatic,Petrol,1,154685,4600
Kia,Forte,Sedan,2023,3,CVT,Petrol,2,32529,12770
Mazda,CX-5,SUV,2020,6,Semi-Automatic,Petrol,1,83747,13640
Land Rover,Range Rover Evoque,SUV,2023,3,Automatic,Petrol,2,22827,30880
Hyundai,Veloster,Coupe,2017,9,Semi-Automatic,Diesel,1,61384,7480
Chevrolet,Camaro Convertible,Convertible,2020,6,Automatic,Diesel,3,120186,15200
Ford,Focus,Hatchback,2026,0,CVT,Petrol,1,500,18330
Volkswagen,ID.4,SUV,2015,11,Automatic,Electric,3,123944,10220
Mazda,CX-5,SUV,2017,9,Automatic,Petrol,2,117655,9490
Honda,Ridgeline,Truck,2020,6,Automatic,Petrol,1,51693,19830
Hyundai,Ioniq 5,SUV,2024,2,Automatic,Electric,1,28799,28660
Volvo,XC60,SUV,2016,10,Manual,Petrol,1,126175,13210
Ford,Mustang Convertible,Convertible,2022,4,Automatic,Diesel,2,44007,21310
BMW,3 Series,Sedan,2014,12,Automatic,Hybrid,2,206887,10060
GMC,Terrain,SUV,2025,1,CVT,Hybrid,1,23932,24160
Nissan,Versa,Hatchback,2022,4,Automatic,Petrol,1,93698,7890
Porsche,911,Coupe,2016,10,Automatic,CNG,3,191044,25910
Nissan,370Z,Coupe,2016,10,Automatic,Diesel,3,89704,9850
Lexus,ES,Sedan,2024,2,CVT,Petrol,1,20654,31270
Lexus,NX,SUV,2020,6,Manual,Petrol,1,118932,17410
GMC,Acadia,SUV,2023,3,Automatic,Hybrid,2,41171,26510
Tesla,Model Y,SUV,2020,6,Automatic,Electric,3,117825,17640
Toyota,Prius,Hatchback,2025,1,Automatic,Petrol,1,17659,21660
Chevrolet,Silverado 1500,Truck,2023,3,Automatic,Petrol,1,63981,21610
Volvo,XC60,SUV,2022,4,CVT,Petrol,2,49555,25140
Toyota,Sienna,Minivan,2018,8,Semi-Automatic,Diesel,2,183968,11130
Toyota,GR86,Coupe,2016,10,Automatic,Diesel,3,198652,7300
Toyota,Highlander,SUV,2025,1,Semi-Automatic,Hybrid,1,11732,32260
Ford,Mustang Convertible,Convertible,2018,8,Automatic,Petrol,2,107379,14590
Ram,1500,Truck,2018,8,Automatic,Petrol,1,166491,12180
Kia,EV6,SUV,2022,4,Automatic,Electric,1,105450,25060
Mercedes-Benz,GLE,SUV,2019,7,Automatic,Hybrid,1,78471,28250
Nissan,Titan,Truck,2023,3,Semi-Automatic,Petrol,2,52970,22880
Lexus,IS,Sedan,2021,5,Automatic,Petrol,1,47803,21950
Toyota,GR86,Coupe,2019,7,Automatic,Petrol,2,79685,12090
Honda,Accord,Sedan,2019,7,Automatic,Diesel,2,41396,12340
BMW,4 Series,Coupe,2026,0,Automatic,Petrol,1,500,45360
Nissan,Leaf,Hatchback,2018,8,Automatic,Electric,3,71197,10500
Fiat,500,Hatchback,2023,3,Automatic,Petrol,1,45489,11480
Suzuki,Swift,Hatchback,2013,13,Automatic,Petrol,5,126240,3150
Ford,Fusion,Sedan,2023,3,Automatic,Petrol,2,36864,15150
Ford,Focus,Hatchback,2025,1,Manual,Petrol,1,23149,16600
Ford,Fusion,Sedan,2022,4,CVT,Petrol,2,78297,11760
Audi,A4,Sedan,2019,7,Automatic,Diesel,1,101399,17950
Chevrolet,Equinox,SUV,2024,2,CVT,Petrol,1,22452,19940
Audi,A4,Sedan,2018,8,Automatic,Petrol,2,145218,15420
Hyundai,Ioniq 5,SUV,2018,8,Automatic,Electric,1,111456,16890
Suzuki,Swift,Hatchback,2022,4,Manual,Petrol,1,46264,8240
BMW,X3,SUV,2014,12,Automatic,Petrol,1,296090,8410
Honda,Pilot,SUV,2020,6,CVT,Diesel,3,142062,15720
Volvo,XC90,SUV,2022,4,Semi-Automatic,Petrol,2,52062,32800
Land Rover,Range Rover Evoque,SUV,2021,5,Automatic,Petrol,1,49333,27210
Toyota,Tundra,Truck,2022,4,Semi-Automatic,Hybrid,1,51500,25170
Tesla,Model X,SUV,2018,8,Automatic,Electric,1,72461,33950
Ford,Focus,Hatchback,2024,2,Automatic,Petrol,1,13976,15140
Tesla,Model S,Sedan,2025,1,Automatic,Electric,1,13867,61070
Ford,Escape,SUV,2024,2,CVT,Petrol,1,51630,20250
Hyundai,Veloster,Coupe,2020,6,Automatic,Petrol,3,90926,9200
Honda,Pilot,SUV,2019,7,Automatic,Petrol,2,53081,16870
Chevrolet,Spark,Hatchback,2024,2,Automatic,Petrol,1,25225,12190
Kia,Sportage,SUV,2016,10,Automatic,Petrol,4,140320,7070
Mazda,Mazda3,Sedan,2018,8,CVT,Petrol,2,198054,5000
Ford,Escape,SUV,2023,3,Manual,Hybrid,1,35346,18010
Ford,Mustang Mach-E,SUV,2025,1,Automatic,Electric,1,18789,34020
Toyota,Prius,Hatchback,2025,1,Automatic,Petrol,1,23278,23090
Ford,Fusion,Sedan,2024,2,Automatic,Petrol,1,22453,16810
Nissan,Versa,Hatchback,2024,2,Automatic,Petrol,1,25649,12030
Volvo,XC60,SUV,2017,9,Automatic,Diesel,4,144684,11960
Toyota,Tundra,Truck,2025,1,Manual,Diesel,1,16380,30640
Tesla,Model Y,SUV,2021,5,Automatic,Electric,2,45950,21750
Chevrolet,Equinox,SUV,2023,3,Automatic,Petrol,2,62867,16350
Kia,Forte,Sedan,2019,7,Manual,Petrol,3,100661,7570
Mercedes-Benz,GLC,SUV,2024,2,Automatic,Diesel,1,26369,34200
Chrysler,Pacifica,Minivan,2022,4,Automatic,Hybrid,2,51291,22270
Kia,EV6,SUV,2022,4,Automatic,Electric,2,69089,24850
Hyundai,Sonata,Sedan,2023,3,Automatic,Petrol,2,29301,16110
Mini,Cooper Convertible,Convertible,2021,5,Automatic,Hybrid,2,53104,16390
Kia,Sorento,SUV,2022,4,Automatic,Petrol,1,63992,19500
Hyundai,Santa Fe,SUV,2022,4,CVT,Petrol,1,83227,18620
BMW,3 Series,Sedan,2024,2,Automatic,Diesel,1,18322,31720
Ford,Explorer,SUV,2014,12,Manual,Petrol,1,205798,7700
Ford,Focus,Hatchback,2025,1,Automatic,Petrol,1,27456,16900
Chevrolet,Silverado 1500,Truck,2022,4,Automatic,Petrol,1,47923,22930
Subaru,Legacy,Sedan,2022,4,Manual,Petrol,2,42279,14520
Kia,K5,Sedan,2017,9,Manual,Petrol,2,88987,7760
Toyota,Sienna,Minivan,2024,2,Automatic,Petrol,1,28283,26990
Volvo,XC90,SUV,2022,4,CVT,Diesel,2,52103,33390
Suzuki,Swift,Hatchback,2021,5,Automatic,Hybrid,1,73192,8290
Audi,A4,Sedan,2023,3,Automatic,Petrol,2,60148,25630
Audi,Q7,SUV,2021,5,Automatic,Diesel,2,114292,28130
Toyota,Yaris,Sedan,2021,5,Manual,Hybrid,1,63146,9050
Volvo,XC60,SUV,2023,3,Automatic,Petrol,1,31001,31550
Chrysler,Pacifica,Minivan,2020,6,Manual,Petrol,2,82888,15030
Nissan,Leaf,Hatchback,2014,12,Automatic,Electric,2,149616,6580
Subaru,Outback,SUV,2020,6,Automatic,Petrol,2,40177,13150
Chevrolet,Equinox,SUV,2025,1,Manual,Petrol,1,10771,21580
Ford,Mustang Convertible,Convertible,2023,3,Semi-Automatic,Petrol,1,29473,25600
Nissan,Altima,Sedan,2021,5,Manual,Petrol,1,48282,12630
Kia,Sorento,SUV,2019,7,Automatic,CNG,2,172838,11990
Nissan,Rogue,SUV,2015,11,Automatic,Petrol,3,225366,5820
GMC,Acadia,SUV,2017,9,Automatic,Petrol,3,81042,11560
Volvo,XC60,SUV,2014,12,Automatic,Petrol,2,160138,11350
Kia,K5,Sedan,2016,10,Automatic,Petrol,4,91983,7490
Hyundai,Ioniq 5,SUV,2022,4,Automatic,Electric,1,33731,26250
Fiat,500,Hatchback,2017,9,Automatic,Petrol,2,98919,6730
Lexus,NX,SUV,2021,5,Automatic,Petrol,2,49785,21140
Toyota,Highlander,SUV,2024,2,Automatic,Hybrid,1,25555,30090
Honda,Accord,Sedan,2020,6,CVT,Petrol,3,74150,12490
Subaru,Legacy,Sedan,2021,5,Automatic,Petrol,1,76418,13290
Mercedes-Benz,C-Class Coupe,Coupe,2016,10,Manual,Diesel,3,118484,13420
Porsche,911,Coupe,2022,4,Automatic,Diesel,1,35779,67430
Volkswagen,Jetta,Sedan,2022,4,Manual,Diesel,1,72268,10290
Chrysler,Pacifica,Minivan,2020,6,Manual,Petrol,3,82458,16110
Kia,Sportage,SUV,2023,3,Automatic,Petrol,1,29401,17890
BMW,3 Series,Sedan,2021,5,Manual,Diesel,1,64241,21000
Hyundai,Elantra,Sedan,2016,10,Automatic,Diesel,2,131404,6300
Volkswagen,Jetta,Sedan,2017,9,Automatic,Diesel,1,127368,7530
Honda,Odyssey,Minivan,2024,2,Automatic,Petrol,1,32225,26890
Toyota,RAV4,SUV,2018,8,Automatic,Petrol,2,88994,12120
Nissan,Titan,Truck,2018,8,Automatic,Petrol,1,82587,15080
Hyundai,Ioniq 5,SUV,2022,4,Automatic,Electric,1,63624,25370
Kia,Forte,Sedan,2018,8,Automatic,CNG,2,114705,6880
GMC,Terrain,SUV,2020,6,CVT,Petrol,2,43368,13490
BMW,4 Series,Coupe,2019,7,Manual,Petrol,2,91861,20530
Mercedes-Benz,C-Class,Sedan,2022,4,Automatic,Petrol,2,44600,27980
BMW,5 Series,Sedan,2024,2,Automatic,Petrol,1,23320,44090
Lexus,IS,Sedan,2018,8,Automatic,CNG,3,163633,12330
Mazda,Mazda3,Sedan,2015,11,Automatic,Petrol,2,161261,5460
Mazda,Mazda3,Sedan,2018,8,Automatic,Petrol,2,61698,9150
BMW,4 Series,Coupe,2019,7,Automatic,Petrol,1,150279,18470
Kia,Carnival,Minivan,2022,4,Automatic,Petrol,1,86749,20000
Toyota,Tacoma,Truck,2023,3,CVT,Petrol,1,39907,20700
Nissan,Altima,Sedan,2020,6,Automatic,Petrol,3,109876,10050
BMW,X5,SUV,2024,2,Automatic,Hybrid,1,35174,50110
Volkswagen,Jetta,Sedan,2014,12,Automatic,Petrol,5,128767,4930
Mazda,Mazda3,Sedan,2013,13,CVT,Petrol,1,213757,3150
Mazda,Mazda3,Sedan,2023,3,Automatic,Petrol,1,25828,15850
Ford,Explorer,SUV,2019,7,Automatic,Petrol,2,68655,15600
Kia,K5,Sedan,2021,5,Automatic,Petrol,2,104107,11040
GMC,Terrain,SUV,2016,10,Semi-Automatic,Petrol,3,94211,9550
Mazda,Mazda6,Sedan,2020,6,CVT,Petrol,3,100175,10170
Kia,Rio,Hatchback,2024,2,Manual,Petrol,1,28054,11980
Chrysler,Pacifica,Minivan,2025,1,Automatic,Petrol,1,9638,28800
Ford,Focus,Hatchback,2017,9,Automatic,Petrol,4,100184,6090
Chevrolet,Spark,Hatchback,2014,12,Automatic,Petrol,1,173065,3310
Toyota,Highlander,SUV,2024,2,Manual,Petrol,1,27814,26860
Ford,Mustang Mach-E,SUV,2023,3,Automatic,Electric,2,51226,28480
Subaru,Outback,SUV,2023,3,Automatic,Hybrid,2,40091,18940
Audi,A5,Coupe,2023,3,Semi-Automatic,Petrol,2,30935,31090
Subaru,Legacy,Sedan,2016,10,Automatic,CNG,3,134849,6960
Kia,Carnival,Minivan,2021,5,Manual,Petrol,2,81782,15630
Chrysler,Pacifica,Minivan,2021,5,Automatic,Petrol,1,63336,19740
Nissan,370Z,Coupe,2015,11,Manual,Diesel,1,143999,8710
Hyundai,i20,Hatchback,2016,10,CVT,Petrol,4,128418,4770
Nissan,Murano,SUV,2026,0,Automatic,Petrol,1,500,36320
Toyota,Sienna,Minivan,2015,11,Automatic,Petrol,4,181396,8330
Nissan,Titan,Truck,2020,6,Automatic,Hybrid,2,65918,18070
Chevrolet,Camaro Convertible,Convertible,2020,6,CVT,Diesel,2,40848,18760
Jeep,Wrangler,SUV,2023,3,Manual,Petrol,1,43932,22330
Tesla,Model Y,SUV,2018,8,Automatic,Electric,1,76282,16150
Hyundai,Veloster,Coupe,2015,11,Automatic,Petrol,4,127305,5160
Honda,Fit,Hatchback,2020,6,Automatic,Petrol,2,125854,6590
Ford,Explorer,SUV,2024,2,Automatic,Hybrid,1,17755,30880
Land Rover,Range Rover Sport,SUV,2018,8,Automatic,Petrol,2,107933,30580
Toyota,Sienna,Minivan,2025,1,Automatic,Petrol,1,12718,29550
Chevrolet,Bolt EV,Hatchback,2017,9,Automatic,Electric,1,112142,8630
Chevrolet,Malibu,Sedan,2018,8,Manual,CNG,3,120807,7740
BMW,4 Series,Coupe,2019,7,Semi-Automatic,Petrol,2,84125,21190
Audi,Q5,SUV,2019,7,CVT,Petrol,2,120519,19160
Subaru,Outback,SUV,2025,1,Manual,CNG,1,20494,20180
Kia,EV6,SUV,2021,5,Automatic,Electric,1,131115,20670
BMW,3 Series,Sedan,2022,4,Manual,Diesel,2,41250,24910
GMC,Acadia,SUV,2023,3,Automatic,Petrol,2,50833,23910
Mercedes-Benz,E-Class,Sedan,2024,2,Automatic,Petrol,1,28098,41860
Kia,K5,Sedan,2025,1,Automatic,Petrol,1,17786,20310
Ford,Explorer,SUV,2023,3,Manual,Petrol,1,35600,25620
Lexus,ES,Sedan,2023,3,Semi-Automatic,Petrol,1,48749,28880
Lexus,NX,SUV,2020,6,Automatic,Petrol,1,72730,20750
Honda,Civic,Sedan,2025,1,Manual,Petrol,1,13865,18520
BMW,5 Series,Sedan,2022,4,Automatic,Petrol,2,27496,34000
Subaru,Forester,SUV,2024,2,Manual,Petrol,1,37965,19240
Honda,Civic,Sedan,2026,0,Automatic,CNG,1,500,22150
Hyundai,Sonata,Sedan,2021,5,CVT,Hybrid,2,86226,11860
Hyundai,Santa Fe,SUV,2025,1,Automatic,Petrol,1,23507,24970
Lexus,ES,Sedan,2022,4,Automatic,Petrol,2,79930,23500
Jeep,Compass,SUV,2024,2,CVT,Petrol,1,36026,21120
Chevrolet,Traverse,SUV,2025,1,Automatic,Hybrid,1,18385,33330
Lexus,RX,SUV,2018,8,Automatic,Petrol,2,79765,18890
Ford,Mustang Convertible,Convertible,2017,9,Manual,Petrol,3,237504,7130
Renault,Clio,Hatchback,2020,6,Automatic,CNG,3,75133,8410
Hyundai,Ioniq 5,SUV,2017,9,Automatic,Electric,4,150256,11930
Kia,Forte,Sedan,2026,0,Automatic,Petrol,1,500,19450
Audi,A4,Sedan,2020,6,Automatic,Petrol,3,99169,17580
Chevrolet,Traverse,SUV,2014,12,Automatic,Petrol,4,159475,8570
Audi,A5,Coupe,2018,8,Automatic,Petrol,2,89207,18610
Lexus,ES,Sedan,2018,8,Automatic,Petrol,1,89774,16120
Tesla,Model 3,Sedan,2012,14,Automatic,Electric,2,238508,6550
Chevrolet,Spark,Hatchback,2016,10,Automatic,Petrol,1,84525,4780
BMW,Z4,Convertible,2018,8,Automatic,Diesel,3,131221,17750
Nissan,Titan,Truck,2017,9,Manual,Petrol,1,108772,12410
GMC,Terrain,SUV,2021,5,Automatic,Diesel,2,69338,15680
Kia,Forte,Sedan,2023,3,Automatic,Petrol,2,22921,12980
Honda,City,Sedan,2021,5,Automatic,Petrol,1,61804,10140
Toyota,RAV4,SUV,2020,6,CVT,Petrol,2,155314,11770
Volkswagen,Tiguan,SUV,2023,3,Automatic,Petrol,2,46108,18180
Honda,Accord,Sedan,2017,9,CVT,Petrol,2,181016,7250
Subaru,Outback,SUV,2023,3,Automatic,Petrol,2,32327,19400
Subaru,Forester,SUV,2021,5,Automatic,Petrol,1,127139,12060
Volkswagen,ID.4,SUV,2016,10,Automatic,Electric,4,113854,11710
Tesla,Model 3,Sedan,2017,9,Automatic,Electric,3,166231,12110
Honda,Odyssey,Minivan,2021,5,CVT,Petrol,1,85227,18620
Toyota,Prius Prime,Hatchback,2019,7,Automatic,Hybrid,2,105774,12330
Honda,Accord,Sedan,2021,5,Manual,Diesel,1,33896,14710
Honda,Civic,Sedan,2023,3,Manual,Hybrid,2,40125,14680
Kia,Rio,Hatchback,2015,11,Automatic,Hybrid,4,120951,4830
Volvo,XC90,SUV,2021,5,Automatic,Diesel,2,96144,28240
Ram,1500,Truck,2019,7,Manual,Diesel,1,56662,16220
Mercedes-Benz,E-Class,Sedan,2023,3,Automatic,Petrol,2,39316,38590
Mazda,Mazda3,Sedan,2018,8,Automatic,Petrol,2,111420,8470
Tesla,Model X,SUV,2025,1,Automatic,Electric,1,6980,72510
Renault,Clio,Hatchback,2017,9,Automatic,Petrol,2,114702,6910
Mazda,Mazda3,Sedan,2022,4,Automatic,Petrol,1,44765,14340
Chevrolet,Silverado 1500,Truck,2018,8,Automatic,Petrol,3,73879,13000
BMW,4 Series,Coupe,2019,7,CVT,Petrol,1,157938,18820
Hyundai,i20,Hatchback,2015,11,Semi-Automatic,Petrol,3,184331,3230
Volkswagen,Atlas,SUV,2022,4,Automatic,Petrol,1,46267,22710
Toyota,Highlander,SUV,2021,5,CVT,Petrol,2,105540,18200
Kia,Sorento,SUV,2024,2,Automatic,Hybrid,1,48827,25770
Ford,Explorer,SUV,2020,6,Manual,Petrol,3,98338,16500
Toyota,Yaris Hatchback,Hatchback,2020,6,Automatic,Hybrid,1,49754,9390
Toyota,Prius,Hatchback,2017,9,Automatic,Petrol,1,167845,7820
Nissan,Rogue,SUV,2020,6,CVT,Hybrid,3,66411,13320
Ford,Mustang Convertible,Convertible,2018,8,Automatic,Petrol,2,182055,11600
Hyundai,i20,Hatchback,2017,9,CVT,Petrol,3,75229,5240
Volkswagen,Tiguan,SUV,2023,3,Automatic,Petrol,2,22845,18540
Chrysler,Pacifica,Minivan,2016,10,Automatic,Petrol,2,150766,10220
Mercedes-Benz,C-Class,Sedan,2025,1,CVT,Petrol,1,18304,35030
Toyota,Yaris,Sedan,2011,15,Automatic,Petrol,4,359154,1200
Audi,A4,Sedan,2012,14,Semi-Automatic,CNG,1,302874,3250
Fiat,500,Hatchback,2013,13,Automatic,Petrol,4,157232,4030
Toyota,Yaris,Sedan,2019,7,Automatic,Diesel,2,63959,6900
Land Rover,Range Rover Sport,SUV,2024,2,CVT,Hybrid,1,29972,58030
Toyota,Tacoma,Truck,2015,11,Automatic,Petrol,2,293149,5130
Chrysler,Pacifica,Minivan,2016,10,Manual,CNG,1,132692,10200
BMW,4 Series,Coupe,2015,11,Automatic,Petrol,3,84186,12570
BMW,3 Series,Sedan,2023,3,Automatic,Diesel,1,52153,27560
Kia,Carnival,Minivan,2020,6,Automatic,Petrol,2,122720,14020
Tesla,Model S,Sedan,2020,6,Automatic,Electric,1,47593,36110
Tesla,Model X,SUV,2016,10,Automatic,Electric,1,226313,22410
BMW,3 Series,Sedan,2019,7,Automatic,Petrol,3,124115,16720
Honda,Fit,Hatchback,2015,11,Manual,Diesel,1,138282,4720
Audi,Q7,SUV,2020,6,Automatic,Hybrid,1,48274,31700
Nissan,Titan,Truck,2011,15,Manual,Petrol,3,215321,5140
Ram,1500,Truck,2017,9,Automatic,Diesel,2,120493,12680
Mazda,Mazda6,Sedan,2015,11,Automatic,Petrol,1,131170,6910
BMW,5 Series,Sedan,2024,2,Automatic,Petrol,1,20856,39670
Nissan,Altima,Sedan,2022,4,Automatic,Petrol,2,48222,14700
Toyota,Tundra,Truck,2017,9,Automatic,Petrol,1,160556,11270
Chevrolet,Equinox,SUV,2024,2,Automatic,Petrol,1,20548,22050
Mazda,CX-5,SUV,2025,1,Automatic,CNG,1,15818,23480
Mercedes-Benz,C-Class Coupe,Coupe,2024,2,Automatic,Petrol,1,11674,37010
Audi,A6,Sedan,2011,15,Automatic,Petrol,5,133130,9930
BMW,Z4,Convertible,2022,4,Automatic,Diesel,1,37078,32590
Hyundai,Elantra,Sedan,2022,4,Automatic,Petrol,2,57805,11770
Hyundai,Tucson,SUV,2024,2,CVT,Petrol,1,26427,20320
Nissan,Rogue,SUV,2024,2,Automatic,Petrol,1,29505,22720
Nissan,Murano,SUV,2025,1,Automatic,Petrol,1,7680,30630
Nissan,Sentra,Sedan,2017,9,Automatic,Diesel,4,133250,6160
Nissan,Leaf,Hatchback,2016,10,Automatic,Electric,3,74334,8420
Peugeot,208,Hatchback,2026,0,Automatic,Petrol,1,500,19280
Honda,Odyssey,Minivan,2017,9,Automatic,Petrol,1,134844,11680
Nissan,Rogue,SUV,2022,4,CVT,Petrol,2,49921,16520
Chevrolet,Camaro Convertible,Convertible,2024,2,Automatic,Diesel,1,42327,28590
Nissan,Versa,Hatchback,2017,9,Automatic,Petrol,3,97326,5330
Hyundai,Sonata,Sedan,2016,10,Automatic,Hybrid,4,186960,6080
BMW,X5,SUV,2021,5,Automatic,Petrol,2,99746,30480
Mazda,Mazda6,Sedan,2020,6,Semi-Automatic,Petrol,1,127010,9880
Audi,A5,Coupe,2024,2,Manual,Petrol,1,20703,34480
Porsche,911,Coupe,2022,4,Semi-Automatic,Diesel,2,29248,60140
Hyundai,Sonata,Sedan,2025,1,CVT,Hybrid,1,10209,21090
Jeep,Wrangler,SUV,2020,6,Semi-Automatic,Petrol,2,67726,17110
Toyota,Yaris,Sedan,2014,12,Automatic,Petrol,4,215227,2550
Mercedes-Benz,GLE,SUV,2025,1,Automatic,Hybrid,1,17744,56140
Volkswagen,Tiguan,SUV,2021,5,Automatic,Petrol,2,97460,14320
Mazda,CX-5,SUV,2013,13,Manual,Petrol,5,220936,3740
Hyundai,Elantra,Sedan,2022,4,Automatic,Petrol,2,36363,11800
Toyota,Yaris,Sedan,2019,7,Manual,Petrol,2,119441,5260
Honda,Insight,Sedan,2021,5,Automatic,Hybrid,1,91576,13770
Ford,Fusion,Sedan,2022,4,Automatic,Diesel,1,100895,13220
Chevrolet,Malibu,Sedan,2018,8,CVT,Hybrid,3,180402,6700
Subaru,Legacy,Sedan,2021,5,Automatic,Petrol,2,57721,12650
Volkswagen,Jetta,Sedan,2011,15,CVT,Diesel,2,285735,1200
Hyundai,i20,Hatchback,2015,11,CVT,Diesel,3,145727,3690
Kia,EV6,SUV,2016,10,Automatic,Electric,2,143978,12170
Toyota,RAV4,SUV,2023,3,Automatic,Hybrid,1,37836,19720
Toyota,RAV4,SUV,2023,3,Automatic,Petrol,2,63754,19350
Chevrolet,Spark,Hatchback,2018,8,Automatic,Petrol,2,124764,5410
Toyota,RAV4,SUV,2014,12,Automatic,Hybrid,2,92830,7840
Toyota,Tacoma,Truck,2018,8,Automatic,Petrol,2,141171,9940
Toyota,Prius Prime,Hatchback,2021,5,Automatic,Hybrid,1,54785,17760
Ford,F-150,Truck,2020,6,Automatic,Petrol,2,105490,16490
Nissan,Altima,Sedan,2019,7,CVT,Petrol,2,115364,10580
Nissan,Sentra,Sedan,2024,2,Manual,Petrol,1,34326,14950
Toyota,RAV4,SUV,2015,11,Manual,Diesel,3,182608,6780
Kia,Sorento,SUV,2024,2,Automatic,Hybrid,1,23655,24440
Honda,Odyssey,Minivan,2018,8,CVT,Diesel,2,126128,11120
Hyundai,Ioniq 5,SUV,2020,6,Automatic,Electric,2,136644,16500
Ford,Mustang Mach-E,SUV,2019,7,Automatic,Electric,1,144014,17890
Ford,Mustang Mach-E,SUV,2023,3,Automatic,Electric,1,47211,29990
Renault,Clio,Hatchback,2023,3,Automatic,Diesel,2,40258,12810
GMC,Terrain,SUV,2017,9,Manual,CNG,4,124212,7790
Honda,Odyssey,Minivan,2020,6,CVT,CNG,1,48320,14620
Ford,F-150,Truck,2021,5,Automatic,Petrol,1,42819,19670
Chevrolet,Camaro Convertible,Convertible,2017,9,Manual,Petrol,2,69807,12040
Audi,Q7,SUV,2022,4,Manual,Petrol,1,39981,35960
Nissan,Murano,SUV,2017,9,CVT,Petrol,2,115449,11880
Tesla,Model S,Sedan,2026,0,Automatic,Electric,1,500,64070
Toyota,Corolla,Sedan,2020,6,Automatic,Petrol,1,77661,11250
Audi,A6,Sedan,2024,2,Automatic,Petrol,1,33443,39460
Toyota,Yaris Hatchback,Hatchback,2022,4,Automatic,Petrol,2,65413,9230
Mercedes-Benz,C-Class Coupe,Coupe,2023,3,Automatic,Hybrid,2,60938,30910
Skoda,Octavia,Sedan,2015,11,Automatic,Petrol,1,125195,7340
Tesla,Model S,Sedan,2023,3,Automatic,Electric,1,32057,48360
Chevrolet,Spark,Hatchback,2017,9,Automatic,Petrol,4,116955,4730
Lexus,RX,SUV,2024,2,Automatic,Petrol,1,29389,34780
Chevrolet,Malibu,Sedan,2020,6,Automatic,Petrol,3,55259,11260
Chrysler,Pacifica,Minivan,2018,8,Automatic,Petrol,3,65571,12980
Ford,Fusion,Sedan,2024,2,Automatic,CNG,1,20211,17130
Nissan,Altima,Sedan,2024,2,Manual,Diesel,1,46357,16110
Toyota,Tacoma,Truck,2021,5,Manual,Petrol,2,63320,15000
Mercedes-Benz,GLE,SUV,2026,0,Automatic,Diesel,1,500,55110
Honda,Fit,Hatchback,2024,2,Automatic,Petrol,1,47615,11460
Hyundai,Tucson,SUV,2016,10,Automatic,Petrol,4,131437,8270
Toyota,Yaris,Sedan,2021,5,Manual,Petrol,1,126748,6110
Mini,Cooper Convertible,Convertible,2024,2,Automatic,CNG,1,21314,20450
Chevrolet,Malibu,Sedan,2026,0,Manual,Petrol,1,500,22700
Chevrolet,Spark,Hatchback,2021,5,Manual,Petrol,1,57164,8160
Kia,Sportage,SUV,2022,4,Manual,Hybrid,2,56420,16800
Audi,Q7,SUV,2022,4,CVT,Petrol,2,49932,34560
Honda,City,Sedan,2025,1,CVT,Petrol,1,20200,13300
Mazda,MX-5 Miata,Convertible,2025,1,Automatic,Diesel,1,20250,23440
Hyundai,Veloster,Coupe,2024,2,Automatic,Petrol,1,24207,15080
Kia,Sportage,SUV,2020,6,Automatic,Diesel,2,67239,13410
Renault,Clio,Hatchback,2026,0,Automatic,Hybrid,1,500,20400
Mazda,CX-5,SUV,2016,10,Automatic,Hybrid,4,216232,5010
Mazda,Mazda3,Sedan,2024,2,Automatic,Petrol,1,28098,16020
Toyota,Highlander,SUV,2017,9,Manual,Petrol,4,161328,10830
Honda,Accord,Sedan,2022,4,Semi-Automatic,Petrol,1,81866,17320
Audi,A5,Coupe,2025,1,Automatic,Petrol,1,16863,40370
Hyundai,i20,Hatchback,2019,7,CVT,Petrol,2,77311,6140
Lexus,RX,SUV,2017,9,Automatic,Petrol,3,168905,14500
Nissan,Titan,Truck,2021,5,Automatic,Diesel,1,51284,18180
Ford,Mustang,Coupe,2021,5,Manual,Petrol,1,77237,15710
Ford,F-150,Truck,2024,2,CVT,Petrol,1,17159,27880
Subaru,Forester,SUV,2021,5,Automatic,Petrol,2,96576,13620
Renault,Clio,Hatchback,2024,2,Automatic,Petrol,1,14881,15290
Honda,CR-V,SUV,2024,2,CVT,Petrol,1,21649,21950
Subaru,Legacy,Sedan,2013,13,Automatic,Petrol,4,201192,4190
Toyota,Yaris Hatchback,Hatchback,2022,4,Automatic,Hybrid,1,96256,9540
Mini,Cooper Convertible,Convertible,2020,6,Automatic,Petrol,2,44100,13890
Audi,A6,Sedan,2012,14,CVT,Petrol,2,134056,11000
Toyota,Corolla,Sedan,2020,6,Automatic,Diesel,3,111894,8570
Nissan,370Z,Coupe,2021,5,Manual,Petrol,1,96155,17570
Nissan,Titan,Truck,2016,10,Manual,Petrol,3,197476,6760
Mini,Cooper Convertible,Convertible,2025,1,Automatic,Petrol,1,13673,26210
Jeep,Compass,SUV,2020,6,Automatic,Petrol,2,77161,13130
Volkswagen,Tiguan,SUV,2024,2,Automatic,Petrol,1,32585,21570
Kia,Rio,Hatchback,2022,4,Automatic,Hybrid,2,51270,10590
Kia,Sorento,SUV,2024,2,Automatic,Petrol,1,46773,24970
Ford,Focus,Hatchback,2016,10,Automatic,Petrol,4,118838,5990
Chevrolet,Camaro,Coupe,2021,5,Automatic,Petrol,1,104278,14900
Toyota,Corolla,Sedan,2023,3,CVT,Petrol,1,45840,13880
Toyota,Prius,Hatchback,2017,9,CVT,Diesel,1,115300,9550
Nissan,370Z,Coupe,2021,5,CVT,Petrol,2,87657,17240
Mercedes-Benz,GLE,SUV,2022,4,Semi-Automatic,Petrol,2,82440,33110
Chevrolet,Spark,Hatchback,2015,11,Automatic,Hybrid,3,167034,3390
Honda,Insight,Sedan,2020,6,Manual,Diesel,2,62243,11010
Honda,Insight,Sedan,2021,5,Automatic,Hybrid,2,85584,12840
Mercedes-Benz,GLE,SUV,2023,3,Automatic,Petrol,2,50154,40890
BMW,3 Series,Sedan,2018,8,Automatic,Petrol,1,191017,15400
Toyota,Yaris,Sedan,2023,3,CVT,Petrol,2,27445,10480
Hyundai,Ioniq 5,SUV,2011,15,Automatic,Electric,5,247829,4980
Volvo,XC90,SUV,2023,3,Automatic,Petrol,2,41261,36600
Volkswagen,Tiguan,SUV,2020,6,Automatic,Petrol,1,84107,13430
Ford,Focus,Hatchback,2018,8,Automatic,CNG,3,168117,4890
Toyota,Tundra,Truck,2016,10,Automatic,Petrol,2,129175,11140
Chevrolet,Camaro Convertible,Convertible,2023,3,CVT,Petrol,1,45826,24290
Audi,A5,Coupe,2017,9,CVT,Petrol,2,78315,15110
Toyota,Prius Prime,Hatchback,2015,11,Automatic,Petrol,4,78299,7510
Nissan,Titan,Truck,2023,3,Manual,Diesel,1,65403,20340
BMW,3 Series,Sedan,2018,8,Automatic,Petrol,1,176632,15020
Porsche,911,Coupe,2022,4,Manual,Hybrid,1,37592,68840
Volvo,XC90,SUV,2015,11,Automatic,Petrol,3,101010,15510
Hyundai,Elantra,Sedan,2019,7,Automatic,CNG,3,96952,8310
Kia,Sportage,SUV,2021,5,Manual,Petrol,1,113231,13330
Lexus,IS,Sedan,2020,6,Manual,Diesel,1,101832,17830
Volkswagen,Tiguan,SUV,2024,2,Automatic,Petrol,1,28833,20860
Kia,Sportage,SUV,2014,12,CVT,Petrol,1,121895,7190
Nissan,Sentra,Sedan,2023,3,Manual,Petrol,2,46112,12910
Jeep,Compass,SUV,2017,9,Manual,Petrol,4,162264,7280
Volvo,XC60,SUV,2016,10,Automatic,Petrol,4,90055,12770
Hyundai,Veloster,Coupe,2018,8,Automatic,Diesel,2,117386,7010
Volvo,XC60,SUV,2022,4,Manual,Petrol,1,36950,25340
Subaru,Forester,SUV,2024,2,Automatic,Petrol,1,32033,21150
Lexus,NX,SUV,2022,4,CVT,Petrol,2,38329,23080
Audi,A6,Sedan,2021,5,Manual,Petrol,2,62467,27970
Mazda,CX-9,SUV,2024,2,Automatic,CNG,1,37733,24390
Ram,1500,Truck,2020,6,Automatic,Petrol,2,102216,17540
Volkswagen,Golf,Hatchback,2024,2,Manual,Diesel,1,34670,15860
Mercedes-Benz,C-Class Coupe,Coupe,2018,8,Automatic,Diesel,1,71499,19510
Audi,Q5,SUV,2022,4,Semi-Automatic,Petrol,1,29582,29480
Ram,1500,Truck,2013,13,Automatic,Petrol,2,196928,7390
Mercedes-Benz,GLC,SUV,2022,4,CVT,Petrol,1,103303,27680
Mercedes-Benz,C-Class Coupe,Coupe,2021,5,Automatic,Petrol,1,74537,24880
Jeep,Grand Cherokee,SUV,2022,4,Manual,Petrol,2,89015,19870
Kia,Forte,Sedan,2019,7,Automatic,CNG,2,78731,8170
Toyota,Yaris,Sedan,2021,5,Automatic,Petrol,1,59390,8370
Honda,Fit,Hatchback,2020,6,Automatic,Petrol,2,79196,8520
Subaru,Legacy,Sedan,2018,8,CVT,Petrol,1,96432,9380
Mazda,CX-5,SUV,2017,9,Automatic,Petrol,3,91970,9170
Toyota,Corolla,Sedan,2019,7,Automatic,Petrol,2,128780,8430
Toyota,Sienna,Minivan,2017,9,Automatic,Petrol,4,142452,11540
Suzuki,Swift,Hatchback,2023,3,CVT,Petrol,1,37599,10130
Subaru,Outback,SUV,2020,6,Automatic,Diesel,2,91414,13970
Tesla,Model X,SUV,2020,6,Automatic,Electric,1,100216,40490
Subaru,Forester,SUV,2019,7,Automatic,Petrol,2,117410,10400
Honda,Fit,Hatchback,2024,2,Automatic,Petrol,1,25607,12960
Jeep,Compass,SUV,2020,6,Semi-Automatic,Diesel,3,87010,12470
Mazda,Mazda6,Sedan,2020,6,Automatic,Petrol,3,56664,12270
Mercedes-Benz,C-Class,Sedan,2021,5,CVT,Diesel,1,44263,23930
Honda,Pilot,SUV,2022,4,CVT,Petrol,1,97479,21800
Peugeot,208,Hatchback,2024,2,Automatic,Petrol,1,17531,14150
Chevrolet,Camaro Convertible,Convertible,2018,8,Manual,Petrol,3,70091,13020
Hyundai,Elantra,Sedan,2022,4,Automatic,Petrol,2,39161,12770
Hyundai,Santa Fe,SUV,2026,0,Manual,Petrol,1,500,28520
BMW,3 Series,Sedan,2025,1,Automatic,Petrol,1,12243,36950
GMC,Terrain,SUV,2025,1,Automatic,Petrol,1,9960,25000
Volvo,XC60,SUV,2021,5,Automatic,Hybrid,1,50559,24250
BMW,X3,SUV,2016,10,Automatic,Petrol,2,181599,12990
Porsche,911,Coupe,2021,5,Manual,Petrol,2,68628,52260
Toyota,Corolla,Sedan,2014,12,Automatic,Petrol,4,130855,5400
Toyota,Tundra,Truck,2014,12,Automatic,Diesel,3,148156,9090
Volkswagen,Golf,Hatchback,2018,8,Manual,Petrol,2,64501,9160
Kia,EV6,SUV,2026,0,Automatic,Electric,1,500,38900
Toyota,Highlander,SUV,2022,4,Automatic,Hybrid,2,35459,24680
Chevrolet,Silverado 1500,Truck,2022,4,Automatic,Petrol,2,62806,19500
Chrysler,Pacifica,Minivan,2023,3,Manual,Petrol,1,48755,23810
Tesla,Model X,SUV,2019,7,Automatic,Electric,2,86567,36140
Chevrolet,Equinox,SUV,2024,2,Automatic,Diesel,1,37135,20450
Kia,EV6,SUV,2023,3,Automatic,Electric,1,22155,26440
Toyota,Tundra,Truck,2023,3,Manual,Petrol,2,36872,25270
Honda,Odyssey,Minivan,2012,14,Manual,Petrol,2,114327,6820
Chevrolet,Camaro Convertible,Convertible,2022,4,Automatic,Diesel,1,50973,23810
Jeep,Compass,SUV,2015,11,Semi-Automatic,Petrol,4,152839,6930
Nissan,Sentra,Sedan,2015,11,Manual,Petrol,3,244000,2810
Ford,Escape,SUV,2025,1,Automatic,Hybrid,1,13732,26350
Subaru,Forester,SUV,2025,1,Automatic,Petrol,1,19219,24050
Mazda,Mazda6,Sedan,2012,14,CVT,Diesel,1,216532,3580
Chevrolet,Spark,Hatchback,2016,10,Automatic,Petrol,3,113458,4430
Nissan,Murano,SUV,2022,4,Automatic,Petrol,2,53020,19920
Mini,Cooper Convertible,Convertible,2023,3,Manual,Hybrid,2,36465,20060
Audi,A4,Sedan,2015,11,Automatic,Petrol,2,157932,10910
Hyundai,Tucson,SUV,2019,7,Automatic,Petrol,3,76477,12050
Jeep,Grand Cherokee,SUV,2014,12,Automatic,Petrol,3,157633,9460
Ford,Mustang,Coupe,2025,1,Automatic,CNG,1,25568,24890
Nissan,Versa,Hatchback,2020,6,Semi-Automatic,Petrol,1,99968,7840
Subaru,Legacy,Sedan,2020,6,Automatic,Petrol,2,118484,10660
Mercedes-Benz,GLC,SUV,2023,3,CVT,CNG,1,34297,29600
Nissan,Versa,Hatchback,2022,4,Automatic,Petrol,1,56016,9670
Mazda,MX-5 Miata,Convertible,2022,4,Automatic,Petrol,1,53221,16470
Chevrolet,Malibu,Sedan,2023,3,Automatic,Petrol,2,39876,15200
Ford,Fusion,Sedan,2023,3,Automatic,Petrol,2,37270,15370
Ford,Mustang Mach-E,SUV,2019,7,Automatic,Electric,2,76133,17560
Toyota,GR86,Coupe,2026,0,CVT,CNG,1,500,25970
Nissan,Versa,Hatchback,2021,5,Automatic,CNG,1,93645,7400
Skoda,Octavia,Sedan,2021,5,Manual,Petrol,1,78201,11540
Nissan,Versa,Hatchback,2020,6,Automatic,Hybrid,1,93169,8050
Audi,Q7,SUV,2021,5,Automatic,Petrol,2,49986,30950
Audi,Q5,SUV,2021,5,CVT,Petrol,1,68203,25210
Skoda,Octavia,Sedan,2020,6,Automatic,Petrol,1,51620,11670
Honda,CR-V,SUV,2026,0,Automatic,Hybrid,1,500,28240
Volkswagen,Jetta,Sedan,2024,2,Automatic,Diesel,1,24322,14790
Subaru,Forester,SUV,2021,5,Automatic,Petrol,2,67635,15440
Chevrolet,Equinox,SUV,2025,1,Automatic,Hybrid,1,8895,24730
Nissan,Titan,Truck,2024,2,Automatic,Hybrid,1,50584,27950
Tesla,Model X,SUV,2024,2,Automatic,Electric,1,38309,62760
Tesla,Model Y,SUV,2026,0,Automatic,Electric,1,500,40860
Nissan,370Z,Coupe,2022,4,CVT,Petrol,1,76928,19330
Jeep,Compass,SUV,2020,6,Automatic,Petrol,1,134039,10240
Jeep,Wrangler,SUV,2020,6,Manual,Petrol,1,66113,16460
Ford,F-150,Truck,2023,3,Manual,Petrol,2,51785,21130
Mazda,CX-9,SUV,2024,2,Automatic,Petrol,1,30644,26100
Nissan,Leaf,Hatchback,2021,5,Automatic,Electric,2,75948,13630
Chevrolet,Camaro Convertible,Convertible,2018,8,Automatic,Petrol,1,95595,16390
Mercedes-Benz,GLC,SUV,2020,6,Manual,Petrol,3,78608,19270
Toyota,Sienna,Minivan,2018,8,Manual,Petrol,2,97896,13390
Mercedes-Benz,GLC,SUV,2024,2,Automatic,CNG,1,21702,34730
Toyota,GR86,Coupe,2024,2,Manual,Petrol,1,25541,20720
Nissan,Leaf,Hatchback,2018,8,Automatic,Electric,3,150922,7430
Mazda,MX-5 Miata,Convertible,2022,4,Automatic,Petrol,2,37137,15670
Chrysler,Pacifica,Minivan,2024,2,Automatic,Petrol,1,25907,25570
Hyundai,Ioniq 5,SUV,2020,6,Automatic,Electric,1,45527,19210
Ford,Fusion,Sedan,2023,3,Automatic,Hybrid,1,56827,15640
Honda,Insight,Sedan,2023,3,Automatic,Petrol,2,55603,14380
Tesla,Model S,Sedan,2019,7,Automatic,Electric,3,97788,27530
Skoda,Octavia,Sedan,2022,4,Manual,Hybrid,2,42080,13760
Chevrolet,Equinox,SUV,2024,2,Automatic,Diesel,1,47801,18630
Skoda,Octavia,Sedan,2023,3,Automatic,Diesel,2,43327,15020
Mini,Cooper Convertible,Convertible,2016,10,Automatic,Petrol,2,104469,8860
Ford,F-150,Truck,2021,5,Automatic,Diesel,1,70065,19290
Lexus,RX,SUV,2020,6,Automatic,CNG,1,133443,18160
Ford,Mustang Mach-E,SUV,2023,3,Automatic,Electric,2,24993,27750
Nissan,Titan,Truck,2025,1,Automatic,Petrol,1,13096,31440
Volkswagen,ID.4,SUV,2021,5,Automatic,Electric,2,41204,20860
Volvo,XC90,SUV,2022,4,Automatic,Petrol,2,96540,33220
Toyota,Yaris,Sedan,2015,11,Automatic,Petrol,1,213949,2420
Nissan,370Z,Coupe,2024,2,CVT,Petrol,1,39187,23420
Nissan,Rogue,SUV,2024,2,Automatic,Petrol,1,48675,19330
Ram,1500,Truck,2023,3,Automatic,Petrol,2,51192,23060
Hyundai,i20,Hatchback,2023,3,Automatic,Hybrid,2,38430,10950
Land Rover,Range Rover Evoque,SUV,2020,6,Automatic,Petrol,1,136810,22000
GMC,Sierra 1500,Truck,2018,8,CVT,Petrol,3,105380,13060
Toyota,Camry,Sedan,2022,4,Automatic,Petrol,1,76327,15140
GMC,Terrain,SUV,2018,8,CVT,Diesel,2,58457,10330
Toyota,GR86,Coupe,2020,6,Automatic,Petrol,1,56047,15260
Ford,Fusion,Sedan,2025,1,Automatic,Petrol,1,13784,19720
Nissan,370Z,Coupe,2022,4,CVT,Diesel,2,51701,18880
Chevrolet,Bolt EV,Hatchback,2020,6,Automatic,Electric,3,65943,11560
Chevrolet,Equinox,SUV,2024,2,Automatic,Petrol,1,31024,21510
Volvo,XC90,SUV,2019,7,Manual,Diesel,2,88382,21280
Mazda,CX-5,SUV,2024,2,Automatic,Petrol,1,26775,21680
Toyota,Camry,Sedan,2015,11,Automatic,Petrol,2,152929,7720
Skoda,Octavia,Sedan,2025,1,Automatic,Petrol,1,9946,21450
Honda,CR-V,SUV,2023,3,CVT,Petrol,2,37415,20160
Nissan,Rogue,SUV,2023,3,Automatic,Hybrid,2,71508,18040
Hyundai,Santa Fe,SUV,2016,10,Automatic,Petrol,1,196669,9740
Renault,Clio,Hatchback,2025,1,Automatic,Diesel,1,12143,15660
Honda,City,Sedan,2015,11,Automatic,Petrol,2,166181,4260
Toyota,Tacoma,Truck,2023,3,Automatic,Petrol,1,54915,20800
Kia,Sorento,SUV,2020,6,Manual,Petrol,2,73615,15140
Honda,Pilot,SUV,2021,5,Manual,Petrol,2,83431,20830
Honda,Odyssey,Minivan,2023,3,Automatic,Diesel,1,51441,23660
Toyota,Prius Prime,Hatchback,2024,2,Automatic,Hybrid,1,43681,21600
Hyundai,Ioniq 5,SUV,2022,4,Automatic,Electric,2,85729,23900
Audi,A4,Sedan,2025,1,Automatic,Petrol,1,15714,34220
Jeep,Compass,SUV,2021,5,CVT,Petrol,2,60248,13460
GMC,Terrain,SUV,2026,0,Manual,Petrol,1,500,27770
Chrysler,Pacifica,Minivan,2024,2,Automatic,Hybrid,1,21788,29250
Chevrolet,Malibu,Sedan,2023,3,Automatic,Petrol,2,61149,15300
Hyundai,Tucson,SUV,2017,9,Manual,CNG,3,119452,8750
BMW,X5,SUV,2013,13,CVT,Hybrid,4,231353,12420
Lexus,RX,SUV,2019,7,Automatic,Hybrid,2,121007,21710
Kia,Sorento,SUV,2022,4,Automatic,Petrol,1,33434,20580
Fiat,500,Hatchback,2018,8,Semi-Automatic,Diesel,3,185853,5090
Honda,Civic,Sedan,2015,11,Manual,Diesel,3,223118,2800
BMW,3 Series,Sedan,2014,12,Automatic,Petrol,4,97066,10880
Mercedes-Benz,C-Class,Sedan,2020,6,Automatic,Petrol,2,67757,22690
Volvo,XC60,SUV,2015,11,Manual,Petrol,2,185707,11120
Chevrolet,Equinox,SUV,2017,9,CVT,CNG,2,132674,8250
Chevrolet,Equinox,SUV,2017,9,Manual,Diesel,3,73459,8270
Suzuki,Swift,Hatchback,2024,2,CVT,Petrol,1,17208,11340
Nissan,Versa,Hatchback,2024,2,Manual,Diesel,1,15588,10820
Ford,Mustang Convertible,Convertible,2015,11,Automatic,Petrol,2,237657,6320
BMW,Z4,Convertible,2020,6,Manual,CNG,3,106552,19250
Subaru,Forester,SUV,2013,13,Automatic,Diesel,1,199241,4640
Tesla,Model X,SUV,2020,6,Automatic,Electric,3,83979,37220
Ford,Mustang Convertible,Convertible,2022,4,Manual,Hybrid,2,85816,19430
Hyundai,Sonata,Sedan,2016,10,Automatic,Petrol,4,91596,7870
Hyundai,Veloster,Coupe,2023,3,Manual,Petrol,1,32520,14180
GMC,Terrain,SUV,2024,2,Manual,Petrol,1,19728,21130
Chrysler,Pacifica,Minivan,2018,8,Automatic,Petrol,3,138592,12900
Audi,A4,Sedan,2018,8,Manual,Diesel,1,183767,12500
Mercedes-Benz,GLC,SUV,2019,7,CVT,Diesel,2,147154,18060
Tesla,Model Y,SUV,2025,1,Automatic,Electric,1,7155,35140
Honda,Odyssey,Minivan,2024,2,Automatic,Petrol,1,16447,24700
Toyota,Yaris Hatchback,Hatchback,2025,1,Automatic,Petrol,1,16478,14490
Lexus,ES,Sedan,2020,6,CVT,Petrol,2,112596,17090
Kia,K5,Sedan,2013,13,Automatic,Diesel,2,182746,5350
Toyota,Corolla,Sedan,2019,7,Manual,Petrol,2,48654,9890
Audi,A4,Sedan,2019,7,Automatic,Hybrid,3,86719,16470
Hyundai,Veloster,Coupe,2023,3,Automatic,Petrol,2,39197,13220
Toyota,RAV4,SUV,2017,9,Automatic,Petrol,1,210057,7320
GMC,Acadia,SUV,2026,0,Automatic,Petrol,1,500,33680
Honda,Civic,Sedan,2022,4,Automatic,Petrol,2,42054,13490
Porsche,911,Coupe,2017,9,Automatic,Petrol,2,220374,30920
Renault,Clio,Hatchback,2016,10,CVT,Diesel,1,157621,4740
Ford,Mustang Mach-E,SUV,2023,3,Automatic,Electric,2,42439,25820
Volkswagen,Golf,Hatchback,2024,2,Automatic,Diesel,1,24899,18930
Suzuki,Swift,Hatchback,2014,12,CVT,Petrol,4,148914,3150
Kia,Sportage,SUV,2022,4,CVT,Petrol,2,44362,15500
Land Rover,Range Rover Sport,SUV,2021,5,CVT,Petrol,2,113695,37840
Nissan,Sentra,Sedan,2019,7,CVT,Diesel,1,157486,5960
Chevrolet,Equinox,SUV,2025,1,Manual,Diesel,1,11370,21960
Subaru,Legacy,Sedan,2024,2,CVT,CNG,1,18723,17030
Chevrolet,Camaro Convertible,Convertible,2020,6,Manual,Petrol,2,119249,14850
Mercedes-Benz,C-Class Coupe,Coupe,2021,5,Automatic,Hybrid,1,75080,26360
Honda,Pilot,SUV,2020,6,Manual,Hybrid,3,45303,18310
Ford,Mustang Convertible,Convertible,2018,8,Manual,Petrol,1,173434,11880
GMC,Acadia,SUV,2021,5,CVT,Hybrid,1,67553,20960
Volkswagen,Golf,Hatchback,2017,9,Automatic,Hybrid,1,112904,9530
Jeep,Compass,SUV,2018,8,Automatic,Petrol,3,154378,9720
Hyundai,Santa Fe,SUV,2017,9,Automatic,Petrol,4,85201,9520
Toyota,RAV4,SUV,2018,8,CVT,Petrol,3,66273,10900
Ford,Mustang Convertible,Convertible,2018,8,Automatic,Petrol,3,88623,13540
Volvo,XC90,SUV,2022,4,Automatic,Hybrid,1,50775,35860
BMW,4 Series,Coupe,2022,4,Automatic,Petrol,2,94861,26380
Suzuki,Swift,Hatchback,2021,5,Manual,Diesel,1,66520,8000
Toyota,Sienna,Minivan,2025,1,CVT,Petrol,1,22036,27770
Hyundai,Santa Fe,SUV,2017,9,Automatic,Petrol,1,183599,9220
Audi,Q5,SUV,2022,4,CVT,Petrol,2,50413,26980
Mercedes-Benz,GLE,SUV,2023,3,Automatic,Petrol,1,27077,42020
Nissan,Titan,Truck,2024,2,CVT,Diesel,1,36352,23520
Chevrolet,Equinox,SUV,2022,4,Automatic,Petrol,1,90348,14710
Mercedes-Benz,E-Class,Sedan,2025,1,Automatic,Petrol,1,9967,47600
Chrysler,Pacifica,Minivan,2024,2,Semi-Automatic,Hybrid,1,53434,26850
GMC,Terrain,SUV,2021,5,Automatic,Petrol,1,63656,16450
Toyota,GR86,Coupe,2020,6,Automatic,Hybrid,3,123709,13080
Mini,Cooper,Hatchback,2021,5,Automatic,Petrol,2,61891,13660
Mercedes-Benz,E-Class,Sedan,2024,2,Manual,Petrol,1,46701,37260
Subaru,Forester,SUV,2013,13,CVT,Diesel,3,105524,5640
Honda,Pilot,SUV,2018,8,CVT,Petrol,3,126068,13190
Ford,Escape,SUV,2015,11,CVT,Petrol,2,70215,8180
Land Rover,Range Rover Sport,SUV,2023,3,Manual,Petrol,2,33429,50300
Honda,Civic,Sedan,2024,2,Manual,CNG,1,25319,16270
BMW,5 Series,Sedan,2015,11,Automatic,Petrol,3,146978,14330
Audi,Q7,SUV,2023,3,CVT,Petrol,2,31664,37740
Land Rover,Range Rover Evoque,SUV,2022,4,CVT,Diesel,2,100042,25290
Mazda,MX-5 Miata,Convertible,2017,9,Automatic,Petrol,3,103717,9840
Kia,Rio,Hatchback,2017,9,Manual,Petrol,3,78928,5850
Honda,City,Sedan,2021,5,Automatic,Petrol,2,81235,9360
Honda,Ridgeline,Truck,2014,12,Automatic,Petrol,2,208650,7950
Kia,Forte,Sedan,2018,8,Automatic,Petrol,1,150368,6190
Honda,Ridgeline,Truck,2019,7,Manual,Petrol,2,140284,12930
Chevrolet,Camaro,Coupe,2017,9,Manual,Diesel,4,112103,8930
Kia,Rio,Hatchback,2021,5,Automatic,Diesel,2,112213,7120
Ford,Mustang Mach-E,SUV,2016,10,Automatic,Electric,2,159378,11880
Tesla,Model S,Sedan,2019,7,Automatic,Electric,2,59891,29110
Hyundai,Elantra,Sedan,2026,0,Automatic,Diesel,1,500,21490
Toyota,GR86,Coupe,2024,2,Manual,Petrol,1,29499,22150
Toyota,Highlander,SUV,2018,8,Manual,Hybrid,2,141830,11840
Peugeot,208,Hatchback,2024,2,Automatic,Petrol,1,28099,14760
BMW,X3,SUV,2018,8,Automatic,Petrol,3,73595,17220
Chevrolet,Camaro,Coupe,2022,4,CVT,Petrol,2,53846,17400
GMC,Acadia,SUV,2019,7,Automatic,Petrol,1,132578,15790
Kia,Rio,Hatchback,2020,6,Automatic,Petrol,3,44666,7770
BMW,3 Series,Sedan,2016,10,Manual,Petrol,3,163144,10670
Hyundai,Elantra,Sedan,2023,3,Automatic,Petrol,2,39760,13260
Jeep,Grand Cherokee,SUV,2023,3,Automatic,Hybrid,1,74096,26280
Mercedes-Benz,C-Class Coupe,Coupe,2021,5,Automatic,CNG,2,44578,25660
Toyota,Yaris Hatchback,Hatchback,2019,7,Manual,Petrol,1,73531,7380
Chevrolet,Camaro,Coupe,2021,5,Automatic,Petrol,1,33336,17670
BMW,3 Series,Sedan,2025,1,Automatic,Petrol,1,9138,35980
Toyota,Highlander,SUV,2026,0,Automatic,Hybrid,1,500,36880
Mercedes-Benz,E-Class,Sedan,2021,5,Automatic,CNG,2,84327,27170
Hyundai,i20,Hatchback,2023,3,Automatic,Hybrid,1,19200,10320
Ford,Focus,Hatchback,2022,4,Manual,Petrol,2,54717,10540
Nissan,Rogue,SUV,2022,4,Automatic,Petrol,2,75232,15060
Honda,City,Sedan,2019,7,Automatic,Petrol,1,101467,7470
Skoda,Octavia,Sedan,2024,2,Automatic,Diesel,1,24377,17380
Honda,Accord,Sedan,2025,1,Automatic,Petrol,1,21101,24500
Lexus,ES,Sedan,2015,11,Automatic,Diesel,3,170623,10630
Kia,Forte,Sedan,2022,4,CVT,Petrol,2,90237,10140
Mercedes-Benz,E-Class,Sedan,2020,6,Automatic,Petrol,2,118947,25280
BMW,X5,SUV,2026,0,Automatic,Petrol,1,500,61770
Ford,Explorer,SUV,2017,9,Automatic,Petrol,3,63296,12310
Lexus,ES,Sedan,2023,3,Automatic,Petrol,2,72366,24130
Toyota,Yaris Hatchback,Hatchback,2018,8,Automatic,Petrol,3,135182,5560
Peugeot,208,Hatchback,2018,8,Manual,Petrol,3,133948,5690
Mazda,MX-5 Miata,Convertible,2022,4,Manual,Petrol,1,38402,15510
Chevrolet,Malibu,Sedan,2021,5,Semi-Automatic,Hybrid,1,61835,15020
Nissan,Rogue,SUV,2025,1,Manual,Hybrid,1,13609,23720
Honda,Civic,Sedan,2017,9,Automatic,Petrol,1,100277,8460
Kia,Rio,Hatchback,2015,11,CVT,Diesel,1,254200,1900
Toyota,RAV4,SUV,2021,5,Automatic,Hybrid,2,66447,17170
Chevrolet,Malibu,Sedan,2012,14,Automatic,Petrol,1,126369,5420
Skoda,Octavia,Sedan,2017,9,Automatic,Petrol,1,200431,6040
Volkswagen,Passat,Sedan,2020,6,CVT,Petrol,2,116780,10460
Jeep,Compass,SUV,2020,6,Automatic,Petrol,3,82206,11730
Audi,A5,Coupe,2026,0,Automatic,Petrol,1,500,44450
Kia,Sorento,SUV,2018,8,Automatic,Petrol,1,86644,13640
Nissan,Titan,Truck,2023,3,Manual,Diesel,2,69784,21910
Mercedes-Benz,C-Class Coupe,Coupe,2024,2,Automatic,Petrol,1,20507,36320
Tesla,Model 3,Sedan,2025,1,Automatic,Electric,1,12302,30430
Ford,Mustang Mach-E,SUV,2019,7,Automatic,Electric,2,121936,16130
Nissan,Versa,Hatchback,2023,3,Automatic,Petrol,1,42871,11460
Volkswagen,Passat,Sedan,2022,4,Semi-Automatic,Hybrid,2,41964,15710
Honda,CR-V,SUV,2025,1,Manual,Petrol,1,17794,23720
Audi,Q5,SUV,2021,5,Automatic,Petrol,2,52065,24550
Audi,A5,Coupe,2016,10,Manual,CNG,3,85451,13100
Subaru,Forester,SUV,2017,9,Automatic,Petrol,4,134546,8130
Nissan,Murano,SUV,2023,3,Automatic,Petrol,2,29093,22610
Toyota,Prius,Hatchback,2021,5,Manual,Hybrid,2,82952,13270
Toyota,Camry,Sedan,2024,2,Automatic,Petrol,1,28734,20270
Tesla,Model X,SUV,2017,9,Automatic,Electric,2,95365,28950
BMW,X3,SUV,2020,6,Automatic,Petrol,1,55167,22690
Subaru,Legacy,Sedan,2012,14,Automatic,Hybrid,2,218162,3610
Chevrolet,Malibu,Sedan,2022,4,Automatic,Petrol,2,60228,14800
Mini,Cooper,Hatchback,2026,0,Automatic,Petrol,1,500,24880
Tesla,Model S,Sedan,2025,1,Automatic,Electric,1,14370,55620
Mazda,Mazda3,Sedan,2021,5,CVT,Diesel,2,76026,11490
Ford,Mustang Mach-E,SUV,2018,8,Automatic,Electric,1,154072,15050
Kia,Sportage,SUV,2025,1,Automatic,Petrol,1,14361,22550
Mazda,CX-5,SUV,2021,5,Semi-Automatic,Petrol,1,40251,16690
Kia,EV6,SUV,2025,1,Automatic,Electric,1,15084,34910
BMW,X3,SUV,2026,0,Automatic,Petrol,1,500,43140
Tesla,Model X,SUV,2024,2,Automatic,Electric,1,24994,58320
Porsche,911,Coupe,2018,8,Automatic,Diesel,3,83986,39960
Kia,K5,Sedan,2021,5,Automatic,Petrol,1,47719,12990
Ford,Explorer,SUV,2018,8,Manual,Petrol,2,115943,13610
Mazda,MX-5 Miata,Convertible,2022,4,Automatic,Diesel,2,60444,17310
Volvo,XC90,SUV,2018,8,Automatic,Petrol,3,61677,21890
Honda,Odyssey,Minivan,2016,10,CVT,Petrol,4,89380,10070
Ford,Explorer,SUV,2022,4,Automatic,Petrol,2,70317,22360
Kia,EV6,SUV,2019,7,Automatic,Electric,2,148028,15730
Nissan,370Z,Coupe,2015,11,Automatic,Diesel,3,250488,5890
Peugeot,208,Hatchback,2021,5,CVT,Petrol,2,64277,9370
Subaru,Outback,SUV,2022,4,Manual,Petrol,1,52669,18000
Lexus,RX,SUV,2023,3,Automatic,Petrol,1,67660,30990
Honda,CR-V,SUV,2021,5,Manual,Petrol,2,54758,14000
Subaru,Forester,SUV,2024,2,CVT,CNG,1,25312,18980
Audi,A4,Sedan,2016,10,Automatic,Diesel,2,241858,7740
Toyota,Highlander,SUV,2020,6,Automatic,Hybrid,1,58683,18050
GMC,Terrain,SUV,2017,9,Manual,Diesel,1,91834,10110
Volkswagen,Golf,Hatchback,2025,1,Automatic,Diesel,1,15889,20810
Audi,Q7,SUV,2025,1,Automatic,Diesel,1,12571,50020
Ford,Explorer,SUV,2022,4,Automatic,Petrol,1,62979,23190
Toyota,GR86,Coupe,2024,2,Semi-Automatic,Diesel,1,26311,20460
Audi,A5,Coupe,2022,4,CVT,Petrol,2,35494,26900
Chevrolet,Malibu,Sedan,2018,8,Automatic,Petrol,3,156067,7650
Volkswagen,Jetta,Sedan,2021,5,CVT,Hybrid,1,35300,12180
Nissan,Altima,Sedan,2023,3,Automatic,Petrol,1,61610,17450
Mazda,CX-9,SUV,2025,1,Automatic,Hybrid,1,15940,33900
Toyota,Yaris Hatchback,Hatchback,2022,4,CVT,Diesel,1,75430,9140
Jeep,Wrangler,SUV,2024,2,Automatic,Petrol,1,21492,24260
Kia,Sorento,SUV,2015,11,Automatic,Petrol,3,121139,8880
Chevrolet,Traverse,SUV,2022,4,Automatic,Petrol,2,80329,20310
Ram,1500,Truck,2023,3,CVT,Petrol,2,38358,25740
Mini,Cooper,Hatchback,2017,9,Automatic,Diesel,2,71418,9550
Hyundai,Veloster,Coupe,2023,3,CVT,Diesel,2,62532,12900
Nissan,Murano,SUV,2024,2,CVT,Petrol,1,12482,26790
Hyundai,Tucson,SUV,2012,14,Manual,CNG,2,223166,3920
Mazda,Mazda3,Sedan,2026,0,Automatic,Petrol,1,500,22190
Hyundai,Veloster,Coupe,2017,9,Manual,Hybrid,4,99759,6480
Volkswagen,Tiguan,SUV,2012,14,Automatic,Diesel,5,126838,5330
Mazda,MX-5 Miata,Convertible,2016,10,Automatic,Hybrid,4,86279,9070
GMC,Sierra 1500,Truck,2024,2,Automatic,Petrol,1,30394,28450
Toyota,Corolla,Sedan,2025,1,CVT,Petrol,1,20976,19360
Toyota,RAV4,SUV,2024,2,Automatic,Petrol,1,22159,22060
BMW,3 Series,Sedan,2019,7,Semi-Automatic,Diesel,3,52926,16090
Hyundai,i20,Hatchback,2019,7,Manual,Petrol,1,114340,5890
Kia,K5,Sedan,2023,3,Automatic,Petrol,1,36458,16500
Toyota,Yaris,Sedan,2023,3,CVT,Petrol,2,39924,9940
BMW,3 Series,Sedan,2024,2,CVT,Petrol,1,31885,31160
BMW,3 Series,Sedan,2014,12,Manual,Hybrid,5,127249,9770
Volkswagen,Passat,Sedan,2023,3,Automatic,Petrol,1,26209,16940
Toyota,RAV4,SUV,2024,2,Automatic,Hybrid,1,25985,23900
Mini,Cooper,Hatchback,2014,12,Automatic,Diesel,3,90704,6130
Peugeot,208,Hatchback,2024,2,Automatic,Hybrid,1,39006,14180
Toyota,Sienna,Minivan,2022,4,Automatic,Diesel,1,37185,23120
Kia,Rio,Hatchback,2015,11,Automatic,Petrol,2,106507,4770
Mercedes-Benz,GLC,SUV,2019,7,Manual,Hybrid,1,82577,21910
Chevrolet,Bolt EV,Hatchback,2024,2,Automatic,Electric,1,41195,17210
Nissan,Altima,Sedan,2024,2,Automatic,Petrol,1,21029,18310
Honda,Pilot,SUV,2025,1,Automatic,Petrol,1,16889,34580
Volvo,XC60,SUV,2026,0,Automatic,Petrol,1,500,43120
Subaru,Outback,SUV,2017,9,Manual,Petrol,2,124206,9930
Audi,A4,Sedan,2024,2,Automatic,Petrol,1,25594,31990
Toyota,Corolla,Sedan,2025,1,Manual,Petrol,1,11289,17250
Toyota,Corolla,Sedan,2020,6,CVT,Petrol,3,83124,9870
Nissan,Rogue,SUV,2019,7,Automatic,Hybrid,3,86196,12010
Audi,A5,Coupe,2020,6,Manual,Petrol,1,57966,20590
Jeep,Grand Cherokee,SUV,2019,7,CVT,Petrol,1,114923,16980
BMW,Z4,Convertible,2020,6,Automatic,Petrol,3,83418,22850
Lexus,RX,SUV,2021,5,Manual,Hybrid,2,52484,25190
Lexus,ES,Sedan,2020,6,Manual,Diesel,2,131746,16820
Volkswagen,Jetta,Sedan,2019,7,Automatic,Diesel,3,64348,8010
Toyota,Tundra,Truck,2023,3,CVT,Diesel,1,42843,23360
Mazda,CX-5,SUV,2013,13,Automatic,Petrol,1,174825,6920
Jeep,Compass,SUV,2012,14,CVT,Petrol,3,236351,4230
BMW,5 Series,Sedan,2025,1,Semi-Automatic,Diesel,1,16955,47050
Chevrolet,Equinox,SUV,2024,2,Automatic,Petrol,1,25973,20010
Volkswagen,Passat,Sedan,2023,3,Automatic,Petrol,1,52776,15980
Ford,Mustang Mach-E,SUV,2020,6,Automatic,Electric,1,58883,20100
Lexus,RX,SUV,2019,7,Automatic,Diesel,3,111251,18830
Toyota,Highlander,SUV,2025,1,Automatic,Petrol,1,17120,33020
Ford,Mustang Mach-E,SUV,2022,4,Automatic,Electric,2,63985,24530
Hyundai,Elantra,Sedan,2025,1,Manual,Petrol,1,11688,17040
Toyota,Yaris,Sedan,2016,10,Semi-Automatic,Petrol,1,143265,4680
Honda,Accord,Sedan,2023,3,CVT,Diesel,1,25147,17110
Hyundai,Santa Fe,SUV,2025,1,Automatic,Petrol,1,10827,25670
Chrysler,Pacifica,Minivan,2024,2,Automatic,Diesel,1,25778,25140
Toyota,GR86,Coupe,2020,6,Automatic,Petrol,1,114747,13410
Hyundai,i20,Hatchback,2023,3,Semi-Automatic,Hybrid,2,40081,10310
BMW,X5,SUV,2020,6,Automatic,Diesel,3,133668,25760
Audi,A6,Sedan,2025,1,Automatic,Petrol,1,10195,46250
Toyota,Yaris Hatchback,Hatchback,2022,4,Automatic,CNG,1,47382,9340
Kia,Sportage,SUV,2022,4,Automatic,Petrol,1,57595,15670
Chevrolet,Equinox,SUV,2017,9,Manual,Petrol,1,112802,9180
Kia,Sportage,SUV,2025,1,Automatic,Hybrid,1,15365,23580
Honda,Ridgeline,Truck,2020,6,Automatic,CNG,1,90813,16200
Tesla,Model S,Sedan,2023,3,Automatic,Electric,1,51159,45620
GMC,Sierra 1500,Truck,2017,9,Automatic,Diesel,4,120363,12120
Kia,Carnival,Minivan,2013,13,Manual,Diesel,1,168366,7510
Nissan,Leaf,Hatchback,2023,3,Automatic,Electric,1,46695,17580
Volvo,XC90,SUV,2015,11,Automatic,Petrol,1,78510,16530
Land Rover,Range Rover Evoque,SUV,2025,1,Automatic,Petrol,1,10917,38780
Chevrolet,Malibu,Sedan,2024,2,Automatic,Diesel,1,34235,17960
Kia,Sorento,SUV,2022,4,Automatic,Hybrid,1,55612,19580
GMC,Sierra 1500,Truck,2017,9,CVT,Diesel,1,123891,12030
Toyota,Tundra,Truck,2020,6,Automatic,Diesel,1,49332,17920
Kia,EV6,SUV,2021,5,Automatic,Electric,2,44217,22270
Ford,Escape,SUV,2025,1,Automatic,Petrol,1,12314,25300
Hyundai,Veloster,Coupe,2024,2,Automatic,Petrol,1,28311,15370
Fiat,500,Hatchback,2024,2,Automatic,Petrol,1,32085,13340
GMC,Sierra 1500,Truck,2024,2,Manual,Petrol,1,20404,26940
Subaru,Outback,SUV,2016,10,Automatic,Petrol,1,228492,4980
Kia,Carnival,Minivan,2024,2,Automatic,Diesel,1,13804,25150
Chevrolet,Spark,Hatchback,2021,5,Manual,Petrol,1,65446,8070
Toyota,Prius,Hatchback,2020,6,Automatic,Petrol,3,69015,11210
Chevrolet,Malibu,Sedan,2023,3,Automatic,Diesel,2,48955,16130
Honda,CR-V,SUV,2017,9,Semi-Automatic,Hybrid,2,61439,11590
Ford,Fusion,Sedan,2025,1,Semi-Automatic,Petrol,1,17272,20400
Toyota,GR86,Coupe,2020,6,Automatic,Petrol,3,100149,12580
Ford,F-150,Truck,2026,0,Manual,Petrol,1,500,32390
Toyota,Tacoma,Truck,2024,2,Manual,Hybrid,1,34983,20980
Kia,K5,Sedan,2026,0,CVT,Petrol,1,500,22010
Volvo,XC60,SUV,2022,4,Automatic,Petrol,2,45130,25510
Mazda,CX-5,SUV,2021,5,Automatic,Diesel,1,119791,12550
Toyota,Yaris,Sedan,2021,5,Automatic,Petrol,1,100709,7500
Subaru,Outback,SUV,2023,3,Automatic,Petrol,2,80155,17840
Ford,Mustang Convertible,Convertible,2018,8,CVT,Petrol,2,106704,14990
Hyundai,Ioniq 5,SUV,2025,1,Automatic,Electric,1,13807,35740
Land Rover,Range Rover Sport,SUV,2020,6,Automatic,Petrol,2,109436,38180
Honda,Ridgeline,Truck,2021,5,Automatic,Diesel,2,108252,17760
Nissan,370Z,Coupe,2022,4,Automatic,Petrol,1,67685,19350
Kia,Forte,Sedan,2025,1,Manual,Petrol,1,13327,15910
Chevrolet,Camaro Convertible,Convertible,2022,4,Manual,Petrol,2,69824,20650
Lexus,NX,SUV,2022,4,CVT,Diesel,1,89254,21440
Chevrolet,Silverado 1500,Truck,2026,0,Automatic,CNG,1,500,31830
Toyota,Yaris,Sedan,2025,1,CVT,Petrol,1,10926,12550
Tesla,Model X,SUV,2016,10,Automatic,Electric,3,72150,26280
Honda,CR-V,SUV,2021,5,Automatic,Hybrid,2,33576,16260
Chevrolet,Traverse,SUV,2024,2,Manual,Diesel,1,44926,24640
Audi,A5,Coupe,2021,5,Automatic,Petrol,1,82469,25980
Honda,Pilot,SUV,2023,3,CVT,Petrol,2,42921,26390
Toyota,Yaris Hatchback,Hatchback,2023,3,Automatic,Petrol,1,33669,12480
Chrysler,Pacifica,Minivan,2023,3,Semi-Automatic,Petrol,1,23708,24700
Hyundai,Sonata,Sedan,2026,0,Manual,Petrol,1,500,25240
Renault,Clio,Hatchback,2022,4,CVT,Hybrid,2,47090,11660
Nissan,370Z,Coupe,2022,4,Automatic,Petrol,2,36128,20500
Nissan,Titan,Truck,2019,7,Automatic,Petrol,2,99890,14530
Honda,Accord,Sedan,2024,2,Automatic,Diesel,1,24480,21310
Skoda,Octavia,Sedan,2022,4,Automatic,Petrol,1,53126,14410
Honda,Accord,Sedan,2021,5,Automatic,Petrol,1,56506,16600
BMW,Z4,Convertible,2016,10,Automatic,Diesel,3,181719,14970
Hyundai,Veloster,Coupe,2018,8,CVT,Diesel,3,190168,5180
GMC,Terrain,SUV,2022,4,Automatic,Petrol,1,43725,17980
Honda,Odyssey,Minivan,2014,12,Automatic,Petrol,2,268255,4650
Jeep,Wrangler,SUV,2021,5,Automatic,Hybrid,1,51661,20790
Lexus,ES,Sedan,2023,3,Automatic,Petrol,1,20754,26660
Hyundai,i20,Hatchback,2022,4,Manual,Hybrid,1,39753,8880
BMW,3 Series,Sedan,2012,14,Automatic,Hybrid,3,150233,9300
Kia,Sportage,SUV,2020,6,Semi-Automatic,Petrol,2,89420,12460
Ford,Escape,SUV,2018,8,CVT,Petrol,1,177211,9390
Kia,Sorento,SUV,2018,8,Automatic,Petrol,2,127027,12180
Mercedes-Benz,GLC,SUV,2018,8,CVT,Petrol,1,135901,16230
Subaru,Legacy,Sedan,2020,6,Automatic,Hybrid,3,36578,11010
Nissan,370Z,Coupe,2023,3,Automatic,Petrol,1,60849,23220
GMC,Terrain,SUV,2023,3,Automatic,Petrol,1,68643,20290
Ford,Explorer,SUV,2023,3,CVT,Petrol,2,46582,23530
Kia,Sportage,SUV,2024,2,CVT,Petrol,1,16936,20830
Mazda,Mazda3,Sedan,2022,4,CVT,Hybrid,2,56553,13180
Volkswagen,Atlas,SUV,2023,3,Automatic,Petrol,1,42906,23380
Volkswagen,Jetta,Sedan,2017,9,Manual,Petrol,2,183787,4460
Hyundai,Elantra,Sedan,2025,1,Manual,Petrol,1,20142,15760
Peugeot,208,Hatchback,2025,1,Automatic,Diesel,1,14080,14680
Hyundai,i20,Hatchback,2024,2,Manual,Petrol,1,34735,10850
Subaru,Outback,SUV,2021,5,Manual,Petrol,1,56086,14950
Subaru,Outback,SUV,2020,6,Automatic,Petrol,1,120287,12760
Ram,1500,Truck,2021,5,CVT,Petrol,1,54986,20790
Mercedes-Benz,C-Class Coupe,Coupe,2013,13,Manual,Hybrid,5,328594,5620
Porsche,911,Coupe,2022,4,Automatic,Petrol,2,47464,58400
Skoda,Octavia,Sedan,2023,3,Manual,Hybrid,1,61236,14930
Mercedes-Benz,GLC,SUV,2019,7,Manual,Petrol,3,161617,15200
Toyota,Prius,Hatchback,2020,6,Semi-Automatic,Petrol,2,62767,12800
Audi,A4,Sedan,2017,9,Manual,Petrol,4,85735,13570
BMW,5 Series,Sedan,2026,0,Manual,Petrol,1,500,54370
BMW,3 Series,Sedan,2020,6,Automatic,Petrol,1,38995,20460
Land Rover,Range Rover Evoque,SUV,2024,2,Manual,Petrol,1,45234,35090
Mercedes-Benz,C-Class,Sedan,2023,3,Automatic,Petrol,2,20738,27520
Toyota,Yaris,Sedan,2019,7,CVT,Petrol,2,129486,5550
Honda,Ridgeline,Truck,2024,2,Manual,Petrol,1,34327,26940
GMC,Acadia,SUV,2025,1,Automatic,Petrol,1,16033,28860
Toyota,Tundra,Truck,2019,7,CVT,Petrol,3,174366,14440
Tesla,Model Y,SUV,2022,4,Automatic,Electric,1,66818,26990
Chevrolet,Camaro,Coupe,2017,9,Semi-Automatic,Petrol,3,72058,10460
Nissan,Altima,Sedan,2016,10,Automatic,Petrol,3,164433,6090
Volkswagen,Golf,Hatchback,2015,11,Automatic,Petrol,1,88974,6620
Subaru,Forester,SUV,2018,8,Semi-Automatic,Petrol,2,101992,10580
Volkswagen,Tiguan,SUV,2015,11,Manual,Hybrid,3,122538,7380
Volkswagen,Atlas,SUV,2025,1,Automatic,Diesel,1,19996,28530
Ford,Mustang,Coupe,2018,8,Automatic,Petrol,3,131218,11370
Hyundai,Veloster,Coupe,2018,8,Automatic,Hybrid,1,124494,8820
Chrysler,Pacifica,Minivan,2023,3,Automatic,Petrol,1,44742,23110
Kia,Sorento,SUV,2016,10,Automatic,Hybrid,1,92826,10790
Subaru,Forester,SUV,2022,4,Automatic,Hybrid,1,72348,17260
Toyota,Sienna,Minivan,2012,14,Automatic,Petrol,4,315940,2970
Hyundai,Veloster,Coupe,2026,0,Automatic,Diesel,1,500,20850
Porsche,911,Coupe,2020,6,CVT,Petrol,1,97545,53480
BMW,4 Series,Coupe,2011,15,Manual,Petrol,2,178861,9160
Toyota,Corolla,Sedan,2024,2,Automatic,Petrol,1,21498,16520
Toyota,GR86,Coupe,2021,5,Manual,Petrol,1,90288,15310
Subaru,Outback,SUV,2020,6,Manual,Petrol,1,110033,13900
Honda,Fit,Hatchback,2020,6,Manual,Hybrid,3,104136,7160
Mini,Cooper,Hatchback,2020,6,CVT,Hybrid,1,138372,11230
Honda,Insight,Sedan,2025,1,Automatic,Petrol,1,22676,20880
Suzuki,Swift,Hatchback,2024,2,Automatic,Diesel,1,13556,11560
Audi,A6,Sedan,2023,3,CVT,Petrol,1,71530,35960
Audi,A6,Sedan,2024,2,Automatic,Diesel,1,51449,42030
Mercedes-Benz,E-Class,Sedan,2014,12,Automatic,Petrol,4,249502,8860
Hyundai,Ioniq 5,SUV,2023,3,Automatic,Electric,2,26572,25260
Subaru,Outback,SUV,2020,6,Automatic,Petrol,1,82405,13930
Honda,Civic,Sedan,2023,3,Manual,Petrol,2,49579,14640
Hyundai,Sonata,Sedan,2019,7,Automatic,Diesel,3,167206,7430
Chevrolet,Spark,Hatchback,2024,2,Automatic,Diesel,1,36837,11160
Toyota,RAV4,SUV,2026,0,CVT,Hybrid,1,500,29430
Honda,Fit,Hatchback,2017,9,Automatic,CNG,2,117082,5690
Ford,Mustang,Coupe,2024,2,Automatic,Diesel,1,19478,24320
Mercedes-Benz,E-Class,Sedan,2019,7,CVT,Petrol,2,96329,23140
Mazda,CX-9,SUV,2015,11,Automatic,Hybrid,2,165981,9600
Tesla,Model 3,Sedan,2023,3,Automatic,Electric,2,60210,25060
Ford,Fusion,Sedan,2022,4,Manual,Hybrid,1,61749,13640
Volkswagen,Jetta,Sedan,2013,13,Automatic,Diesel,5,304602,1230
Hyundai,Ioniq 5,SUV,2020,6,Automatic,Electric,3,58633,19060
Ford,Mustang Mach-E,SUV,2023,3,Automatic,Electric,1,38376,28060
Audi,A4,Sedan,2018,8,Manual,Diesel,3,76460,13870
Fiat,500,Hatchback,2024,2,Automatic,Petrol,1,37435,14230
Nissan,Rogue,SUV,2023,3,Automatic,Petrol,1,29873,18250
Chevrolet,Spark,Hatchback,2019,7,Manual,Petrol,2,150354,4530
Volkswagen,Tiguan,SUV,2025,1,Manual,Petrol,1,18267,23710
Chevrolet,Camaro,Coupe,2021,5,CVT,Petrol,2,58272,16560
Chevrolet,Bolt EV,Hatchback,2025,1,Automatic,Electric,1,11747,22050
Chevrolet,Silverado 1500,Truck,2018,8,Automatic,Diesel,2,84504,13210
BMW,Z4,Convertible,2015,11,Manual,Diesel,2,117763,13560
Hyundai,Ioniq 5,SUV,2021,5,Automatic,Electric,2,69781,21790
BMW,4 Series,Coupe,2024,2,Automatic,Petrol,1,47073,34300
Mazda,CX-5,SUV,2023,3,Automatic,Petrol,2,63441,18420
Audi,Q7,SUV,2022,4,Automatic,Petrol,2,46574,33200
Toyota,Corolla,Sedan,2025,1,Automatic,Hybrid,1,13787,19760
Nissan,Versa,Hatchback,2017,9,Manual,Petrol,1,123075,5590
Volkswagen,Atlas,SUV,2024,2,Automatic,Petrol,1,27546,28180
Lexus,ES,Sedan,2020,6,CVT,Petrol,2,86015,19380
Kia,K5,Sedan,2024,2,Automatic,CNG,1,37874,15730
Tesla,Model X,SUV,2013,13,Automatic,Electric,1,127450,19480
Jeep,Grand Cherokee,SUV,2015,11,Manual,Petrol,1,113451,11230
Toyota,Sienna,Minivan,2019,7,Automatic,Diesel,1,109034,16290
Kia,Forte,Sedan,2019,7,Automatic,Hybrid,2,67062,8680
Chevrolet,Camaro,Coupe,2018,8,Automatic,Petrol,2,103785,11880
Toyota,Highlander,SUV,2020,6,CVT,Petrol,3,88131,17540
BMW,X5,SUV,2023,3,Manual,Petrol,1,62778,38260
Nissan,Versa,Hatchback,2024,2,Automatic,Diesel,1,44774,11010
Ford,Mustang Mach-E,SUV,2019,7,Automatic,Electric,1,95121,18120
Mercedes-Benz,C-Class Coupe,Coupe,2021,5,Automatic,Petrol,2,76402,24320
Subaru,Outback,SUV,2013,13,Automatic,Diesel,1,189332,5740
Volkswagen,Jetta,Sedan,2014,12,Automatic,Hybrid,4,119114,4880
Hyundai,Sonata,Sedan,2020,6,Semi-Automatic,Petrol,1,49032,12540
Ford,Mustang Convertible,Convertible,2015,11,CVT,Diesel,1,169321,9000
Mercedes-Benz,E-Class,Sedan,2019,7,Automatic,Petrol,3,80528,24460
Kia,Rio,Hatchback,2022,4,Manual,Petrol,2,78664,9140
Ram,1500,Truck,2014,12,Automatic,Petrol,4,141240,9240
Chevrolet,Camaro Convertible,Convertible,2026,0,Automatic,Petrol,1,500,37440
Nissan,Leaf,Hatchback,2020,6,Automatic,Electric,3,127709,10460
BMW,4 Series,Coupe,2013,13,Automatic,Petrol,2,292811,5680
Porsche,911,Coupe,2018,8,Automatic,Petrol,2,51770,38890
Skoda,Octavia,Sedan,2012,14,Automatic,Petrol,2,181946,5120
Honda,Insight,Sedan,2024,2,Automatic,Hybrid,1,14057,19770
Toyota,Prius,Hatchback,2015,11,Automatic,Petrol,3,83949,7340
Kia,Rio,Hatchback,2023,3,Automatic,Petrol,2,57920,11360
Volkswagen,Golf,Hatchback,2019,7,Automatic,Petrol,2,98381,9680
Honda,Civic,Sedan,2023,3,Semi-Automatic,Diesel,2,20863,14670
Chevrolet,Equinox,SUV,2024,2,Automatic,Petrol,1,30251,20880
Kia,Sportage,SUV,2017,9,Automatic,Petrol,3,202505,6090
Nissan,Murano,SUV,2012,14,Manual,Hybrid,1,166379,6830
Ford,Mustang,Coupe,2024,2,Automatic,Petrol,1,32581,22860
Lexus,NX,SUV,2018,8,Automatic,Petrol,1,139285,14360
Nissan,Titan,Truck,2023,3,Automatic,Petrol,1,17105,24660
Toyota,Camry,Sedan,2017,9,Automatic,Petrol,4,69087,9700
Chrysler,Pacifica,Minivan,2022,4,Automatic,Hybrid,2,55435,21500
Land Rover,Range Rover Evoque,SUV,2022,4,Automatic,Petrol,2,90820,25900
Chevrolet,Silverado 1500,Truck,2023,3,Manual,Petrol,2,24559,23320
Volkswagen,Atlas,SUV,2020,6,Manual,Petrol,3,124126,13760
Toyota,Corolla,Sedan,2021,5,Automatic,Diesel,2,41827,12100
Ford,Mustang Convertible,Convertible,2020,6,CVT,Diesel,3,110540,15250
BMW,3 Series,Sedan,2026,0,Automatic,Petrol,1,500,40750
Toyota,Prius,Hatchback,2022,4,Automatic,Hybrid,1,66580,16820
Chevrolet,Traverse,SUV,2024,2,Automatic,Diesel,1,33588,25510
Mazda,MX-5 Miata,Convertible,2014,12,Automatic,Diesel,1,154588,7110
Mini,Cooper Convertible,Convertible,2025,1,Automatic,Hybrid,1,22608,25070
Toyota,Yaris,Sedan,2025,1,Automatic,Petrol,1,10228,12720
Ford,Mustang Convertible,Convertible,2017,9,Automatic,Petrol,2,102627,12220
Porsche,911,Coupe,2013,13,Automatic,Petrol,5,162111,21220
Mercedes-Benz,E-Class,Sedan,2022,4,CVT,Petrol,2,50517,31600
BMW,5 Series,Sedan,2022,4,Automatic,Petrol,1,44844,35630
Renault,Clio,Hatchback,2024,2,Automatic,Petrol,1,18151,13870
BMW,X5,SUV,2020,6,Semi-Automatic,Diesel,2,48979,30030
Honda,Ridgeline,Truck,2021,5,CVT,Petrol,1,41431,20430
Toyota,Yaris,Sedan,2011,15,Manual,Petrol,4,168053,2700
Honda,Insight,Sedan,2025,1,Automatic,Petrol,1,12886,21270
Nissan,Rogue,SUV,2017,9,CVT,Hybrid,1,127788,10240
Toyota,Tacoma,Truck,2021,5,Automatic,Petrol,2,134435,13210
Toyota,Prius,Hatchback,2020,6,Automatic,Petrol,3,68888,11970
Honda,Civic,Sedan,2015,11,Automatic,Petrol,3,188550,4880
Kia,Carnival,Minivan,2020,6,Automatic,Petrol,2,115496,14760
Mercedes-Benz,GLE,SUV,2025,1,Automatic,Petrol,1,19520,52320
Toyota,Prius,Hatchback,2018,8,Automatic,Petrol,1,104345,10770
Kia,Forte,Sedan,2018,8,Automatic,Diesel,2,66155,7280
Jeep,Grand Cherokee,SUV,2018,8,Manual,Hybrid,1,163814,13630
Toyota,GR86,Coupe,2021,5,Automatic,Petrol,1,58582,15810
Kia,Sorento,SUV,2024,2,CVT,Hybrid,1,14634,24980
Lexus,RX,SUV,2023,3,Manual,Diesel,2,44678,27410
Volkswagen,Jetta,Sedan,2023,3,Manual,Diesel,2,42407,12500
Toyota,Prius Prime,Hatchback,2020,6,Manual,Hybrid,2,114340,12380
Chevrolet,Spark,Hatchback,2021,5,Automatic,Petrol,1,70800,8730
Lexus,NX,SUV,2017,9,Automatic,Petrol,2,148707,13920
Kia,Sorento,SUV,2021,5,Manual,Petrol,2,91682,16100
Lexus,IS,Sedan,2015,11,CVT,Petrol,2,156942,10790
Mini,Cooper Convertible,Convertible,2018,8,CVT,Petrol,2,119489,10920
Hyundai,Elantra,Sedan,2019,7,Automatic,Petrol,2,81500,9620
Kia,EV6,SUV,2022,4,Automatic,Electric,2,74442,24790
Honda,Pilot,SUV,2017,9,Automatic,Hybrid,1,120065,15410
Nissan,Leaf,Hatchback,2020,6,Automatic,Electric,1,96030,12560
Honda,Accord,Sedan,2024,2,Automatic,Diesel,1,52081,18740
Honda,Fit,Hatchback,2020,6,Manual,Petrol,2,52893,8330
Tesla,Model X,SUV,2019,7,Automatic,Electric,1,99887,34770
Honda,Civic,Sedan,2022,4,Semi-Automatic,Petrol,2,43538,14060
Volkswagen,Tiguan,SUV,2021,5,Automatic,Hybrid,1,83117,15890
BMW,3 Series,Sedan,2017,9,Manual,Petrol,2,235912,12310
Toyota,Yaris,Sedan,2013,13,Automatic,Petrol,1,164318,3870
Ford,Escape,SUV,2022,4,CVT,Hybrid,1,49665,17040
Skoda,Octavia,Sedan,2023,3,Automatic,Petrol,1,35220,16070
Kia,K5,Sedan,2019,7,Automatic,Petrol,2,88913,10140
Chrysler,Pacifica,Minivan,2019,7,Automatic,Petrol,3,92821,14430
Toyota,Prius Prime,Hatchback,2021,5,Automatic,Hybrid,2,69348,15770
Toyota,Sienna,Minivan,2025,1,Automatic,Petrol,1,8179,31860
Subaru,Forester,SUV,2012,14,Automatic,Petrol,5,192249,4440
Kia,EV6,SUV,2020,6,Automatic,Electric,2,54245,19270
Toyota,Tacoma,Truck,2013,13,Manual,Diesel,1,226794,4700
Nissan,Murano,SUV,2024,2,CVT,Petrol,1,28099,26080
Mercedes-Benz,C-Class,Sedan,2024,2,Semi-Automatic,Petrol,1,43190,33720
Kia,Sorento,SUV,2018,8,Automatic,Diesel,1,91245,13100
Nissan,Versa,Hatchback,2021,5,Automatic,Petrol,2,91656,7770
Audi,A4,Sedan,2023,3,Automatic,Diesel,1,78529,26270
Ford,F-150,Truck,2025,1,CVT,Petrol,1,19239,28780
Tesla,Model Y,SUV,2017,9,Automatic,Electric,4,218077,11340
Volkswagen,Passat,Sedan,2023,3,Automatic,CNG,1,67858,16020
Honda,Ridgeline,Truck,2021,5,Manual,Petrol,1,73650,19670
Tesla,Model 3,Sedan,2018,8,Automatic,Electric,1,130987,13740
Toyota,Prius Prime,Hatchback,2018,8,Automatic,Petrol,1,126743,10510
Kia,Sportage,SUV,2025,1,Automatic,Petrol,1,18528,23750
Lexus,RX,SUV,2019,7,CVT,Petrol,1,67850,20150
Honda,Insight,Sedan,2024,2,Automatic,Hybrid,1,32172,17580
Ford,Mustang Convertible,Convertible,2024,2,CVT,Petrol,1,26646,28260
Volkswagen,ID.4,SUV,2018,8,Automatic,Electric,1,70147,14860
Kia,Sportage,SUV,2019,7,Automatic,Diesel,1,106266,11950
Toyota,RAV4,SUV,2017,9,Automatic,Hybrid,3,107559,10130
BMW,X3,SUV,2015,11,Automatic,Petrol,4,241546,8480
Ford,Mustang Convertible,Convertible,2023,3,Manual,Hybrid,1,23436,25530
Toyota,Tundra,Truck,2019,7,Automatic,Petrol,1,77062,18280
Honda,City,Sedan,2017,9,Automatic,Petrol,4,74254,5120
Chevrolet,Silverado 1500,Truck,2022,4,Automatic,Petrol,2,79752,19880
Jeep,Wrangler,SUV,2020,6,Automatic,Petrol,3,87270,14860
Mercedes-Benz,C-Class Coupe,Coupe,2022,4,Automatic,Petrol,2,72973,27880
Toyota,Highlander,SUV,2020,6,Automatic,Hybrid,2,116387,18850
Kia,EV6,SUV,2020,6,Automatic,Electric,1,48735,20860
Chevrolet,Traverse,SUV,2019,7,Manual,CNG,3,102813,13490
Lexus,IS,Sedan,2021,5,Automatic,Hybrid,1,78953,21590
Toyota,Prius,Hatchback,2018,8,Semi-Automatic,Petrol,3,68010,9880
Hyundai,Santa Fe,SUV,2018,8,Manual,Petrol,1,146842,10350
Chevrolet,Silverado 1500,Truck,2024,2,Manual,Petrol,1,14635,24000
Ford,Focus,Hatchback,2013,13,Manual,Petrol,5,308988,1200
Audi,A5,Coupe,2025,1,Automatic,Diesel,1,8305,38290
Mazda,MX-5 Miata,Convertible,2021,5,Automatic,Petrol,2,51734,15410
Ford,Fusion,Sedan,2025,1,CVT,Petrol,1,16595,18430
Toyota,Camry,Sedan,2025,1,CVT,Petrol,1,18131,23890
GMC,Acadia,SUV,2016,10,Automatic,Petrol,4,184369,8260
Hyundai,Santa Fe,SUV,2021,5,Automatic,Petrol,1,65276,17180
Hyundai,Santa Fe,SUV,2017,9,Manual,Diesel,2,161167,8780
Ford,Mustang,Coupe,2016,10,Manual,Petrol,4,113110,8810
Kia,K5,Sedan,2020,6,Manual,Petrol,2,70400,10460
Honda,Fit,Hatchback,2018,8,Manual,Petrol,3,174580,3420
Toyota,Tundra,Truck,2015,11,Automatic,Petrol,1,229933,7890
Mazda,CX-9,SUV,2017,9,Automatic,Petrol,4,131987,10340
Toyota,Prius Prime,Hatchback,2014,12,Automatic,Petrol,2,200843,6290
BMW,3 Series,Sedan,2025,1,Manual,Petrol,1,15080,32980
Volvo,XC60,SUV,2024,2,Manual,Petrol,1,28118,30060
Chevrolet,Spark,Hatchback,2022,4,Manual,Petrol,1,60865,8770
Hyundai,Ioniq 5,SUV,2017,9,Automatic,Electric,2,99030,13230
Ford,Explorer,SUV,2020,6,Automatic,Diesel,2,153461,15370
Tesla,Model S,Sedan,2021,5,Automatic,Electric,2,48573,37310
Lexus,RX,SUV,2016,10,Automatic,Hybrid,3,116257,15030
Hyundai,Sonata,Sedan,2025,1,CVT,Diesel,1,20100,19090
Hyundai,Elantra,Sedan,2021,5,Automatic,Petrol,1,78667,12010
Tesla,Model S,Sedan,2026,0,Automatic,Electric,1,500,65340
Lexus,RX,SUV,2021,5,CVT,Petrol,2,54379,24310
Kia,Carnival,Minivan,2024,2,Automatic,Petrol,1,47456,23880
Ford,Fusion,Sedan,2016,10,Automatic,Petrol,3,96336,7280
Hyundai,Ioniq 5,SUV,2015,11,Automatic,Electric,1,149955,12120
Peugeot,208,Hatchback,2017,9,Automatic,Petrol,1,121091,7100
Ford,Escape,SUV,2021,5,Automatic,Petrol,1,75681,14880
Renault,Clio,Hatchback,2023,3,CVT,Petrol,2,31940,12420
Tesla,Model X,SUV,2022,4,Automatic,Electric,2,46357,46920
Ford,Focus,Hatchback,2024,2,CVT,Petrol,1,41608,13510
Chevrolet,Malibu,Sedan,2022,4,Automatic,Petrol,2,46927,15420
Audi,Q5,SUV,2020,6,Manual,Petrol,3,46969,18820
Honda,Fit,Hatchback,2024,2,Automatic,Petrol,1,45530,11900
Hyundai,Ioniq 5,SUV,2022,4,Automatic,Electric,2,48022,24410
Honda,Accord,Sedan,2023,3,Automatic,Petrol,2,66617,17380
Ford,Escape,SUV,2013,13,CVT,Petrol,3,114754,6560
Mazda,Mazda3,Sedan,2024,2,Automatic,Petrol,1,21545,17840
Mini,Cooper,Hatchback,2022,4,Automatic,Petrol,1,79937,14040
Mercedes-Benz,C-Class Coupe,Coupe,2025,1,Automatic,Diesel,1,15128,37850
Mazda,Mazda3,Sedan,2018,8,Automatic,Petrol,3,182260,6750
Ford,Fusion,Sedan,2021,5,CVT,Diesel,1,119686,11440
Toyota,Tundra,Truck,2023,3,Automatic,Petrol,1,50533,24660
Nissan,Altima,Sedan,2020,6,Automatic,Petrol,3,98939,11720
Volkswagen,Tiguan,SUV,2023,3,Automatic,CNG,1,50175,16360
Tesla,Model S,Sedan,2022,4,Automatic,Electric,1,34377,41890
Kia,K5,Sedan,2016,10,Automatic,Petrol,3,184975,5170
Chevrolet,Silverado 1500,Truck,2017,9,Manual,Petrol,2,182919,10700
Tesla,Model S,Sedan,2022,4,Automatic,Electric,2,29025,41420
Ford,Focus,Hatchback,2020,6,Automatic,Petrol,3,81209,8760
Chevrolet,Equinox,SUV,2023,3,Automatic,Petrol,2,43541,16440
GMC,Acadia,SUV,2025,1,Semi-Automatic,Petrol,1,21895,29020
Nissan,Versa,Hatchback,2013,13,Automatic,Petrol,4,184094,3040
BMW,X3,SUV,2023,3,Manual,Petrol,1,31961,31790
Honda,CR-V,SUV,2016,10,Automatic,Petrol,2,152051,8430
Subaru,Forester,SUV,2023,3,Automatic,Petrol,1,53252,17000
Ford,Explorer,SUV,2024,2,Automatic,Petrol,1,28001,28760
Honda,Insight,Sedan,2024,2,Automatic,Petrol,1,17424,17230
Ford,F-150,Truck,2024,2,CVT,Petrol,1,16833,25780
Nissan,Murano,SUV,2023,3,Automatic,Petrol,1,31174,24130
Porsche,911,Coupe,2019,7,Automatic,Petrol,1,93012,45970
Toyota,Tacoma,Truck,2020,6,Automatic,Diesel,3,103342,13770
Honda,Insight,Sedan,2019,7,CVT,Hybrid,1,54105,10720
Jeep,Wrangler,SUV,2023,3,Automatic,Petrol,1,42506,22750
Honda,Pilot,SUV,2022,4,Manual,Diesel,2,44342,21690
Subaru,Outback,SUV,2011,15,Manual,CNG,1,344081,1200
Toyota,Prius Prime,Hatchback,2022,4,CVT,Hybrid,1,53041,18530
BMW,X5,SUV,2018,8,CVT,Diesel,2,108643,24210
Volvo,XC60,SUV,2011,15,Manual,Petrol,1,279397,4060
Ford,Focus,Hatchback,2024,2,CVT,Petrol,1,21519,14990
GMC,Sierra 1500,Truck,2023,3,Manual,Hybrid,1,43186,26470
Chevrolet,Traverse,SUV,2025,1,Automatic,Petrol,1,11082,29590
Chevrolet,Spark,Hatchback,2021,5,Automatic,Petrol,2,65917,7600
Honda,Insight,Sedan,2018,8,CVT,Petrol,3,115201,9170
Toyota,GR86,Coupe,2021,5,Automatic,Hybrid,1,71299,16290
Chrysler,Pacifica,Minivan,2024,2,Automatic,Petrol,1,19491,26920
Tesla,Model Y,SUV,2024,2,Automatic,Electric,1,22177,30510
Chevrolet,Equinox,SUV,2024,2,Automatic,Petrol,1,42975,20680
Nissan,Versa,Hatchback,2024,2,Automatic,Petrol,1,33514,12350
Volvo,XC90,SUV,2025,1,Automatic,Diesel,1,9662,46660
Nissan,Titan,Truck,2023,3,Manual,Hybrid,1,63853,23260
Toyota,Tacoma,Truck,2020,6,Manual,Diesel,1,84638,14400
Volkswagen,Golf,Hatchback,2021,5,Automatic,Petrol,2,90804,12240
Hyundai,Ioniq 5,SUV,2021,5,Automatic,Electric,1,71747,22330
Kia,Carnival,Minivan,2023,3,Automatic,Petrol,2,55091,21380
Ford,Mustang,Coupe,2018,8,Manual,Petrol,3,68024,11970
GMC,Sierra 1500,Truck,2016,10,CVT,Petrol,1,158716,10670
Toyota,Prius,Hatchback,2016,10,Manual,Hybrid,4,131732,7980
Ford,Fusion,Sedan,2026,0,Automatic,Petrol,1,500,21750
Skoda,Octavia,Sedan,2021,5,Automatic,Hybrid,1,48740,14200
Toyota,Camry,Sedan,2021,5,CVT,Diesel,1,97871,13030
Mercedes-Benz,C-Class Coupe,Coupe,2015,11,Automatic,Petrol,2,168006,13750
Land Rover,Range Rover Evoque,SUV,2015,11,Automatic,Petrol,1,154340,14600
Hyundai,Santa Fe,SUV,2023,3,Manual,Petrol,2,44433,19190
Jeep,Grand Cherokee,SUV,2025,1,Automatic,Petrol,1,15348,31690
Ford,Mustang,Coupe,2020,6,Automatic,Diesel,3,75384,14690
Hyundai,i20,Hatchback,2022,4,Automatic,Petrol,2,33296,8660
Hyundai,Sonata,Sedan,2026,0,CVT,Diesel,1,500,22970
Kia,EV6,SUV,2023,3,Automatic,Electric,1,43143,29270
Subaru,Legacy,Sedan,2025,1,CVT,Petrol,1,8574,20620
Nissan,Sentra,Sedan,2022,4,Automatic,Petrol,2,51374,11550
Honda,Civic,Sedan,2019,7,Automatic,Petrol,2,94798,9760
BMW,5 Series,Sedan,2024,2,Automatic,Petrol,1,44250,39220
Hyundai,Veloster,Coupe,2022,4,Automatic,Hybrid,1,42034,13350
Kia,Rio,Hatchback,2023,3,Automatic,Petrol,2,45022,10910
Nissan,Leaf,Hatchback,2023,3,Automatic,Electric,1,40814,18340
Volkswagen,Tiguan,SUV,2019,7,Semi-Automatic,Petrol,1,80038,12610
Nissan,Versa,Hatchback,2021,5,Automatic,Petrol,2,102763,7840
Tesla,Model 3,Sedan,2022,4,Automatic,Electric,1,42375,21980
Nissan,Versa,Hatchback,2019,7,Automatic,Petrol,1,91385,7590
Chevrolet,Equinox,SUV,2021,5,CVT,Diesel,2,46317,14560
Toyota,Sienna,Minivan,2025,1,Manual,Diesel,1,20226,28700
Toyota,GR86,Coupe,2018,8,Automatic,Diesel,2,217905,6470
Lexus,RX,SUV,2018,8,Automatic,Diesel,2,121720,18810
Hyundai,i20,Hatchback,2024,2,CVT,Petrol,1,37983,10490
Honda,Odyssey,Minivan,2024,2,Automatic,Petrol,1,48313,26870
Land Rover,Range Rover Evoque,SUV,2022,4,Automatic,CNG,1,62433,26260
Chevrolet,Bolt EV,Hatchback,2025,1,Automatic,Electric,1,11415,20620
Audi,A4,Sedan,2020,6,Automatic,Diesel,1,71123,18800
Mini,Cooper,Hatchback,2020,6,Automatic,Petrol,3,93902,11320
Subaru,Legacy,Sedan,2023,3,Automatic,Petrol,1,31788,17650
Chevrolet,Malibu,Sedan,2024,2,Automatic,Diesel,1,33763,16600
Mini,Cooper Convertible,Convertible,2019,7,Automatic,Petrol,3,167793,9660
Land Rover,Range Rover Evoque,SUV,2024,2,Manual,Hybrid,1,13695,38200
Honda,Civic,Sedan,2019,7,Automatic,Petrol,1,114207,9400
Lexus,IS,Sedan,2021,5,Automatic,Petrol,2,45067,21060
Chevrolet,Camaro,Coupe,2022,4,Automatic,CNG,2,68199,15580
Mercedes-Benz,C-Class,Sedan,2013,13,Automatic,Petrol,3,184366,9410
Mazda,MX-5 Miata,Convertible,2025,1,Automatic,Petrol,1,20600,22310
Chevrolet,Malibu,Sedan,2020,6,Manual,Petrol,2,62431,10910
Audi,A5,Coupe,2022,4,Automatic,Petrol,1,29801,28930
Ram,1500,Truck,2025,1,CVT,Petrol,1,8356,29440
Kia,Sorento,SUV,2023,3,CVT,Petrol,2,28449,21930
GMC,Terrain,SUV,2014,12,CVT,Petrol,1,101851,7550
Mercedes-Benz,GLE,SUV,2020,6,Manual,Petrol,3,99716,26440
Chevrolet,Traverse,SUV,2020,6,Manual,Petrol,1,81846,17400
Mazda,Mazda6,Sedan,2020,6,Automatic,CNG,1,141381,8860
Ford,Mustang Mach-E,SUV,2025,1,Automatic,Electric,1,12684,34640
Honda,Insight,Sedan,2021,5,Automatic,Petrol,1,66538,14160
Nissan,370Z,Coupe,2018,8,Manual,Petrol,1,140238,12700
BMW,X5,SUV,2018,8,Manual,Diesel,3,88700,20640
Mazda,Mazda3,Sedan,2025,1,CVT,Petrol,1,10061,17940
BMW,5 Series,Sedan,2019,7,Manual,Petrol,1,75660,21960
Mazda,Mazda6,Sedan,2019,7,Automatic,Petrol,3,61616,11060
BMW,4 Series,Coupe,2022,4,CVT,Petrol,2,44139,29070
Ford,Mustang,Coupe,2023,3,Automatic,Diesel,1,20062,22760
Toyota,Tacoma,Truck,2019,7,Automatic,Hybrid,2,51388,12680
GMC,Terrain,SUV,2015,11,Automatic,Petrol,4,154020,7260
Ford,Mustang Mach-E,SUV,2017,9,Automatic,Electric,2,90960,14380
Mazda,MX-5 Miata,Convertible,2022,4,Automatic,Petrol,1,98776,15540
Tesla,Model 3,Sedan,2018,8,Automatic,Electric,2,82940,15300
Mercedes-Benz,E-Class,Sedan,2016,10,CVT,Petrol,2,108812,17110
Toyota,GR86,Coupe,2022,4,Automatic,Diesel,1,59165,16680
Skoda,Octavia,Sedan,2022,4,CVT,Petrol,2,89694,13390
Toyota,Yaris Hatchback,Hatchback,2016,10,Automatic,Petrol,2,175175,4520
Chevrolet,Traverse,SUV,2020,6,Automatic,Petrol,2,71484,18210
Hyundai,i20,Hatchback,2022,4,Automatic,Hybrid,2,71579,9420
Hyundai,Tucson,SUV,2023,3,Automatic,Petrol,1,28010,20260
Audi,A4,Sedan,2021,5,Automatic,Petrol,1,51502,22190
Toyota,GR86,Coupe,2024,2,Automatic,Petrol,1,23924,23360
Honda,Civic,Sedan,2015,11,Automatic,Petrol,4,131723,5700
Tesla,Model X,SUV,2019,7,Automatic,Electric,3,65468,33870
Volkswagen,Golf,Hatchback,2015,11,Manual,Petrol,2,162594,5700
Honda,Odyssey,Minivan,2021,5,Automatic,Diesel,2,97576,16990
BMW,X3,SUV,2024,2,Semi-Automatic,Petrol,1,29361,37030
BMW,X3,SUV,2016,10,Automatic,Petrol,4,116993,14660
Mercedes-Benz,C-Class Coupe,Coupe,2020,6,CVT,Petrol,2,81757,22320
Suzuki,Swift,Hatchback,2016,10,Automatic,Petrol,3,190359,2790
Ram,1500,Truck,2018,8,Manual,Diesel,3,92954,12840
Nissan,Rogue,SUV,2021,5,Manual,Petrol,2,69617,13770
BMW,3 Series,Sedan,2024,2,CVT,Hybrid,1,15582,34790
Ford,Mustang,Coupe,2021,5,Automatic,Petrol,2,111695,15900
Nissan,Murano,SUV,2020,6,Automatic,Petrol,1,77234,17560
Nissan,Rogue,SUV,2017,9,Automatic,Hybrid,1,72354,10040
Toyota,Sienna,Minivan,2020,6,Manual,Hybrid,2,57300,16490
Kia,Rio,Hatchback,2019,7,Manual,Petrol,1,90828,7750
Tesla,Model Y,SUV,2024,2,Automatic,Electric,1,32447,30100
Tesla,Model 3,Sedan,2019,7,Automatic,Electric,3,100337,15800
Honda,Insight,Sedan,2019,7,Automatic,Hybrid,3,162269,8720
Volkswagen,ID.4,SUV,2011,15,Automatic,Electric,5,343634,1200
Honda,Fit,Hatchback,2022,4,Automatic,Petrol,2,36759,9590
Chevrolet,Spark,Hatchback,2014,12,Automatic,Petrol,5,168316,3270
Hyundai,Ioniq 5,SUV,2018,8,Automatic,Electric,2,119545,14840
Chevrolet,Equinox,SUV,2022,4,Automatic,Petrol,2,68528,14440
Audi,Q7,SUV,2022,4,Semi-Automatic,Petrol,1,61311,35700
Audi,Q7,SUV,2020,6,Automatic,Diesel,3,71438,24470
Tesla,Model Y,SUV,2020,6,Automatic,Electric,3,113331,19600
Mercedes-Benz,C-Class,Sedan,2022,4,Automatic,Petrol,2,53099,25120
Land Rover,Range Rover Evoque,SUV,2023,3,Automatic,Petrol,1,30731,31230
Nissan,Versa,Hatchback,2022,4,CVT,Petrol,2,97082,7180
Hyundai,Ioniq 5,SUV,2020,6,Automatic,Electric,3,113292,16770
Honda,Pilot,SUV,2019,7,Automatic,Hybrid,1,153307,16280
Jeep,Grand Cherokee,SUV,2022,4,CVT,Petrol,2,70221,21620
Mercedes-Benz,GLC,SUV,2022,4,Manual,Petrol,2,63069,24140
Mazda,CX-9,SUV,2025,1,Automatic,Petrol,1,11273,31770
Tesla,Model X,SUV,2025,1,Automatic,Electric,1,16974,66550
Jeep,Wrangler,SUV,2020,6,Automatic,Petrol,2,139237,15500
Mazda,CX-9,SUV,2018,8,Manual,Petrol,3,168806,12030
Ford,Explorer,SUV,2024,2,Semi-Automatic,Hybrid,1,26270,31580
BMW,Z4,Convertible,2022,4,Automatic,Petrol,2,41529,30410
Toyota,Tacoma,Truck,2017,9,Manual,Petrol,1,96591,10680
Volvo,XC90,SUV,2022,4,Automatic,Diesel,1,67596,31340
Nissan,Sentra,Sedan,2019,7,Manual,Petrol,2,138529,6000
Ford,Escape,SUV,2016,10,Manual,Petrol,3,113794,8480
Honda,Accord,Sedan,2022,4,CVT,Diesel,2,54440,16280
Volkswagen,Jetta,Sedan,2024,2,CVT,Petrol,1,23317,15850
Nissan,Leaf,Hatchback,2025,1,Automatic,Electric,1,11791,22100
Toyota,Sienna,Minivan,2019,7,Manual,Petrol,3,131352,12450
Hyundai,Santa Fe,SUV,2025,1,Automatic,Petrol,1,16760,26500
GMC,Acadia,SUV,2019,7,Manual,Petrol,3,79977,13290
Volkswagen,Golf,Hatchback,2024,2,Automatic,Petrol,1,50367,16750
Honda,Civic,Sedan,2026,0,Automatic,Petrol,1,500,23220
Volkswagen,Tiguan,SUV,2021,5,CVT,Petrol,1,76338,14940
Kia,Rio,Hatchback,2011,15,Automatic,Diesel,4,293630,1200
Subaru,Legacy,Sedan,2022,4,Automatic,Petrol,2,49220,13570
Audi,A4,Sedan,2014,12,Automatic,CNG,5,108794,8300
Chevrolet,Equinox,SUV,2024,2,Manual,Petrol,1,34107,19490
Mercedes-Benz,C-Class,Sedan,2026,0,Automatic,Petrol,1,500,44200
Ford,Mustang,Coupe,2022,4,Automatic,Petrol,1,70207,17900
Toyota,Yaris Hatchback,Hatchback,2012,14,Automatic,Petrol,1,244245,2310
Subaru,Legacy,Sedan,2016,10,Automatic,Petrol,3,184294,5850
Chevrolet,Equinox,SUV,2019,7,Manual,Hybrid,3,56028,11630
Volvo,XC60,SUV,2024,2,Manual,CNG,1,17687,31220
Honda,Civic,Sedan,2015,11,Automatic,Diesel,1,214007,4510
Volvo,XC90,SUV,2019,7,Automatic,Petrol,3,96612,22720
Toyota,Prius,Hatchback,2023,3,Automatic,Hybrid,1,66224,17130
Hyundai,Veloster,Coupe,2021,5,Automatic,Petrol,1,46661,11630
BMW,X5,SUV,2025,1,Automatic,Petrol,1,11631,50110
Kia,Rio,Hatchback,2016,10,Automatic,Petrol,3,168923,3930
Lexus,ES,Sedan,2018,8,Automatic,Petrol,2,174462,14140
Hyundai,Santa Fe,SUV,2020,6,Semi-Automatic,Diesel,1,148368,15000
GMC,Sierra 1500,Truck,2024,2,Automatic,CNG,1,30749,26120
Tesla,Model 3,Sedan,2024,2,Automatic,Electric,1,24257,29060
Toyota,Corolla,Sedan,2026,0,CVT,Petrol,1,500,21660
Tesla,Model S,Sedan,2017,9,Automatic,Electric,3,127985,24620
GMC,Terrain,SUV,2017,9,Automatic,Petrol,1,100704,11080
Mercedes-Benz,GLE,SUV,2024,2,Automatic,Petrol,1,31629,45730
Honda,Accord,Sedan,2018,8,Automatic,Diesel,2,170955,8470
Toyota,Prius,Hatchback,2021,5,CVT,Petrol,2,42387,14610
Lexus,IS,Sedan,2023,3,Automatic,Hybrid,1,44417,26770
Ford,Mustang,Coupe,2024,2,CVT,Petrol,1,31956,22940
Audi,A6,Sedan,2021,5,Automatic,Petrol,2,117981,27150
Tesla,Model 3,Sedan,2025,1,Automatic,Electric,1,21286,30020
GMC,Acadia,SUV,2016,10,Manual,Diesel,4,153132,8810
BMW,3 Series,Sedan,2021,5,Automatic,Diesel,2,85177,21470
Mazda,MX-5 Miata,Convertible,2023,3,Automatic,Petrol,1,30558,18230
Nissan,Leaf,Hatchback,2014,12,Automatic,Electric,4,176523,5350
Mini,Cooper Convertible,Convertible,2018,8,Automatic,CNG,1,83744,11950
Nissan,370Z,Coupe,2022,4,Manual,Petrol,1,41449,19390
Subaru,Legacy,Sedan,2017,9,Automatic,Petrol,2,64872,8910
Ford,F-150,Truck,2023,3,Automatic,Petrol,2,27745,25380
Subaru,Outback,SUV,2022,4,Automatic,Petrol,2,71584,17440
Mazda,CX-9,SUV,2019,7,Automatic,Petrol,3,92910,15420
Ford,Mustang Mach-E,SUV,2011,15,Automatic,Electric,1,135835,8320
Ford,Escape,SUV,2023,3,Automatic,Hybrid,2,31567,19390
Mercedes-Benz,GLC,SUV,2021,5,Manual,Diesel,2,51934,23210
Volkswagen,Atlas,SUV,2021,5,Automatic,Diesel,2,67398,18370
Jeep,Compass,SUV,2018,8,Automatic,Petrol,3,107713,10480
Volkswagen,Tiguan,SUV,2023,3,Automatic,Petrol,2,67065,17900
GMC,Terrain,SUV,2022,4,Automatic,Petrol,1,53829,19050
Honda,Civic,Sedan,2017,9,Manual,Petrol,4,110171,7220
Audi,A4,Sedan,2022,4,Automatic,Petrol,2,55526,23590
Hyundai,Tucson,SUV,2021,5,Automatic,Petrol,2,33526,15420
Nissan,Leaf,Hatchback,2011,15,Automatic,Electric,4,340709,1200
Nissan,Altima,Sedan,2015,11,Automatic,Diesel,3,116674,6350
Kia,Carnival,Minivan,2023,3,Manual,Petrol,2,35447,21120
Nissan,Rogue,SUV,2013,13,Automatic,Hybrid,4,224144,4310
Volkswagen,Golf,Hatchback,2018,8,CVT,Petrol,1,122639,8630
Land Rover,Range Rover Sport,SUV,2025,1,Automatic,Petrol,1,15392,67270
Nissan,Rogue,SUV,2011,15,Automatic,Petrol,5,130924,5250
Toyota,Yaris,Sedan,2020,6,Automatic,Petrol,3,108738,6310
Kia,Rio,Hatchback,2016,10,Automatic,Diesel,3,91090,4870
Hyundai,Ioniq 5,SUV,2024,2,Automatic,Electric,1,24462,28590
Honda,Ridgeline,Truck,2023,3,CVT,Petrol,1,46732,26740
Toyota,Tacoma,Truck,2025,1,Manual,Petrol,1,5507,22980
Volkswagen,Tiguan,SUV,2021,5,Automatic,Petrol,2,45797,14550
Nissan,Sentra,Sedan,2018,8,Manual,Petrol,1,125757,6660
Hyundai,i20,Hatchback,2016,10,Semi-Automatic,Petrol,3,161747,4010
BMW,4 Series,Coupe,2022,4,Manual,Petrol,1,38079,28560
Lexus,NX,SUV,2019,7,CVT,Hybrid,2,55700,17340
Audi,Q7,SUV,2017,9,Automatic,Diesel,3,73506,18750
Hyundai,Santa Fe,SUV,2020,6,Automatic,Petrol,2,105906,15180
Lexus,RX,SUV,2022,4,Semi-Automatic,Diesel,2,92256,25040
Volkswagen,Jetta,Sedan,2024,2,Automatic,Diesel,1,23205,15430
Volvo,XC90,SUV,2026,0,Automatic,Diesel,1,500,52780
Hyundai,i20,Hatchback,2015,11,Automatic,Petrol,3,301515,1200
Subaru,Forester,SUV,2023,3,Automatic,Diesel,1,42210,17270
Volkswagen,Atlas,SUV,2018,8,Automatic,Petrol,3,89263,13420
Honda,City,Sedan,2022,4,CVT,Diesel,1,42855,10200
Chevrolet,Silverado 1500,Truck,2023,3,Automatic,Petrol,2,47281,21790
Fiat,500,Hatchback,2021,5,Semi-Automatic,Petrol,2,80153,10070
Nissan,Versa,Hatchback,2017,9,Automatic,Diesel,1,156676,4190
Nissan,370Z,Coupe,2025,1,Manual,Petrol,1,19984,27590
Mercedes-Benz,GLC,SUV,2026,0,Automatic,Petrol,1,500,45270
Honda,Fit,Hatchback,2015,11,CVT,Petrol,4,149001,4550
Chevrolet,Traverse,SUV,2025,1,CVT,Petrol,1,14266,29770
Nissan,Murano,SUV,2025,1,Automatic,Petrol,1,14620,27640
Lexus,NX,SUV,2023,3,Automatic,Petrol,1,39063,27810
Nissan,Sentra,Sedan,2018,8,CVT,Petrol,2,97272,7820
Honda,Accord,Sedan,2022,4,Automatic,Petrol,1,34716,17940
Volkswagen,Atlas,SUV,2019,7,Automatic,Petrol,1,72219,15550
Volkswagen,Golf,Hatchback,2020,6,Manual,Petrol,1,42648,10840
Chevrolet,Camaro,Coupe,2021,5,Automatic,CNG,2,65584,16300
Kia,Sorento,SUV,2018,8,Automatic,Diesel,3,84860,11450
Toyota,Corolla,Sedan,2022,4,Automatic,Diesel,2,58740,13080
Hyundai,Santa Fe,SUV,2024,2,Automatic,Petrol,1,32353,22660
Nissan,Leaf,Hatchback,2025,1,Automatic,Electric,1,12050,22240
Mercedes-Benz,GLC,SUV,2021,5,Manual,Petrol,2,50040,25110
Mercedes-Benz,C-Class Coupe,Coupe,2015,11,Automatic,Petrol,2,160741,13960
Nissan,Altima,Sedan,2025,1,CVT,Petrol,1,12032,22170
Hyundai,Ioniq 5,SUV,2017,9,Automatic,Electric,4,91642,12320
Mazda,Mazda3,Sedan,2019,7,Automatic,Petrol,2,171952,5630
Toyota,Sienna,Minivan,2023,3,Automatic,Petrol,2,49816,24010
Volkswagen,Passat,Sedan,2020,6,Automatic,Petrol,1,88259,12990
Nissan,Titan,Truck,2014,12,Automatic,Petrol,5,252371,5810
Mazda,MX-5 Miata,Convertible,2018,8,Automatic,Petrol,1,88620,11240
Chevrolet,Equinox,SUV,2024,2,Automatic,Petrol,1,18790,19380
Ford,Mustang Convertible,Convertible,2015,11,Manual,Diesel,2,79900,9590
Ford,Explorer,SUV,2022,4,Automatic,Diesel,1,55869,21960
Nissan,Versa,Hatchback,2021,5,Automatic,Petrol,2,53909,8460
Chevrolet,Camaro Convertible,Convertible,2025,1,Manual,Hybrid,1,11461,32170
Lexus,RX,SUV,2024,2,Manual,Diesel,1,13407,34340
Honda,Ridgeline,Truck,2015,11,Manual,Diesel,1,159256,10370
Kia,Sorento,SUV,2019,7,Automatic,Petrol,2,61505,14850
GMC,Acadia,SUV,2023,3,Automatic,Hybrid,1,63956,25460
Volkswagen,Atlas,SUV,2020,6,Manual,Petrol,1,96026,15630
Nissan,Titan,Truck,2023,3,Automatic,Petrol,2,58075,21660
Mini,Cooper Convertible,Convertible,2019,7,CVT,Petrol,3,91522,12520
Kia,K5,Sedan,2013,13,Automatic,Petrol,5,174512,4540
BMW,5 Series,Sedan,2025,1,Automatic,Petrol,1,12410,48690
Nissan,Murano,SUV,2021,5,Automatic,Petrol,1,60889,18200
Mercedes-Benz,E-Class,Sedan,2021,5,Automatic,Petrol,1,60977,30960
Kia,Sportage,SUV,2019,7,Manual,Hybrid,2,90367,11100
Toyota,Tundra,Truck,2022,4,Automatic,Petrol,2,70409,23570
Ford,Escape,SUV,2022,4,Automatic,Diesel,2,57793,16780
Chevrolet,Equinox,SUV,2024,2,Automatic,Petrol,1,36997,21580
Mercedes-Benz,E-Class,Sedan,2019,7,Automatic,Hybrid,3,169502,22830
Lexus,RX,SUV,2025,1,CVT,Petrol,1,23087,40460
Suzuki,Swift,Hatchback,2023,3,Automatic,Diesel,1,54951,9380
Mercedes-Benz,E-Class,Sedan,2021,5,Semi-Automatic,Petrol,2,96165,29440
Volvo,XC90,SUV,2023,3,Automatic,Petrol,1,23581,40430
Mercedes-Benz,GLC,SUV,2022,4,Manual,Petrol,2,89459,23490
Toyota,Prius,Hatchback,2019,7,Automatic,Hybrid,3,124890,9690
Porsche,911,Coupe,2024,2,Automatic,Petrol,1,21480,76100
Kia,EV6,SUV,2014,12,Automatic,Electric,3,154165,10380
Volvo,XC60,SUV,2021,5,Automatic,Petrol,1,56480,25720
Volkswagen,Tiguan,SUV,2025,1,Automatic,Petrol,1,8246,23640
Subaru,Forester,SUV,2022,4,Manual,Petrol,2,34753,14570
Porsche,911,Coupe,2022,4,Automatic,Petrol,1,77035,64550
Volkswagen,Golf,Hatchback,2020,6,Manual,Diesel,2,53849,10330
Ram,1500,Truck,2016,10,Manual,Petrol,1,110830,11760
Lexus,IS,Sedan,2015,11,Automatic,Petrol,4,184506,9710
Toyota,Prius,Hatchback,2024,2,CVT,Hybrid,1,26099,19860
Kia,Sportage,SUV,2026,0,Automatic,Petrol,1,500,28110
Nissan,Sentra,Sedan,2013,13,Automatic,Petrol,5,186757,3450
Subaru,Forester,SUV,2018,8,Automatic,Petrol,2,199815,6400
Mercedes-Benz,GLC,SUV,2020,6,Manual,Petrol,1,92392,19940
Volvo,XC60,SUV,2020,6,Automatic,Diesel,1,91448,19850
Honda,Insight,Sedan,2020,6,Automatic,CNG,1,67859,11510
Mercedes-Benz,GLE,SUV,2024,2,Automatic,Hybrid,1,32258,49220
Toyota,Prius,Hatchback,2019,7,Automatic,Petrol,3,63578,10390
Ford,Fusion,Sedan,2024,2,Automatic,Petrol,1,52671,17420
Nissan,Altima,Sedan,2022,4,Semi-Automatic,Petrol,2,26294,15640
BMW,X5,SUV,2025,1,CVT,Diesel,1,14740,52040
Toyota,Tundra,Truck,2023,3,Automatic,Petrol,2,47296,25160
Nissan,Rogue,SUV,2022,4,CVT,Petrol,2,54174,16540
Nissan,370Z,Coupe,2022,4,Automatic,Diesel,1,32059,19730
Tesla,Model 3,Sedan,2023,3,Automatic,Electric,2,39597,25520
Volkswagen,Tiguan,SUV,2017,9,Automatic,Petrol,3,235724,6200
Suzuki,Swift,Hatchback,2022,4,Automatic,Petrol,1,51995,9930
Tesla,Model S,Sedan,2025,1,Automatic,Electric,1,8792,60890
Jeep,Grand Cherokee,SUV,2024,2,CVT,Petrol,1,21009,27830
Ford,Explorer,SUV,2025,1,Manual,Petrol,1,13456,29270
Volkswagen,ID.4,SUV,2026,0,Automatic,Electric,1,500,39200
Kia,Carnival,Minivan,2015,11,Automatic,Petrol,2,236507,5230
Volkswagen,Tiguan,SUV,2016,10,Automatic,Petrol,4,125271,7780
Kia,Sportage,SUV,2022,4,Automatic,Petrol,1,40566,16220
BMW,5 Series,Sedan,2024,2,Automatic,Diesel,1,12509,42890
Hyundai,Santa Fe,SUV,2020,6,CVT,Petrol,3,35301,15030
Audi,A6,Sedan,2023,3,CVT,Petrol,2,31450,36190
Lexus,RX,SUV,2023,3,CVT,Petrol,2,64431,27590
Honda,Civic,Sedan,2014,12,Automatic,Petrol,5,113601,5310
Tesla,Model S,Sedan,2019,7,Automatic,Electric,2,88978,27600
BMW,X3,SUV,2018,8,Automatic,Petrol,1,83988,19060
Ford,F-150,Truck,2020,6,Manual,Diesel,2,109481,14970
Ford,Explorer,SUV,2023,3,Automatic,Petrol,1,39803,26400
Honda,Odyssey,Minivan,2026,0,Automatic,Diesel,1,500,31840
Nissan,Rogue,SUV,2019,7,Automatic,Hybrid,3,161233,10190
Honda,Accord,Sedan,2023,3,Automatic,Petrol,1,47372,20200
Lexus,IS,Sedan,2023,3,Automatic,Petrol,1,42651,26390
Honda,City,Sedan,2026,0,Automatic,Petrol,1,500,17080
Volkswagen,Atlas,SUV,2020,6,Semi-Automatic,Petrol,1,133107,16500
Subaru,Legacy,Sedan,2023,3,Automatic,Petrol,1,55319,15260
Tesla,Model 3,Sedan,2019,7,Automatic,Electric,2,65082,15520
BMW,Z4,Convertible,2022,4,Automatic,Diesel,2,78206,27150
Suzuki,Swift,Hatchback,2025,1,Manual,Petrol,1,16883,11370
Volkswagen,Passat,Sedan,2026,0,Automatic,Petrol,1,500,25120
Chevrolet,Traverse,SUV,2013,13,Automatic,Petrol,5,142867,7110
Renault,Clio,Hatchback,2024,2,Semi-Automatic,Diesel,1,27428,14300
Audi,A6,Sedan,2023,3,Automatic,Petrol,1,29435,36580
Nissan,Sentra,Sedan,2020,6,Automatic,Hybrid,3,77740,9140
Skoda,Octavia,Sedan,2025,1,CVT,Diesel,1,9981,19090
Tesla,Model S,Sedan,2013,13,Automatic,Electric,4,169712,15560
Toyota,Corolla,Sedan,2017,9,Automatic,Diesel,3,84552,7830
Mini,Cooper,Hatchback,2014,12,Automatic,Petrol,3,104146,6460
Mazda,Mazda6,Sedan,2024,2,CVT,Hybrid,1,26158,18870
Kia,EV6,SUV,2025,1,Automatic,Electric,1,15732,32620
Toyota,RAV4,SUV,2021,5,Manual,Hybrid,2,37836,15540
Ford,F-150,Truck,2021,5,Automatic,Petrol,1,56298,20260
Chevrolet,Camaro,Coupe,2012,14,Automatic,Petrol,2,171283,6120
GMC,Acadia,SUV,2019,7,Manual,Diesel,2,84963,13580
Honda,Ridgeline,Truck,2024,2,Automatic,Petrol,1,38867,29020
Mercedes-Benz,E-Class,Sedan,2021,5,Semi-Automatic,Hybrid,1,97574,33360
Ford,Escape,SUV,2022,4,Manual,Diesel,2,40061,15450
Honda,Accord,Sedan,2024,2,Automatic,Petrol,1,40021,21940
Suzuki,Swift,Hatchback,2024,2,Automatic,Hybrid,1,32404,11860
Volvo,XC90,SUV,2017,9,Manual,Diesel,4,96996,17910
Ford,Focus,Hatchback,2020,6,Automatic,Petrol,2,137395,7220
Hyundai,i20,Hatchback,2019,7,Automatic,Diesel,1,146144,4420
BMW,X3,SUV,2020,6,Automatic,Hybrid,2,100690,23530
Audi,A6,Sedan,2023,3,Automatic,Petrol,2,61390,36360
Porsche,911,Coupe,2020,6,Automatic,Petrol,3,83848,48680
Ford,Mustang,Coupe,2025,1,Automatic,Petrol,1,11736,27000
Nissan,370Z,Coupe,2024,2,Automatic,Petrol,1,22863,24680
Nissan,Titan,Truck,2015,11,Manual,Petrol,2,295351,3500
Nissan,Murano,SUV,2013,13,CVT,Petrol,5,261779,4690
Ford,Mustang,Coupe,2018,8,CVT,CNG,3,190078,7230
Mazda,MX-5 Miata,Convertible,2016,10,Automatic,Petrol,2,171863,7460
Hyundai,Ioniq 5,SUV,2024,2,Automatic,Electric,1,23420,32230
Toyota,Camry,Sedan,2016,10,Automatic,Hybrid,3,179479,6270
Kia,Sportage,SUV,2023,3,Manual,CNG,2,55671,15170
BMW,X3,SUV,2017,9,Automatic,Petrol,3,172416,13620
Mercedes-Benz,GLC,SUV,2022,4,Manual,CNG,1,67973,24170
Volvo,XC60,SUV,2020,6,Automatic,Diesel,2,145545,18430
Porsche,911,Coupe,2021,5,Manual,CNG,1,118082,50270
Toyota,GR86,Coupe,2022,4,Automatic,Hybrid,1,73801,18660
Hyundai,Tucson,SUV,2020,6,Automatic,Petrol,2,82311,12930
Tesla,Model S,Sedan,2022,4,Automatic,Electric,1,55938,41150
Kia,K5,Sedan,2020,6,Manual,Hybrid,2,75120,12000
Hyundai,Elantra,Sedan,2022,4,Automatic,Petrol,1,79085,11740
BMW,X5,SUV,2021,5,Automatic,Petrol,2,58467,33240
Land Rover,Range Rover Evoque,SUV,2024,2,Automatic,Petrol,1,18570,36290
Toyota,Corolla,Sedan,2026,0,Automatic,Petrol,1,500,21830
Tesla,Model X,SUV,2025,1,Automatic,Electric,1,12620,66520
Toyota,Corolla,Sedan,2020,6,Semi-Automatic,Diesel,1,111696,9730
Mazda,CX-5,SUV,2024,2,Automatic,Petrol,1,19123,22460
Toyota,Highlander,SUV,2020,6,CVT,Petrol,1,122149,15530
Land Rover,Range Rover Evoque,SUV,2026,0,Automatic,Petrol,1,500,48800
Toyota,Tacoma,Truck,2022,4,CVT,Diesel,1,51146,18390
Hyundai,Sonata,Sedan,2019,7,Automatic,Petrol,2,163330,8190
Chevrolet,Equinox,SUV,2019,7,Automatic,Petrol,3,118287,10900
Toyota,Prius,Hatchback,2026,0,Automatic,Hybrid,1,500,28260
Mazda,MX-5 Miata,Convertible,2023,3,Automatic,Petrol,2,38865,19310
Tesla,Model 3,Sedan,2023,3,Automatic,Electric,2,23863,26850
Nissan,Rogue,SUV,2019,7,Automatic,Hybrid,1,66376,13950
BMW,3 Series,Sedan,2024,2,Automatic,Petrol,1,30228,32640
Audi,Q5,SUV,2019,7,Semi-Automatic,Petrol,3,94613,20740
Honda,Insight,Sedan,2021,5,Manual,Petrol,2,94641,11020
Volkswagen,Tiguan,SUV,2023,3,Automatic,Petrol,1,36437,18620
Chrysler,Pacifica,Minivan,2020,6,Manual,CNG,3,66336,14520
Tesla,Model S,Sedan,2023,3,Automatic,Electric,1,37671,48530
Mazda,CX-5,SUV,2023,3,Semi-Automatic,Petrol,2,72437,18910
Land Rover,Range Rover Sport,SUV,2011,15,CVT,Petrol,5,163349,13580
Honda,Odyssey,Minivan,2020,6,Automatic,Hybrid,1,120306,15410
Fiat,500,Hatchback,2020,6,Automatic,Petrol,2,80294,8880
Tesla,Model X,SUV,2022,4,Automatic,Electric,2,57749,50060
Toyota,Highlander,SUV,2026,0,CVT,Hybrid,1,500,39790
Mercedes-Benz,GLE,SUV,2022,4,Automatic,Petrol,2,49645,33030
Toyota,Camry,Sedan,2021,5,Semi-Automatic,Petrol,2,67363,14580
Kia,Sportage,SUV,2022,4,Automatic,Petrol,2,97002,15090
Lexus,RX,SUV,2020,6,Automatic,Petrol,3,76619,23100
Audi,A5,Coupe,2012,14,Automatic,Diesel,1,221930,7730
Audi,A4,Sedan,2017,9,Automatic,Diesel,4,152475,11560
Audi,Q7,SUV,2022,4,Manual,Petrol,1,67325,32700
Tesla,Model 3,Sedan,2017,9,Automatic,Electric,2,100034,14000
Audi,Q5,SUV,2013,13,Automatic,CNG,2,175943,9900
Ford,Mustang Convertible,Convertible,2012,14,Automatic,Diesel,5,351743,1410
Chevrolet,Camaro Convertible,Convertible,2023,3,Automatic,Petrol,2,52722,25520
Ford,Fusion,Sedan,2020,6,CVT,Diesel,2,70261,10820
Mazda,CX-5,SUV,2021,5,Manual,Petrol,1,35193,14040
Chevrolet,Bolt EV,Hatchback,2013,13,Automatic,Electric,4,129529,5400
Lexus,ES,Sedan,2021,5,Automatic,Petrol,1,65770,23440
Chevrolet,Spark,Hatchback,2019,7,Automatic,Petrol,3,125976,5450
GMC,Acadia,SUV,2012,14,CVT,Petrol,1,252433,4640
Mini,Cooper,Hatchback,2020,6,Automatic,Petrol,1,85057,13400
Mazda,MX-5 Miata,Convertible,2024,2,Automatic,Petrol,1,31219,20580
Volkswagen,ID.4,SUV,2014,12,Automatic,Electric,1,185093,8940
Tesla,Model X,SUV,2025,1,Automatic,Electric,1,10885,72540
Suzuki,Swift,Hatchback,2018,8,Automatic,Diesel,1,142178,4810
BMW,X3,SUV,2018,8,CVT,Petrol,2,75175,17850
Ram,1500,Truck,2021,5,Automatic,Petrol,1,49269,20140
Honda,Accord,Sedan,2019,7,Automatic,CNG,2,67061,11910
Kia,Sportage,SUV,2016,10,Manual,Petrol,4,132356,7880
Honda,Odyssey,Minivan,2020,6,Manual,Petrol,3,66710,15280
Volvo,XC60,SUV,2022,4,Automatic,Petrol,2,28476,24750
Volvo,XC60,SUV,2019,7,Automatic,Petrol,3,88754,18830
Audi,Q7,SUV,2023,3,Automatic,Petrol,1,24848,40410
Jeep,Wrangler,SUV,2025,1,Automatic,Petrol,1,15404,28310
BMW,5 Series,Sedan,2022,4,Manual,CNG,1,52098,31640
Honda,Fit,Hatchback,2014,12,Automatic,Petrol,5,157236,4360
Ford,Explorer,SUV,2025,1,CVT,Petrol,1,18277,28830
Ford,F-150,Truck,2019,7,Automatic,Petrol,2,122972,13640
Honda,Accord,Sedan,2020,6,Automatic,Petrol,3,50328,13560
Skoda,Octavia,Sedan,2022,4,Automatic,Petrol,2,48871,13590
Mercedes-Benz,GLE,SUV,2024,2,Manual,CNG,1,29529,41340
Ram,1500,Truck,2024,2,Manual,Petrol,1,14343,27450
Tesla,Model 3,Sedan,2021,5,Automatic,Electric,2,107128,19030
Subaru,Outback,SUV,2018,8,CVT,Petrol,3,170190,9170
BMW,3 Series,Sedan,2018,8,Automatic,Petrol,3,190259,14460
Toyota,GR86,Coupe,2014,12,Semi-Automatic,Petrol,5,229845,4840
BMW,3 Series,Sedan,2013,13,Automatic,Diesel,5,271959,6870
Kia,K5,Sedan,2018,8,CVT,Petrol,3,79133,9170
Honda,Fit,Hatchback,2019,7,Automatic,Petrol,1,61017,7260
Chevrolet,Malibu,Sedan,2021,5,Manual,Petrol,1,107861,11510
BMW,X5,SUV,2014,12,Semi-Automatic,Petrol,3,150993,15100
Mazda,Mazda6,Sedan,2020,6,Automatic,Petrol,1,62458,13220
Honda,City,Sedan,2025,1,Manual,Petrol,1,17301,14130
Honda,Accord,Sedan,2017,9,CVT,Petrol,2,126463,9360
Audi,Q7,SUV,2018,8,Automatic,Petrol,3,189615,18070
Ford,Escape,SUV,2022,4,Automatic,Petrol,2,78096,15700
Land Rover,Range Rover Sport,SUV,2023,3,Automatic,Petrol,2,25890,52620
Mercedes-Benz,C-Class Coupe,Coupe,2023,3,Manual,CNG,2,32972,29540
Honda,Civic,Sedan,2017,9,Automatic,Hybrid,3,76108,8780
Kia,Rio,Hatchback,2025,1,Automatic,Petrol,1,14067,15060
Lexus,IS,Sedan,2025,1,Manual,Petrol,1,13026,33460
Suzuki,Swift,Hatchback,2023,3,Automatic,Petrol,2,77146,8980
Toyota,Prius Prime,Hatchback,2022,4,Automatic,Petrol,1,54390,16840
Mazda,CX-5,SUV,2020,6,CVT,Petrol,2,145913,11170
Mercedes-Benz,GLC,SUV,2025,1,CVT,Petrol,1,9063,37010
Toyota,Corolla,Sedan,2024,2,Automatic,Hybrid,1,50184,16370
Toyota,Highlander,SUV,2020,6,CVT,Petrol,2,63135,18340
Suzuki,Swift,Hatchback,2023,3,CVT,Petrol,2,33147,9750
Peugeot,208,Hatchback,2024,2,Automatic,Petrol,1,38305,14850
Volvo,XC60,SUV,2014,12,CVT,Petrol,1,121250,10750
Subaru,Outback,SUV,2014,12,Automatic,Petrol,2,180107,6160
Honda,CR-V,SUV,2019,7,Automatic,Hybrid,3,96636,11730
Toyota,Prius Prime,Hatchback,2021,5,Semi-Automatic,Diesel,1,97591,15320
Mazda,Mazda3,Sedan,2023,3,Automatic,Petrol,2,19816,13550
Toyota,Highlander,SUV,2024,2,Semi-Automatic,Diesel,1,29018,29430
Mercedes-Benz,GLC,SUV,2022,4,Manual,Diesel,2,60883,24260
Chevrolet,Spark,Hatchback,2025,1,Manual,Petrol,1,13432,12510
Nissan,Sentra,Sedan,2025,1,Automatic,Petrol,1,17053,15880
BMW,X3,SUV,2025,1,Automatic,Diesel,1,24043,38720
Volvo,XC90,SUV,2021,5,Automatic,Petrol,1,81909,29740
Ford,Focus,Hatchback,2021,5,Manual,Petrol,2,96607,10000
Tesla,Model X,SUV,2023,3,Automatic,Electric,1,43006,53760
Ford,Mustang,Coupe,2024,2,Automatic,Diesel,1,19477,22430
BMW,5 Series,Sedan,2023,3,Automatic,Diesel,1,51756,36010
Nissan,370Z,Coupe,2025,1,Automatic,Hybrid,1,19709,29300
Lexus,IS,Sedan,2018,8,Automatic,Petrol,1,75168,16430
Kia,Rio,Hatchback,2025,1,Automatic,Diesel,1,7923,14380
Lexus,NX,SUV,2021,5,Manual,Petrol,2,40690,20270
Nissan,Titan,Truck,2020,6,Manual,CNG,3,68512,13660
Toyota,Tacoma,Truck,2019,7,CVT,Diesel,2,116170,11780
Audi,Q5,SUV,2017,9,Manual,Hybrid,4,173012,14000
Toyota,Yaris Hatchback,Hatchback,2025,1,CVT,Petrol,1,9466,13330
Toyota,Highlander,SUV,2022,4,Semi-Automatic,Petrol,2,74351,22530
Porsche,911,Coupe,2014,12,Automatic,Diesel,3,93666,26400
Tesla,Model S,Sedan,2021,5,Automatic,Electric,1,113621,34760
Toyota,Camry,Sedan,2020,6,Automatic,Petrol,1,85220,14250
Chevrolet,Spark,Hatchback,2023,3,CVT,Hybrid,1,42254,9920
Suzuki,Swift,Hatchback,2016,10,Automatic,Petrol,1,217493,2080
Volkswagen,Golf,Hatchback,2023,3,CVT,Petrol,2,50541,15480
Volkswagen,Jetta,Sedan,2020,6,Automatic,Diesel,3,61138,9280
Suzuki,Swift,Hatchback,2024,2,Automatic,Petrol,1,29620,11910
Honda,Accord,Sedan,2026,0,Automatic,Petrol,1,500,29760
Nissan,Murano,SUV,2020,6,Automatic,Petrol,1,91717,16960
Mercedes-Benz,GLE,SUV,2016,10,Automatic,Petrol,3,193792,17190
Mazda,Mazda3,Sedan,2019,7,Automatic,Petrol,2,46845,10080
Toyota,Prius,Hatchback,2022,4,Semi-Automatic,Hybrid,1,54953,15940
Honda,Ridgeline,Truck,2018,8,Automatic,Diesel,2,48039,15090
Mercedes-Benz,C-Class Coupe,Coupe,2024,2,CVT,CNG,1,39615,34630
Fiat,500,Hatchback,2023,3,Automatic,CNG,1,36917,10860
Nissan,Leaf,Hatchback,2019,7,Automatic,Electric,1,139496,11000
Toyota,Camry,Sedan,2020,6,Automatic,Petrol,3,132760,9580
Chevrolet,Spark,Hatchback,2020,6,CVT,Hybrid,1,110586,6840
Lexus,NX,SUV,2021,5,Manual,Petrol,1,56878,21650
Chevrolet,Bolt EV,Hatchback,2025,1,Automatic,Electric,1,16099,21070
Hyundai,Elantra,Sedan,2014,12,Automatic,Petrol,1,317692,1200
BMW,3 Series,Sedan,2019,7,Automatic,Diesel,2,152430,17310
Ram,1500,Truck,2022,4,Automatic,Petrol,2,48812,22190
Ford,Escape,SUV,2024,2,Manual,CNG,1,24478,17850
Ford,Mustang Convertible,Convertible,2025,1,CVT,Petrol,1,17574,29630
Honda,Accord,Sedan,2012,14,Automatic,Petrol,4,180925,5140
Ram,1500,Truck,2021,5,CVT,Petrol,1,47960,21540
Tesla,Model X,SUV,2024,2,Automatic,Electric,1,48802,57920
Toyota,GR86,Coupe,2023,3,Manual,Petrol,2,25338,18820
Mercedes-Benz,GLC,SUV,2025,1,Automatic,Petrol,1,21294,39120
Mercedes-Benz,GLC,SUV,2022,4,Manual,Petrol,2,56489,25990
Kia,Forte,Sedan,2025,1,Automatic,Petrol,1,15029,16080
Chevrolet,Malibu,Sedan,2025,1,Automatic,Petrol,1,15614,19740
Honda,City,Sedan,2022,4,Manual,Petrol,2,65293,9730
Honda,Insight,Sedan,2024,2,Automatic,Petrol,1,23329,17740
Hyundai,Elantra,Sedan,2022,4,CVT,Petrol,2,49434,12700
Chevrolet,Camaro Convertible,Convertible,2012,14,Automatic,Petrol,3,337946,2090
Nissan,370Z,Coupe,2024,2,CVT,Petrol,1,25581,24020
BMW,Z4,Convertible,2025,1,Automatic,Petrol,1,19832,41910
Suzuki,Swift,Hatchback,2021,5,Automatic,Hybrid,1,83974,8490
Chevrolet,Spark,Hatchback,2015,11,Semi-Automatic,Petrol,4,113757,4050
Honda,CR-V,SUV,2016,10,Semi-Automatic,Hybrid,4,169123,7790
Audi,Q7,SUV,2019,7,Automatic,Petrol,1,75357,27150
Honda,Pilot,SUV,2016,10,Automatic,Petrol,3,104973,13090
Ford,Explorer,SUV,2022,4,CVT,Petrol,1,70749,22520
Tesla,Model Y,SUV,2024,2,Automatic,Electric,1,39950,31130
Subaru,Forester,SUV,2017,9,Manual,Petrol,3,160251,6900
Porsche,911,Coupe,2022,4,Semi-Automatic,Hybrid,1,50181,72010
Ford,Escape,SUV,2023,3,CVT,Diesel,1,33974,19140
Jeep,Compass,SUV,2015,11,Manual,Diesel,4,125304,6700
Subaru,Legacy,Sedan,2022,4,Automatic,Petrol,2,51280,13550
Ford,Mustang Mach-E,SUV,2022,4,Automatic,Electric,1,38003,25670
Peugeot,208,Hatchback,2019,7,Automatic,Petrol,1,150967,6670
Volkswagen,Atlas,SUV,2023,3,Automatic,Diesel,1,42053,23820
Chevrolet,Camaro Convertible,Convertible,2023,3,Automatic,Diesel,2,24329,25950
Hyundai,Tucson,SUV,2015,11,Manual,Diesel,1,159938,6850
Honda,Odyssey,Minivan,2013,13,Automatic,Diesel,3,316298,3080
Chevrolet,Bolt EV,Hatchback,2016,10,Automatic,Electric,2,131657,7290
Mazda,Mazda3,Sedan,2024,2,Semi-Automatic,Hybrid,1,20854,17480
Ford,Focus,Hatchback,2015,11,Automatic,CNG,1,280000,1200
Honda,Odyssey,Minivan,2019,7,Automatic,Petrol,2,55517,15260
Mazda,MX-5 Miata,Convertible,2024,2,Automatic,CNG,1,13499,20360
Ford,Fusion,Sedan,2015,11,Automatic,Diesel,3,172161,5140
Volkswagen,Passat,Sedan,2019,7,Automatic,Petrol,1,80355,11420
Volkswagen,ID.4,SUV,2015,11,Automatic,Electric,4,105779,10270
Honda,Accord,Sedan,2020,6,Automatic,Petrol,3,56407,12790
Tesla,Model Y,SUV,2012,14,Automatic,Electric,1,179454,9370
Hyundai,Sonata,Sedan,2024,2,Automatic,Hybrid,1,28732,18480
Audi,Q7,SUV,2016,10,Automatic,Diesel,4,130905,14840
Chevrolet,Spark,Hatchback,2022,4,Automatic,Diesel,2,59985,7880
Skoda,Octavia,Sedan,2024,2,Automatic,Petrol,1,24867,17820
BMW,X5,SUV,2015,11,Automatic,Diesel,3,197785,14970
BMW,4 Series,Coupe,2019,7,Automatic,Diesel,2,157676,17870
Subaru,Forester,SUV,2020,6,Automatic,Petrol,1,96960,13640
Kia,Rio,Hatchback,2015,11,Automatic,Diesel,1,166717,3540
Chevrolet,Malibu,Sedan,2024,2,Manual,Petrol,1,40441,16850
Tesla,Model S,Sedan,2018,8,Automatic,Electric,2,103639,26870
Volkswagen,Jetta,Sedan,2020,6,CVT,Petrol,2,46385,10660
Kia,EV6,SUV,2022,4,Automatic,Electric,1,64628,25510
Volkswagen,ID.4,SUV,2025,1,Automatic,Electric,1,14494,31010
Ford,F-150,Truck,2022,4,Manual,Petrol,1,59524,20840
Mini,Cooper Convertible,Convertible,2012,14,Automatic,Diesel,4,122152,5490
Ford,Explorer,SUV,2021,5,Automatic,Petrol,1,99908,18790
Jeep,Grand Cherokee,SUV,2016,10,Manual,Petrol,2,214386,10170
Hyundai,Sonata,Sedan,2020,6,Semi-Automatic,Petrol,1,85634,13170
Kia,Carnival,Minivan,2022,4,Automatic,Petrol,2,70761,18380
GMC,Sierra 1500,Truck,2023,3,Automatic,Petrol,1,55276,23660
Toyota,Yaris Hatchback,Hatchback,2024,2,Automatic,Diesel,1,21157,12510
Nissan,Sentra,Sedan,2012,14,Automatic,Petrol,2,136901,3850
BMW,5 Series,Sedan,2018,8,Manual,Petrol,3,51622,20550
Honda,Insight,Sedan,2022,4,Automatic,Hybrid,1,40639,14920
Ford,Explorer,SUV,2021,5,Automatic,Petrol,1,117676,19140
Mazda,CX-9,SUV,2021,5,Manual,Petrol,1,29808,18380
BMW,X3,SUV,2023,3,Manual,Hybrid,2,44838,30250
Chevrolet,Bolt EV,Hatchback,2019,7,Automatic,Electric,1,111850,9740
Land Rover,Range Rover Sport,SUV,2021,5,Manual,Petrol,2,58693,42180
Nissan,Sentra,Sedan,2018,8,Automatic,Petrol,3,104708,7010
Chevrolet,Malibu,Sedan,2017,9,CVT,Petrol,1,153446,7500
Ford,Focus,Hatchback,2020,6,Manual,Petrol,2,100523,7720
Honda,Civic,Sedan,2024,2,Manual,Hybrid,1,24527,16980
Hyundai,Veloster,Coupe,2020,6,Automatic,Diesel,2,109633,9170
Toyota,Corolla,Sedan,2015,11,Automatic,Hybrid,4,121270,6770
Chevrolet,Equinox,SUV,2018,8,Automatic,Petrol,2,160773,8850
Nissan,370Z,Coupe,2024,2,Automatic,Petrol,1,19592,26180
Land Rover,Range Rover Sport,SUV,2024,2,Automatic,Petrol,1,23571,58740
Mercedes-Benz,GLC,SUV,2023,3,Manual,Petrol,2,39273,30080
Kia,Forte,Sedan,2015,11,Manual,Petrol,4,262460,1200
Jeep,Grand Cherokee,SUV,2022,4,CVT,Petrol,1,68617,24290
Honda,CR-V,SUV,2021,5,Manual,Diesel,2,49949,14210
Volkswagen,ID.4,SUV,2017,9,Automatic,Electric,1,73530,13910
Mini,Cooper,Hatchback,2022,4,Automatic,Petrol,2,60799,15910
Toyota,GR86,Coupe,2022,4,Automatic,Diesel,2,67484,15530
Tesla,Model S,Sedan,2017,9,Automatic,Electric,1,175381,22970
Toyota,Corolla,Sedan,2019,7,Automatic,CNG,3,61759,8780
Lexus,ES,Sedan,2015,11,Automatic,Petrol,4,288228,4970
BMW,3 Series,Sedan,2018,8,Automatic,Petrol,3,140179,14820
Honda,Ridgeline,Truck,2021,5,Automatic,Hybrid,1,45817,22110
GMC,Terrain,SUV,2018,8,Automatic,Diesel,2,107125,11420
Kia,Forte,Sedan,2019,7,Automatic,Petrol,2,165707,5580
Toyota,Tundra,Truck,2021,5,Automatic,Diesel,1,66105,20410
Toyota,Tacoma,Truck,2023,3,Automatic,Petrol,2,54617,20170
Nissan,Murano,SUV,2024,2,CVT,Petrol,1,25862,24520
Mercedes-Benz,GLC,SUV,2025,1,Automatic,Petrol,1,15393,37950
Volkswagen,Passat,Sedan,2024,2,Semi-Automatic,CNG,1,21572,17470
Hyundai,Elantra,Sedan,2023,3,Manual,Petrol,2,62377,12460
BMW,3 Series,Sedan,2020,6,Automatic,Diesel,1,64418,20950
Tesla,Model 3,Sedan,2019,7,Automatic,Electric,3,124764,15420
Toyota,Corolla,Sedan,2019,7,Automatic,Diesel,3,61242,9660
Hyundai,Tucson,SUV,2025,1,CVT,Petrol,1,16397,23110
Chrysler,Pacifica,Minivan,2024,2,Manual,Petrol,1,36581,26480
Toyota,Tacoma,Truck,2015,11,Automatic,Petrol,4,206100,7420
Ford,Escape,SUV,2021,5,CVT,CNG,2,58203,14560
Mini,Cooper Convertible,Convertible,2019,7,Automatic,Diesel,2,47868,13170
Toyota,Prius,Hatchback,2020,6,CVT,Petrol,3,39690,11710
BMW,X3,SUV,2015,11,CVT,Petrol,1,152702,13000
Honda,Fit,Hatchback,2023,3,Automatic,Petrol,2,26053,11930
Toyota,Prius,Hatchback,2014,12,Automatic,Hybrid,1,140645,7470
Nissan,Sentra,Sedan,2022,4,Automatic,Petrol,2,45007,12510
Toyota,Prius Prime,Hatchback,2025,1,CVT,Petrol,1,10433,25380
Toyota,Tacoma,Truck,2017,9,Automatic,Petrol,2,140071,10460
Ford,Mustang Mach-E,SUV,2026,0,Automatic,Electric,1,500,40850
BMW,4 Series,Coupe,2011,15,Semi-Automatic,Diesel,2,215669,7420
Mazda,Mazda3,Sedan,2024,2,Automatic,CNG,1,23710,14880
Volvo,XC90,SUV,2011,15,Semi-Automatic,Petrol,1,91142,11030
Toyota,Highlander,SUV,2024,2,Automatic,Hybrid,1,28756,30940
Fiat,500,Hatchback,2016,10,CVT,Petrol,2,140880,5100
Subaru,Legacy,Sedan,2024,2,Automatic,Diesel,1,25722,18460
Chevrolet,Silverado 1500,Truck,2021,5,Manual,Petrol,2,38211,19220
Fiat,500,Hatchback,2015,11,Automatic,Diesel,3,139138,4940
Jeep,Compass,SUV,2017,9,Manual,CNG,1,116139,9280
Mini,Cooper,Hatchback,2021,5,Automatic,Petrol,1,73853,14680
Hyundai,Veloster,Coupe,2026,0,Automatic,Petrol,1,500,20970
Fiat,500,Hatchback,2023,3,CVT,Petrol,1,30788,12270
Honda,Pilot,SUV,2023,3,Automatic,Petrol,2,35428,26340
Kia,K5,Sedan,2015,11,CVT,Petrol,4,229467,4720
Honda,Pilot,SUV,2023,3,Automatic,Diesel,2,33048,24840
Lexus,NX,SUV,2018,8,Automatic,Petrol,3,153425,13120
Hyundai,Ioniq 5,SUV,2020,6,Automatic,Electric,2,113945,19190
Ford,Explorer,SUV,2025,1,Automatic,Petrol,1,17889,31460
Honda,Accord,Sedan,2021,5,Automatic,Petrol,2,85569,13640
Mazda,Mazda6,Sedan,2026,0,Automatic,Petrol,1,500,24850
Toyota,Corolla,Sedan,2019,7,Automatic,Hybrid,1,82100,11020
Chevrolet,Silverado 1500,Truck,2024,2,Automatic,Petrol,1,39305,26620
Renault,Clio,Hatchback,2019,7,Automatic,Petrol,1,144973,6740
Mazda,MX-5 Miata,Convertible,2018,8,Automatic,Petrol,3,131357,10320
Tesla,Model S,Sedan,2026,0,Automatic,Electric,1,500,67960
BMW,3 Series,Sedan,2019,7,Manual,Diesel,2,118235,16680
Subaru,Forester,SUV,2019,7,Manual,Diesel,1,101144,11250
Jeep,Wrangler,SUV,2023,3,Automatic,Diesel,2,37580,23310
Honda,City,Sedan,2022,4,Automatic,Hybrid,2,41024,11390
Honda,Fit,Hatchback,2020,6,Automatic,Petrol,3,76576,8120
Audi,A6,Sedan,2018,8,Automatic,Petrol,3,68670,20970
Tesla,Model S,Sedan,2020,6,Automatic,Electric,1,40408,33550
Toyota,Tundra,Truck,2018,8,Automatic,Diesel,2,119310,14010
Hyundai,Tucson,SUV,2025,1,Automatic,Hybrid,1,10592,24490
Nissan,Sentra,Sedan,2020,6,Automatic,Petrol,1,91151,9800
Tesla,Model Y,SUV,2019,7,Automatic,Electric,1,81735,19770
BMW,Z4,Convertible,2022,4,CVT,Diesel,1,52593,30610
Toyota,Highlander,SUV,2018,8,CVT,Hybrid,3,81960,14920
Subaru,Outback,SUV,2021,5,Automatic,Petrol,2,53017,16200
Toyota,Prius,Hatchback,2023,3,Manual,Hybrid,1,64052,16010
Audi,A4,Sedan,2018,8,Automatic,Hybrid,2,78593,15860
Hyundai,Sonata,Sedan,2020,6,Automatic,Petrol,1,99211,11160
Volkswagen,Passat,Sedan,2023,3,Automatic,Petrol,2,40793,16720
BMW,Z4,Convertible,2022,4,Automatic,Petrol,1,59342,31720
Tesla,Model 3,Sedan,2022,4,Automatic,Electric,1,93606,22570
Chevrolet,Silverado 1500,Truck,2018,8,Automatic,Diesel,3,105489,11930
Mini,Cooper Convertible,Convertible,2025,1,Automatic,Diesel,1,13323,24300
Tesla,Model X,SUV,2025,1,Automatic,Electric,1,12795,67610
Kia,Sorento,SUV,2017,9,Automatic,Petrol,3,178561,9740
Kia,K5,Sedan,2022,4,CVT,Petrol,1,59343,13830
BMW,4 Series,Coupe,2022,4,Automatic,Diesel,1,48154,29000
Toyota,Corolla,Sedan,2019,7,CVT,Diesel,3,64170,8190
Mercedes-Benz,GLC,SUV,2021,5,Automatic,Petrol,2,45974,24360
Renault,Clio,Hatchback,2023,3,Automatic,Petrol,1,29730,12800
Volvo,XC60,SUV,2019,7,Automatic,CNG,1,139411,18140
Toyota,Tundra,Truck,2015,11,Automatic,Petrol,2,214824,8170
Ford,Mustang,Coupe,2021,5,Automatic,Petrol,2,64198,16480
Toyota,Yaris Hatchback,Hatchback,2018,8,Semi-Automatic,Diesel,3,110259,6160
Honda,Odyssey,Minivan,2020,6,Manual,Petrol,3,83316,16000
Mazda,CX-5,SUV,2023,3,Automatic,Petrol,1,28401,18820
Volvo,XC60,SUV,2019,7,Automatic,CNG,3,81018,17790
Honda,Civic,Sedan,2017,9,CVT,Hybrid,3,198141,5170
Subaru,Forester,SUV,2022,4,Automatic,Petrol,1,32924,17490
Jeep,Wrangler,SUV,2025,1,Manual,CNG,1,15043,26390
Nissan,Altima,Sedan,2015,11,Automatic,Petrol,2,132292,7540
Mercedes-Benz,GLE,SUV,2026,0,Automatic,CNG,1,500,57980
BMW,Z4,Convertible,2023,3,Automatic,Diesel,2,27116,34820
Mazda,Mazda3,Sedan,2015,11,Manual,Petrol,1,164490,5570
BMW,5 Series,Sedan,2026,0,Automatic,Diesel,1,500,49960
Nissan,Titan,Truck,2019,7,Manual,Hybrid,3,113739,14390
BMW,X3,SUV,2011,15,Automatic,Petrol,2,243660,6800
Honda,CR-V,SUV,2020,6,CVT,Petrol,3,82409,12260
Honda,Pilot,SUV,2015,11,Automatic,Petrol,1,198560,10820
Kia,K5,Sedan,2019,7,Automatic,Hybrid,3,115045,9460
BMW,X3,SUV,2016,10,Manual,Petrol,2,226051,9530
Kia,Sorento,SUV,2022,4,Semi-Automatic,Hybrid,1,65871,19340
Honda,Ridgeline,Truck,2017,9,Automatic,Petrol,4,69409,13600
Suzuki,Swift,Hatchback,2024,2,Automatic,Petrol,1,42430,10180
Subaru,Forester,SUV,2017,9,Automatic,Petrol,4,122071,8730
Hyundai,Veloster,Coupe,2018,8,Automatic,Petrol,1,52386,8820
Chevrolet,Traverse,SUV,2022,4,Automatic,Petrol,1,56762,22170
Subaru,Forester,SUV,2020,6,Automatic,Petrol,2,110221,12350
Volkswagen,Atlas,SUV,2025,1,Manual,Petrol,1,11850,28100
Skoda,Octavia,Sedan,2023,3,Automatic,Petrol,2,41357,15220
Subaru,Forester,SUV,2021,5,Automatic,Petrol,2,88273,13380
Hyundai,i20,Hatchback,2019,7,Automatic,Petrol,3,45129,6790
Lexus,IS,Sedan,2021,5,Automatic,Petrol,1,35652,22450
Kia,Sorento,SUV,2022,4,Automatic,Hybrid,1,33001,22000
Volkswagen,Jetta,Sedan,2021,5,Semi-Automatic,Petrol,1,115619,9870
Mercedes-Benz,E-Class,Sedan,2018,8,Automatic,Petrol,1,139614,21460
Toyota,Yaris,Sedan,2020,6,Automatic,Hybrid,1,61826,8730
Fiat,500,Hatchback,2024,2,Automatic,Petrol,1,23931,13450
Subaru,Legacy,Sedan,2023,3,Automatic,Hybrid,2,43439,15770
Subaru,Forester,SUV,2025,1,Automatic,Diesel,1,12740,21900
Volvo,XC60,SUV,2023,3,CVT,Petrol,2,44917,30370
Audi,A6,Sedan,2026,0,Automatic,Petrol,1,500,58600
BMW,4 Series,Coupe,2014,12,Semi-Automatic,Petrol,2,109146,12740
Audi,Q5,SUV,2024,2,Manual,Petrol,1,25911,33590
Peugeot,208,Hatchback,2020,6,CVT,Petrol,3,46746,8550
Hyundai,Elantra,Sedan,2014,12,Automatic,Petrol,5,251475,2490
Chevrolet,Spark,Hatchback,2024,2,CVT,Diesel,1,43084,9660
Mazda,Mazda6,Sedan,2021,5,Manual,Diesel,2,72616,11740
Nissan,Leaf,Hatchback,2019,7,Automatic,Electric,1,61426,11070
Toyota,Yaris Hatchback,Hatchback,2022,4,Automatic,Petrol,2,86876,9320
Tesla,Model Y,SUV,2019,7,Automatic,Electric,1,61213,18410
Kia,Sorento,SUV,2021,5,Automatic,Petrol,2,58887,18480
Mercedes-Benz,GLC,SUV,2019,7,CVT,Petrol,1,93852,19560
Ford,Mustang,Coupe,2019,7,CVT,Petrol,2,94715,13010
BMW,Z4,Convertible,2015,11,Automatic,Petrol,3,170431,13980
Ram,1500,Truck,2021,5,Automatic,Diesel,1,63539,19100
BMW,3 Series,Sedan,2014,12,Automatic,Petrol,2,139003,10720
Ram,1500,Truck,2015,11,Manual,Petrol,2,86976,10090
Toyota,Prius Prime,Hatchback,2023,3,Automatic,Hybrid,2,32311,21220
BMW,X3,SUV,2018,8,Manual,Diesel,3,162263,12880
Porsche,911,Coupe,2023,3,Manual,Hybrid,1,64795,70020
BMW,3 Series,Sedan,2024,2,Automatic,Petrol,1,37594,30300
Honda,Odyssey,Minivan,2022,4,Manual,Petrol,2,75199,18160
Hyundai,Veloster,Coupe,2018,8,Automatic,Petrol,1,152424,6620
Hyundai,Tucson,SUV,2013,13,Automatic,Petrol,3,147279,6470
Toyota,Tacoma,Truck,2023,3,CVT,Petrol,2,41325,18170
Honda,Insight,Sedan,2016,10,Automatic,Petrol,4,159011,5900
Nissan,Rogue,SUV,2017,9,Automatic,Petrol,4,99082,9650
Toyota,Sienna,Minivan,2022,4,Automatic,Hybrid,2,35466,21140
Mini,Cooper Convertible,Convertible,2018,8,Manual,Petrol,1,62022,10810
Nissan,Titan,Truck,2026,0,Automatic,Petrol,1,500,35620
Mini,Cooper Convertible,Convertible,2022,4,Semi-Automatic,CNG,2,82613,15460
Ford,Focus,Hatchback,2020,6,Automatic,Petrol,2,111010,8950
Mazda,MX-5 Miata,Convertible,2023,3,CVT,Petrol,2,30891,17760
Honda,Odyssey,Minivan,2026,0,Automatic,CNG,1,500,32990
Toyota,Yaris Hatchback,Hatchback,2024,2,Automatic,Petrol,1,40075,12730
Ford,Fusion,Sedan,2017,9,CVT,Petrol,1,209347,4080
Toyota,GR86,Coupe,2013,13,CVT,Hybrid,1,265400,4180
Subaru,Legacy,Sedan,2011,15,Automatic,CNG,4,213007,3280
Toyota,Highlander,SUV,2018,8,Manual,Petrol,3,81892,12750
Fiat,500,Hatchback,2024,2,Automatic,Petrol,1,43331,12800
Nissan,Titan,Truck,2024,2,Automatic,Petrol,1,25183,28530
Toyota,Yaris,Sedan,2019,7,Automatic,Petrol,1,51572,7610
Suzuki,Swift,Hatchback,2017,9,CVT,Petrol,2,107762,5380
Chevrolet,Silverado 1500,Truck,2012,14,Automatic,Hybrid,5,301648,2480
Mazda,MX-5 Miata,Convertible,2025,1,Automatic,Diesel,1,10475,23880
Volkswagen,Tiguan,SUV,2021,5,Automatic,Diesel,1,68906,14920
Chevrolet,Bolt EV,Hatchback,2017,9,Automatic,Electric,4,154896,6260
GMC,Acadia,SUV,2025,1,Automatic,Hybrid,1,14031,30630
Mazda,CX-5,SUV,2021,5,CVT,Petrol,1,70502,14380
Ford,Focus,Hatchback,2021,5,Semi-Automatic,Diesel,2,53292,11060
BMW,X5,SUV,2015,11,Automatic,Petrol,3,246503,15240
Kia,K5,Sedan,2021,5,Automatic,Petrol,2,35793,12300
Toyota,Prius Prime,Hatchback,2021,5,Automatic,Petrol,2,39255,15160
BMW,X5,SUV,2026,0,Automatic,Petrol,1,500,59460
Ford,Focus,Hatchback,2016,10,CVT,Petrol,3,105130,5990
Ford,Focus,Hatchback,2024,2,CVT,Diesel,1,15116,15160
Lexus,IS,Sedan,2017,9,Automatic,Hybrid,3,149756,12240
Toyota,Tacoma,Truck,2021,5,Semi-Automatic,Petrol,1,43105,17180
Tesla,Model S,Sedan,2020,6,Automatic,Electric,1,105445,33610
Kia,Rio,Hatchback,2026,0,CVT,Petrol,1,500,16150
Land Rover,Range Rover Sport,SUV,2025,1,Manual,Petrol,1,22730,60660
Chrysler,Pacifica,Minivan,2020,6,Automatic,Diesel,3,87040,16260
Lexus,RX,SUV,2020,6,Automatic,Petrol,3,88065,22850
Nissan,370Z,Coupe,2018,8,Manual,Petrol,3,103825,12150
Chevrolet,Spark,Hatchback,2020,6,Automatic,Petrol,1,38964,7260
Volkswagen,ID.4,SUV,2013,13,Automatic,Electric,5,126528,8250
Fiat,500,Hatchback,2013,13,Automatic,Petrol,3,157008,4060
Tesla,Model Y,SUV,2022,4,Automatic,Electric,2,58268,23200
Mercedes-Benz,C-Class Coupe,Coupe,2023,3,Automatic,Diesel,1,35265,33050
Toyota,Tacoma,Truck,2017,9,CVT,Petrol,2,99075,10430
Ford,Escape,SUV,2022,4,CVT,Petrol,1,59986,17060
Nissan,Murano,SUV,2025,1,Manual,Petrol,1,16520,25980
Ford,F-150,Truck,2019,7,Semi-Automatic,Diesel,3,62086,14960
Kia,EV6,SUV,2015,11,Automatic,Electric,2,128745,11420
Nissan,Murano,SUV,2022,4,Automatic,Petrol,2,86293,19010
Honda,Pilot,SUV,2024,2,Manual,Petrol,1,29181,28830
Lexus,ES,Sedan,2023,3,Automatic,Petrol,1,66201,26010
Honda,City,Sedan,2024,2,Automatic,Petrol,1,19932,12810
Tesla,Model Y,SUV,2023,3,Automatic,Electric,2,60765,27860
Suzuki,Swift,Hatchback,2026,0,Manual,Hybrid,1,500,14340
Lexus,IS,Sedan,2019,7,Automatic,CNG,1,103200,16660
Kia,Sportage,SUV,2024,2,Automatic,Petrol,1,18107,20090
Mini,Cooper Convertible,Convertible,2019,7,CVT,Petrol,3,86783,12150
Honda,Civic,Sedan,2026,0,Automatic,Petrol,1,500,23190
Chevrolet,Malibu,Sedan,2024,2,CVT,Petrol,1,19239,17410
Volkswagen,Golf,Hatchback,2022,4,Manual,Petrol,2,42948,13840
Suzuki,Swift,Hatchback,2023,3,Automatic,Petrol,1,44522,10360
Nissan,Murano,SUV,2018,8,Automatic,Petrol,3,144875,12380
Toyota,Prius Prime,Hatchback,2019,7,Automatic,Diesel,3,93924,11290
Mercedes-Benz,C-Class,Sedan,2024,2,Automatic,Diesel,1,24795,31790
Hyundai,Elantra,Sedan,2020,6,Automatic,CNG,2,68863,8770
Tesla,Model X,SUV,2020,6,Automatic,Electric,2,126725,38870
Kia,Sportage,SUV,2020,6,Automatic,Petrol,3,51580,12780
BMW,3 Series,Sedan,2022,4,Semi-Automatic,Petrol,1,47827,26920
Ram,1500,Truck,2025,1,Automatic,Petrol,1,7916,30540
Fiat,500,Hatchback,2022,4,Automatic,Petrol,1,61934,11350
Honda,Accord,Sedan,2022,4,Automatic,Petrol,2,90587,15280
Honda,Odyssey,Minivan,2020,6,CVT,Petrol,2,42473,16150
Honda,Pilot,SUV,2021,5,CVT,Petrol,1,58342,22590
Ford,Explorer,SUV,2024,2,Manual,Petrol,1,33473,26730
Mercedes-Benz,C-Class Coupe,Coupe,2014,12,Manual,Petrol,2,131080,11030
Audi,A4,Sedan,2014,12,Automatic,Hybrid,3,295936,8260
Mazda,CX-9,SUV,2021,5,Automatic,Diesel,1,65029,19560
BMW,X5,SUV,2025,1,Semi-Automatic,Hybrid,1,10374,54130
Toyota,Sienna,Minivan,2024,2,Manual,Petrol,1,28590,26640
Lexus,RX,SUV,2021,5,Automatic,Petrol,2,33812,24150
Mercedes-Benz,GLE,SUV,2024,2,CVT,Petrol,1,10948,42470
Land Rover,Range Rover Sport,SUV,2018,8,Automatic,Hybrid,3,174129,29230
Tesla,Model 3,Sedan,2025,1,Automatic,Electric,1,10986,32310
Nissan,Altima,Sedan,2013,13,Automatic,Hybrid,5,139807,5380
Nissan,Altima,Sedan,2021,5,Automatic,Petrol,1,91039,12840
Nissan,Murano,SUV,2013,13,Automatic,Hybrid,1,89411,8380
Subaru,Forester,SUV,2023,3,Automatic,Petrol,2,27303,18250
Mazda,Mazda3,Sedan,2020,6,Automatic,Diesel,1,137215,7500
Ford,Escape,SUV,2023,3,Automatic,Petrol,1,63890,19630
Suzuki,Swift,Hatchback,2020,6,CVT,Petrol,2,88469,6910
Subaru,Outback,SUV,2017,9,Automatic,Petrol,2,110803,10850
Hyundai,Santa Fe,SUV,2015,11,Automatic,Petrol,4,224787,4710
Nissan,Sentra,Sedan,2023,3,Automatic,Petrol,2,35368,13620
Hyundai,Ioniq 5,SUV,2020,6,Automatic,Electric,3,76160,17290
Tesla,Model X,SUV,2019,7,Automatic,Electric,2,118675,35940
Nissan,370Z,Coupe,2025,1,Manual,Petrol,1,14079,28620
Mercedes-Benz,GLC,SUV,2024,2,Automatic,Hybrid,1,15140,36360
Kia,EV6,SUV,2025,1,Automatic,Electric,1,14614,35210
Ford,Focus,Hatchback,2020,6,Manual,Petrol,2,77577,8960
Chevrolet,Traverse,SUV,2022,4,Automatic,Petrol,1,95072,19620
Kia,Sportage,SUV,2018,8,Automatic,Petrol,3,137990,8540
Toyota,Highlander,SUV,2013,13,Automatic,Hybrid,1,309599,4170
Chevrolet,Camaro Convertible,Convertible,2025,1,Automatic,Petrol,1,17654,31860
Ford,Mustang Mach-E,SUV,2025,1,Automatic,Electric,1,26846,35080
Kia,Sportage,SUV,2021,5,CVT,Petrol,2,78940,14890
Honda,Pilot,SUV,2022,4,Automatic,Petrol,1,88384,22030
Kia,Forte,Sedan,2022,4,Manual,Petrol,2,67254,10880
Audi,A4,Sedan,2023,3,Automatic,Petrol,1,41910,26720
Honda,Civic,Sedan,2026,0,Automatic,Diesel,1,500,22650
Mazda,Mazda6,Sedan,2012,14,Semi-Automatic,CNG,1,169449,4800
Nissan,Titan,Truck,2025,1,Manual,Petrol,1,9005,28750
Honda,Insight,Sedan,2021,5,Automatic,Hybrid,1,54898,14340
Toyota,Prius Prime,Hatchback,2017,9,Automatic,Diesel,3,93962,8990
Nissan,Versa,Hatchback,2018,8,Manual,Diesel,2,117825,5210
GMC,Acadia,SUV,2016,10,Automatic,Petrol,2,124879,10800
Toyota,Tundra,Truck,2024,2,Manual,Petrol,1,21724,29350
Chevrolet,Traverse,SUV,2014,12,Automatic,Petrol,3,149030,8660
Chevrolet,Bolt EV,Hatchback,2024,2,Automatic,Electric,1,15348,18100
Ford,Explorer,SUV,2017,9,Automatic,Petrol,3,87240,11590
Mazda,MX-5 Miata,Convertible,2024,2,Automatic,Petrol,1,17995,22050
BMW,4 Series,Coupe,2016,10,Automatic,Petrol,3,177332,13350
Fiat,500,Hatchback,2016,10,Automatic,Diesel,1,119109,5740
Honda,Odyssey,Minivan,2015,11,CVT,Hybrid,3,142255,9690
Mazda,Mazda6,Sedan,2024,2,Manual,Petrol,1,32534,18540
Volkswagen,Jetta,Sedan,2024,2,CVT,Diesel,1,24951,14550
Audi,A4,Sedan,2021,5,Automatic,Petrol,1,93914,21340
Chevrolet,Silverado 1500,Truck,2025,1,Automatic,Hybrid,1,11105,32230
Mini,Cooper Convertible,Convertible,2015,11,Automatic,Petrol,4,233257,4410
Ford,Explorer,SUV,2025,1,Automatic,Petrol,1,11995,30850
Volkswagen,Atlas,SUV,2014,12,Automatic,Petrol,1,170371,8820
Kia,Carnival,Minivan,2017,9,Manual,Petrol,1,130131,11610
Mazda,CX-5,SUV,2020,6,Automatic,Petrol,1,73104,14520
Tesla,Model Y,SUV,2017,9,Automatic,Electric,1,116869,14670
Jeep,Wrangler,SUV,2021,5,Manual,Petrol,2,90953,17340
Tesla,Model X,SUV,2021,5,Automatic,Electric,2,95148,43550
Honda,Insight,Sedan,2013,13,Manual,Petrol,2,231818,3650
Lexus,RX,SUV,2019,7,Automatic,Petrol,3,79566,18970
Kia,Forte,Sedan,2019,7,Manual,Petrol,2,41249,8260
Mercedes-Benz,C-Class,Sedan,2019,7,Automatic,Petrol,2,81869,19330
Audi,A5,Coupe,2014,12,Automatic,Petrol,2,208932,10100
Jeep,Compass,SUV,2026,0,Automatic,Diesel,1,500,26820
Ford,Mustang,Coupe,2011,15,Automatic,Petrol,4,175367,5950
Jeep,Grand Cherokee,SUV,2019,7,Automatic,Petrol,3,82124,17640
Chevrolet,Malibu,Sedan,2022,4,Manual,Petrol,2,48366,13540
Ford,F-150,Truck,2012,14,Automatic,Petrol,3,157400,7180
Mercedes-Benz,GLC,SUV,2025,1,Automatic,Petrol,1,20540,36050
Honda,City,Sedan,2019,7,CVT,Petrol,1,132973,6510
Tesla,Model X,SUV,2024,2,Automatic,Electric,1,20576,65420
Nissan,370Z,Coupe,2025,1,Automatic,Hybrid,1,24356,30530
Mercedes-Benz,GLE,SUV,2017,9,Manual,Petrol,2,151837,18460
Renault,Clio,Hatchback,2021,5,Automatic,Petrol,2,51834,9750
Mercedes-Benz,C-Class Coupe,Coupe,2019,7,Automatic,Petrol,1,112023,22060
Honda,Accord,Sedan,2022,4,Automatic,Petrol,2,67628,15110
Land Rover,Range Rover Sport,SUV,2023,3,Automatic,Diesel,2,32874,49790
Mazda,MX-5 Miata,Convertible,2025,1,Automatic,Petrol,1,10627,24400
Toyota,Highlander,SUV,2020,6,CVT,Petrol,2,66321,17900
Mazda,Mazda3,Sedan,2011,15,Manual,Hybrid,1,280146,1200
Chevrolet,Equinox,SUV,2015,11,Manual,Petrol,4,103241,6780
Subaru,Legacy,Sedan,2023,3,CVT,Diesel,2,53737,13780
Audi,A6,Sedan,2021,5,Automatic,Diesel,2,80069,28290
Nissan,Titan,Truck,2025,1,CVT,Petrol,1,15027,29170
Chrysler,Pacifica,Minivan,2019,7,Automatic,Diesel,3,82605,15020
GMC,Terrain,SUV,2019,7,Automatic,Petrol,1,99909,12410
Ram,1500,Truck,2024,2,Semi-Automatic,Petrol,1,31389,28570
Toyota,RAV4,SUV,2015,11,Manual,Hybrid,1,241539,6550
Toyota,Sienna,Minivan,2025,1,Automatic,Petrol,1,9968,30070
Volkswagen,Passat,Sedan,2016,10,Automatic,Hybrid,3,164331,6810
Toyota,Tundra,Truck,2023,3,CVT,Petrol,2,32041,24670
BMW,X5,SUV,2020,6,CVT,Petrol,3,132976,25080
BMW,4 Series,Coupe,2018,8,Semi-Automatic,Hybrid,2,172292,18330
Volkswagen,Tiguan,SUV,2025,1,Manual,Petrol,1,7179,24020
Jeep,Compass,SUV,2020,6,Automatic,Petrol,2,74242,13260
Mazda,MX-5 Miata,Convertible,2020,6,Manual,CNG,2,145867,9420
Volkswagen,Tiguan,SUV,2022,4,Automatic,Petrol,2,66264,16230
Nissan,Altima,Sedan,2025,1,CVT,Diesel,1,16019,20410
Toyota,Yaris Hatchback,Hatchback,2018,8,Automatic,Petrol,3,86230,6140
Volkswagen,ID.4,SUV,2024,2,Automatic,Electric,1,40732,26280
Toyota,Corolla,Sedan,2015,11,CVT,Petrol,4,119418,5390
Volkswagen,Passat,Sedan,2023,3,Manual,Petrol,1,44911,15680
Jeep,Wrangler,SUV,2025,1,Manual,Diesel,1,17550,27170
Nissan,Titan,Truck,2024,2,Automatic,Diesel,1,33287,25210
Chevrolet,Bolt EV,Hatchback,2024,2,Automatic,Electric,1,24619,17430
Mazda,Mazda3,Sedan,2021,5,Automatic,Petrol,1,34916,12240
Mazda,CX-9,SUV,2022,4,Manual,Petrol,2,64102,19120
Chevrolet,Silverado 1500,Truck,2021,5,Automatic,Petrol,1,102937,17710
Mercedes-Benz,GLE,SUV,2017,9,Automatic,Petrol,4,64439,20280
Kia,Sportage,SUV,2025,1,Automatic,Diesel,1,22014,20450
Toyota,Prius,Hatchback,2019,7,Semi-Automatic,Petrol,2,176130,9190
Hyundai,Sonata,Sedan,2022,4,Automatic,Petrol,1,68661,15360
Ford,Focus,Hatchback,2013,13,Manual,Petrol,3,127680,4110
Hyundai,Elantra,Sedan,2024,2,CVT,Petrol,1,22530,15530
Hyundai,Tucson,SUV,2024,2,Automatic,Hybrid,1,24423,21490
Chevrolet,Silverado 1500,Truck,2017,9,Automatic,Petrol,2,122567,12230
Chevrolet,Malibu,Sedan,2022,4,Manual,Petrol,2,54405,13880
Mazda,Mazda6,Sedan,2019,7,Automatic,Petrol,3,97432,9860
Toyota,Camry,Sedan,2021,5,Automatic,Petrol,2,51109,15360
Audi,Q5,SUV,2014,12,Automatic,Petrol,4,143839,11300
Mazda,CX-5,SUV,2021,5,Automatic,Hybrid,2,79768,14600
Mercedes-Benz,C-Class,Sedan,2021,5,Automatic,Petrol,2,30354,24860
Volkswagen,Jetta,Sedan,2024,2,Automatic,Petrol,1,31636,16420
Mazda,Mazda6,Sedan,2024,2,Automatic,Petrol,1,18593,19460
Ram,1500,Truck,2025,1,Automatic,Petrol,1,12406,32400
BMW,X5,SUV,2020,6,Semi-Automatic,Diesel,2,76578,30160
Volkswagen,ID.4,SUV,2022,4,Automatic,Electric,1,85346,22210
Honda,Civic,Sedan,2015,11,Automatic,Diesel,4,157875,6190
Toyota,GR86,Coupe,2019,7,CVT,Petrol,2,113332,11300
Chevrolet,Camaro,Coupe,2013,13,Manual,CNG,2,158164,6050
Mercedes-Benz,C-Class,Sedan,2023,3,Automatic,Petrol,2,72754,27140
Mazda,CX-9,SUV,2020,6,Automatic,Petrol,2,87179,17870
Mazda,CX-5,SUV,2024,2,Manual,Petrol,1,22567,21090
Chevrolet,Malibu,Sedan,2018,8,CVT,Petrol,2,52974,9050
Nissan,Rogue,SUV,2012,14,Automatic,Hybrid,5,186476,5510
Volkswagen,Golf,Hatchback,2019,7,Automatic,Hybrid,2,91915,10810
Toyota,Yaris,Sedan,2017,9,Manual,Diesel,1,192535,3880
Tesla,Model 3,Sedan,2018,8,Automatic,Electric,1,103342,16210
Volkswagen,ID.4,SUV,2013,13,Automatic,Electric,4,156674,7650
Tesla,Model X,SUV,2020,6,Automatic,Electric,1,120179,37610
Mazda,Mazda3,Sedan,2017,9,Automatic,Petrol,1,52288,8340
Ford,F-150,Truck,2021,5,Manual,Petrol,1,83619,19140
Kia,EV6,SUV,2020,6,Automatic,Electric,1,77766,21620
Kia,K5,Sedan,2023,3,Automatic,Petrol,2,41804,16260
Honda,City,Sedan,2020,6,Manual,Petrol,2,77613,8210
Volkswagen,ID.4,SUV,2026,0,Automatic,Electric,1,500,35080
Subaru,Outback,SUV,2019,7,Automatic,Petrol,3,149591,9980
Nissan,Murano,SUV,2025,1,CVT,Petrol,1,13075,29470
Volkswagen,Tiguan,SUV,2025,1,Automatic,Petrol,1,8479,22570
Mazda,CX-9,SUV,2023,3,Automatic,Petrol,1,55883,24020
Nissan,Titan,Truck,2025,1,Automatic,Hybrid,1,10598,30680
Honda,Insight,Sedan,2021,5,Automatic,Hybrid,1,86901,12970
Nissan,Sentra,Sedan,2024,2,Automatic,Petrol,1,39438,14070
Honda,CR-V,SUV,2020,6,Automatic,Petrol,2,128845,12640
Renault,Clio,Hatchback,2024,2,Automatic,Petrol,1,30148,15130
Toyota,Sienna,Minivan,2023,3,CVT,Petrol,2,31905,21640
Volvo,XC60,SUV,2021,5,CVT,Diesel,1,58269,22620
Mercedes-Benz,C-Class Coupe,Coupe,2021,5,CVT,Petrol,2,86006,25690
GMC,Terrain,SUV,2018,8,Manual,CNG,2,133641,10090
Hyundai,Elantra,Sedan,2021,5,Manual,Petrol,1,96301,10070
Mercedes-Benz,GLC,SUV,2013,13,Semi-Automatic,Petrol,2,167779,11450
Chevrolet,Camaro Convertible,Convertible,2025,1,Automatic,Petrol,1,12805,34460
Volkswagen,Golf,Hatchback,2023,3,Automatic,Hybrid,1,24822,18230
Kia,Sportage,SUV,2022,4,Automatic,Diesel,1,55312,15090
Chrysler,Pacifica,Minivan,2019,7,Automatic,Petrol,3,127941,12730
Chevrolet,Malibu,Sedan,2020,6,Automatic,Hybrid,2,146547,10340
Porsche,911,Coupe,2013,13,Automatic,Petrol,3,114133,23450
BMW,Z4,Convertible,2017,9,Automatic,Petrol,3,139068,17390
Ford,Mustang Mach-E,SUV,2021,5,Automatic,Electric,1,61322,22420
Mazda,Mazda3,Sedan,2021,5,Manual,Petrol,2,47676,11890
Ford,Mustang,Coupe,2024,2,Automatic,Petrol,1,18049,24970
Kia,EV6,SUV,2019,7,Automatic,Electric,3,97462,15520
Volkswagen,Tiguan,SUV,2014,12,Automatic,Petrol,1,145461,6970
Nissan,Murano,SUV,2016,10,Manual,Hybrid,2,108564,11150
Toyota,Camry,Sedan,2021,5,Automatic,Hybrid,1,51889,14890
GMC,Acadia,SUV,2025,1,Manual,Petrol,1,15959,27410
Toyota,GR86,Coupe,2017,9,Automatic,Petrol,4,224355,7370
Ford,Mustang,Coupe,2023,3,Automatic,Diesel,1,49599,19950
Honda,City,Sedan,2017,9,Semi-Automatic,CNG,3,83638,5440
Mazda,Mazda3,Sedan,2021,5,Manual,Petrol,1,45355,11920
Ford,Mustang Convertible,Convertible,2025,1,Manual,Diesel,1,16707,27240
Mini,Cooper,Hatchback,2022,4,Automatic,Hybrid,2,64390,16350
Toyota,Prius,Hatchback,2023,3,Automatic,Hybrid,1,21832,17630
Chevrolet,Bolt EV,Hatchback,2025,1,Automatic,Electric,1,15704,20590
Toyota,Camry,Sedan,2018,8,Automatic,Petrol,3,67908,10990
Renault,Clio,Hatchback,2018,8,Automatic,Diesel,1,98301,7820
Tesla,Model Y,SUV,2014,12,Automatic,Electric,2,154941,10840
Tesla,Model X,SUV,2021,5,Automatic,Electric,2,47127,40700
Hyundai,Sonata,Sedan,2023,3,CVT,Hybrid,1,34402,17170
BMW,3 Series,Sedan,2023,3,Automatic,Petrol,1,56107,27570
Volkswagen,Passat,Sedan,2026,0,Automatic,Hybrid,1,500,24630
Chevrolet,Malibu,Sedan,2020,6,Manual,Petrol,2,63579,11390
Chevrolet,Equinox,SUV,2016,10,CVT,Petrol,4,85760,7160
Chrysler,Pacifica,Minivan,2024,2,Automatic,Petrol,1,26762,26910
Kia,Sportage,SUV,2025,1,CVT,Petrol,1,8830,22100
Honda,Fit,Hatchback,2018,8,Manual,Petrol,3,72660,5910
Audi,Q5,SUV,2020,6,Automatic,Petrol,1,112090,20820
GMC,Terrain,SUV,2017,9,Automatic,Petrol,2,72988,10280
Honda,City,Sedan,2019,7,Automatic,Petrol,3,109206,6440
Mazda,CX-9,SUV,2022,4,Manual,Petrol,2,90948,18610
Chevrolet,Equinox,SUV,2017,9,Manual,Petrol,1,212845,6030
Nissan,Altima,Sedan,2023,3,Manual,Petrol,1,60948,15670
Nissan,370Z,Coupe,2013,13,Automatic,Petrol,5,230118,5330
Mazda,CX-5,SUV,2019,7,Semi-Automatic,Petrol,3,61388,11750
Nissan,Sentra,Sedan,2016,10,CVT,Petrol,3,185274,4020
Toyota,Prius,Hatchback,2023,3,Automatic,Hybrid,1,42824,19170
Toyota,Yaris Hatchback,Hatchback,2025,1,Automatic,Diesel,1,13825,14140
GMC,Sierra 1500,Truck,2016,10,Manual,CNG,3,68757,10230
Hyundai,Sonata,Sedan,2024,2,Automatic,Petrol,1,39110,20010
Mini,Cooper,Hatchback,2020,6,Automatic,Petrol,2,75849,12150
Mercedes-Benz,C-Class,Sedan,2022,4,Automatic,Hybrid,2,58549,26540
Kia,Sportage,SUV,2024,2,Manual,Petrol,1,46252,20110
Chevrolet,Camaro,Coupe,2025,1,CVT,Petrol,1,11425,26170
Mercedes-Benz,GLE,SUV,2021,5,CVT,Petrol,1,94144,31020
GMC,Sierra 1500,Truck,2024,2,Automatic,Diesel,1,31073,27510
Toyota,Corolla,Sedan,2025,1,Automatic,Petrol,1,19410,18560
Mercedes-Benz,GLC,SUV,2021,5,CVT,Diesel,2,65720,23180
Toyota,GR86,Coupe,2023,3,CVT,Petrol,1,42144,20530
Subaru,Outback,SUV,2020,6,Automatic,Diesel,1,114208,12140
Hyundai,Veloster,Coupe,2015,11,Automatic,Petrol,1,237834,3670
Ford,Mustang,Coupe,2018,8,CVT,Petrol,3,156533,9620
Honda,Fit,Hatchback,2022,4,Automatic,Petrol,2,50695,9910
Volkswagen,ID.4,SUV,2020,6,Automatic,Electric,3,125114,14700
Mercedes-Benz,GLC,SUV,2020,6,Automatic,Petrol,1,71581,24210
Toyota,Prius,Hatchback,2025,1,Automatic,Hybrid,1,12914,21570
Tesla,Model S,Sedan,2015,11,Automatic,Electric,1,290024,13880
BMW,5 Series,Sedan,2023,3,CVT,Petrol,2,37773,35870
Honda,Fit,Hatchback,2018,8,CVT,Petrol,1,104289,7110
Suzuki,Swift,Hatchback,2025,1,Automatic,Petrol,1,15144,13360
Ford,Mustang,Coupe,2021,5,Automatic,Petrol,1,47104,18650
Lexus,ES,Sedan,2021,5,Automatic,Hybrid,1,60719,22500
Tesla,Model Y,SUV,2021,5,Automatic,Electric,1,71493,23830
Renault,Clio,Hatchback,2023,3,Manual,Petrol,2,25881,12380
Nissan,Titan,Truck,2017,9,Automatic,Petrol,4,138028,11280
Honda,Pilot,SUV,2026,0,CVT,Petrol,1,500,38950
Kia,Carnival,Minivan,2021,5,Automatic,Hybrid,1,77843,17940
Jeep,Grand Cherokee,SUV,2020,6,CVT,Petrol,1,149892,16900
Nissan,Titan,Truck,2018,8,CVT,Diesel,3,89655,12420
Land Rover,Range Rover Evoque,SUV,2015,11,Manual,Diesel,4,83050,12650
Nissan,370Z,Coupe,2022,4,Automatic,Petrol,2,57259,19310
Land Rover,Range Rover Evoque,SUV,2025,1,Automatic,Diesel,1,9085,42240
Toyota,Corolla,Sedan,2020,6,Automatic,Petrol,1,58040,11620
Toyota,Prius,Hatchback,2020,6,Automatic,Diesel,2,82234,12190
Lexus,RX,SUV,2023,3,Automatic,Petrol,2,32271,29470
Subaru,Outback,SUV,2014,12,Automatic,Petrol,4,197844,6380
Honda,Civic,Sedan,2018,8,Manual,Petrol,3,62595,8240
Mercedes-Benz,E-Class,Sedan,2015,11,Automatic,Petrol,1,132948,17720
Hyundai,Elantra,Sedan,2021,5,Automatic,CNG,2,66570,10900
Mercedes-Benz,GLE,SUV,2021,5,Manual,Petrol,2,40919,31460
Mini,Cooper,Hatchback,2025,1,Automatic,Petrol,1,18429,21810
GMC,Sierra 1500,Truck,2020,6,Automatic,Petrol,2,71469,17990
Hyundai,Tucson,SUV,2020,6,Automatic,Hybrid,2,91821,13110
Hyundai,i20,Hatchback,2024,2,Automatic,Petrol,1,18186,11120
Nissan,Leaf,Hatchback,2023,3,Automatic,Electric,1,78288,16270
Nissan,Rogue,SUV,2026,0,Automatic,Petrol,1,500,26110
Hyundai,Ioniq 5,SUV,2014,12,Automatic,Electric,5,109053,9800
Toyota,Highlander,SUV,2016,10,Semi-Automatic,Hybrid,3,141857,12340
Honda,City,Sedan,2020,6,CVT,Petrol,1,74077,7800
Audi,A5,Coupe,2017,9,Automatic,Petrol,4,108161,15280
Chevrolet,Traverse,SUV,2016,10,Semi-Automatic,Petrol,4,136689,10490
Mazda,Mazda3,Sedan,2023,3,Automatic,Petrol,1,61858,13920
Kia,Sorento,SUV,2017,9,Automatic,Hybrid,2,110847,10900
Toyota,Sienna,Minivan,2015,11,Automatic,Petrol,3,163313,9420
Toyota,Camry,Sedan,2024,2,Manual,Petrol,1,14824,20050
Nissan,Titan,Truck,2019,7,Manual,Petrol,1,142653,12240
Lexus,ES,Sedan,2026,0,Manual,CNG,1,500,37910
Fiat,500,Hatchback,2017,9,Automatic,Petrol,4,142529,4820
Chevrolet,Traverse,SUV,2021,5,Manual,Petrol,2,61040,19770
Chevrolet,Bolt EV,Hatchback,2024,2,Automatic,Electric,1,33192,18970
Volkswagen,Golf,Hatchback,2013,13,Automatic,Petrol,3,190123,4880
GMC,Sierra 1500,Truck,2025,1,Manual,Petrol,1,15613,28950
Toyota,Highlander,SUV,2020,6,Manual,Diesel,2,145262,13930
Hyundai,Veloster,Coupe,2018,8,CVT,Petrol,3,142191,6470
Mazda,CX-5,SUV,2020,6,Automatic,Petrol,1,64852,14860
Hyundai,Tucson,SUV,2022,4,CVT,Petrol,2,52401,16610
Volkswagen,Golf,Hatchback,2025,1,Automatic,Petrol,1,20470,20150
Kia,Rio,Hatchback,2026,0,Automatic,Petrol,1,500,17730
Mazda,CX-9,SUV,2026,0,CVT,Petrol,1,500,37190
Toyota,Yaris Hatchback,Hatchback,2019,7,Automatic,Petrol,2,125947,6300
Audi,A4,Sedan,2015,11,Automatic,Petrol,2,116798,11460
BMW,4 Series,Coupe,2022,4,CVT,Petrol,2,40561,29790
Audi,Q5,SUV,2023,3,Automatic,Petrol,2,49659,28650
Chevrolet,Equinox,SUV,2024,2,Automatic,Diesel,1,31530,19180
Honda,Insight,Sedan,2023,3,Automatic,Hybrid,2,29451,17460
Land Rover,Range Rover Evoque,SUV,2020,6,Automatic,Petrol,2,83082,22540
Nissan,370Z,Coupe,2017,9,CVT,Diesel,1,122684,11420
Nissan,Altima,Sedan,2024,2,Automatic,Petrol,1,25774,17910
Toyota,Corolla,Sedan,2011,15,Automatic,Hybrid,5,188689,3920
Nissan,Versa,Hatchback,2023,3,Automatic,Petrol,2,49313,10700
Chevrolet,Equinox,SUV,2021,5,Automatic,Petrol,2,70753,14230
Chevrolet,Silverado 1500,Truck,2021,5,Manual,Petrol,2,52739,18890
Toyota,Tundra,Truck,2025,1,Automatic,Petrol,1,11231,33670
Audi,A6,Sedan,2019,7,Automatic,Petrol,1,103074,25440
Suzuki,Swift,Hatchback,2020,6,Automatic,Petrol,1,96734,6830
Subaru,Outback,SUV,2014,12,Semi-Automatic,Petrol,4,153593,6450
Mazda,MX-5 Miata,Convertible,2017,9,Automatic,CNG,4,169713,6900
Tesla,Model X,SUV,2025,1,Automatic,Electric,1,17987,66980
Ford,Mustang,Coupe,2020,6,CVT,Petrol,2,111912,14550
Fiat,500,Hatchback,2021,5,Manual,Petrol,1,61435,9970
Nissan,Rogue,SUV,2019,7,Automatic,Petrol,2,88879,11450
Audi,Q5,SUV,2023,3,Semi-Automatic,Petrol,1,26610,32630
Tesla,Model Y,SUV,2023,3,Automatic,Electric,2,20996,26930
Ford,Escape,SUV,2023,3,Automatic,Petrol,2,38208,18400
Tesla,Model S,Sedan,2020,6,Automatic,Electric,1,59928,32440
Mercedes-Benz,E-Class,Sedan,2026,0,Automatic,Hybrid,1,500,58210
Audi,A5,Coupe,2022,4,Automatic,Petrol,2,52115,27330
Land Rover,Range Rover Sport,SUV,2025,1,Automatic,Petrol,1,13724,66560
Hyundai,Elantra,Sedan,2018,8,Automatic,Petrol,3,165188,5630
Porsche,911,Coupe,2021,5,CVT,Petrol,2,58170,57070
Chevrolet,Equinox,SUV,2017,9,Automatic,Petrol,3,88321,9050
Audi,A4,Sedan,2025,1,Manual,Petrol,1,15050,32300
Mercedes-Benz,GLE,SUV,2022,4,Automatic,Petrol,2,35934,35090
Mazda,Mazda3,Sedan,2024,2,Automatic,Petrol,1,33112,17130
Lexus,RX,SUV,2019,7,Manual,Petrol,2,137181,17870
Nissan,Altima,Sedan,2018,8,Automatic,Diesel,3,120405,8770
Ford,Mustang Mach-E,SUV,2019,7,Automatic,Electric,3,84756,16960
Hyundai,Ioniq 5,SUV,2021,5,Automatic,Electric,1,64190,23010
BMW,3 Series,Sedan,2015,11,CVT,Petrol,1,136882,12550
Toyota,RAV4,SUV,2018,8,Manual,CNG,3,75831,9320
Kia,Sorento,SUV,2015,11,CVT,Hybrid,2,209949,7900
Chevrolet,Traverse,SUV,2015,11,Semi-Automatic,Petrol,1,200177,8400
Mazda,Mazda3,Sedan,2021,5,Semi-Automatic,Petrol,1,67564,12090
Lexus,NX,SUV,2023,3,Manual,Petrol,1,47603,26610
Mercedes-Benz,C-Class Coupe,Coupe,2018,8,Automatic,Hybrid,3,79241,20210
BMW,5 Series,Sedan,2025,1,Automatic,Hybrid,1,19320,49170
Nissan,Leaf,Hatchback,2021,5,Automatic,Electric,1,64565,13570
Audi,A5,Coupe,2023,3,Automatic,Petrol,2,37041,31880
BMW,3 Series,Sedan,2020,6,Automatic,Petrol,3,107685,18230
Nissan,Leaf,Hatchback,2024,2,Automatic,Electric,1,20992,19060
Mercedes-Benz,GLE,SUV,2024,2,Automatic,Hybrid,1,20697,49270
Jeep,Wrangler,SUV,2012,14,CVT,Petrol,2,89462,6660
Subaru,Legacy,Sedan,2024,2,Automatic,Petrol,1,24210,18760
Volvo,XC60,SUV,2025,1,Automatic,Hybrid,1,13078,38560
Honda,Pilot,SUV,2016,10,Manual,Petrol,4,131196,10280
Tesla,Model 3,Sedan,2018,8,Automatic,Electric,1,160756,13840
Chevrolet,Spark,Hatchback,2019,7,Manual,Hybrid,2,89907,6240
Lexus,IS,Sedan,2022,4,CVT,Diesel,1,44097,22990
GMC,Sierra 1500,Truck,2020,6,Manual,Diesel,2,98437,16290
Ford,Mustang Convertible,Convertible,2015,11,Automatic,Petrol,1,231942,7890
Ram,1500,Truck,2022,4,Automatic,Diesel,1,54383,23670
Volkswagen,Tiguan,SUV,2025,1,Automatic,Petrol,1,19934,24480
Honda,CR-V,SUV,2022,4,Automatic,Petrol,2,93257,16510
Ford,Fusion,Sedan,2026,0,CVT,Petrol,1,500,23710
Honda,Odyssey,Minivan,2014,12,Automatic,Petrol,5,163906,8050
Honda,Civic,Sedan,2026,0,Automatic,Petrol,1,500,22390
Chevrolet,Equinox,SUV,2015,11,Automatic,Petrol,1,161603,7010
Toyota,Corolla,Sedan,2020,6,CVT,Diesel,3,145601,7590
Volkswagen,ID.4,SUV,2020,6,Automatic,Electric,1,70943,18250
Kia,EV6,SUV,2021,5,Automatic,Electric,2,83380,21920
Ford,Mustang Convertible,Convertible,2022,4,CVT,CNG,2,50256,20320
Lexus,ES,Sedan,2023,3,Automatic,Petrol,2,30349,27500
Toyota,Prius,Hatchback,2025,1,Semi-Automatic,Petrol,1,17194,20980
Chevrolet,Traverse,SUV,2020,6,Automatic,Petrol,3,97015,16440
Land Rover,Range Rover Sport,SUV,2025,1,Manual,Diesel,1,12594,61260
BMW,3 Series,Sedan,2019,7,Automatic,Hybrid,3,58169,19140
Nissan,Altima,Sedan,2024,2,Automatic,Petrol,1,39502,18670
Honda,Civic,Sedan,2020,6,Manual,Petrol,3,56007,9980
Volkswagen,Atlas,SUV,2013,13,Automatic,Petrol,5,250974,4410
Chevrolet,Malibu,Sedan,2021,5,CVT,Petrol,1,51469,13130
Suzuki,Swift,Hatchback,2016,10,Automatic,Diesel,2,195805,1940
Jeep,Grand Cherokee,SUV,2018,8,Automatic,Petrol,2,116463,13850
Tesla,Model Y,SUV,2018,8,Automatic,Electric,2,101588,15530
Lexus,IS,Sedan,2022,4,Automatic,Petrol,1,73753,23950
Kia,K5,Sedan,2025,1,Automatic,Hybrid,1,20741,21120
Nissan,Murano,SUV,2011,15,Automatic,Petrol,4,101394,6220
Kia,K5,Sedan,2011,15,CVT,Petrol,1,226255,3830
Ford,Mustang Convertible,Convertible,2023,3,Semi-Automatic,Hybrid,2,45318,27130
Honda,Odyssey,Minivan,2017,9,Manual,CNG,1,86223,10660
Kia,EV6,SUV,2024,2,Automatic,Electric,1,23550,30210
Nissan,Versa,Hatchback,2025,1,Automatic,Diesel,1,11260,12680
Nissan,Murano,SUV,2013,13,Automatic,Diesel,5,193564,6130
Kia,Sportage,SUV,2016,10,Automatic,Diesel,2,190249,6770
Mercedes-Benz,GLC,SUV,2021,5,Automatic,Petrol,2,71451,23960
Lexus,IS,Sedan,2013,13,Manual,Petrol,1,140207,8630
BMW,4 Series,Coupe,2021,5,CVT,Petrol,1,62557,25830
Volvo,XC90,SUV,2021,5,Manual,Petrol,1,42035,28430
Volkswagen,Golf,Hatchback,2024,2,CVT,Petrol,1,55363,16200
Chevrolet,Camaro,Coupe,2021,5,Automatic,Diesel,1,102830,16790
Ford,F-150,Truck,2016,10,Automatic,Petrol,4,118521,11340
BMW,5 Series,Sedan,2026,0,Automatic,Hybrid,1,500,54260
Subaru,Outback,SUV,2024,2,Manual,Petrol,1,24254,20600
Toyota,Prius,Hatchback,2017,9,Automatic,Petrol,1,159117,8180
Mini,Cooper,Hatchback,2022,4,Automatic,Petrol,1,35762,16090
Hyundai,Sonata,Sedan,2018,8,Semi-Automatic,Petrol,3,90489,9880
Jeep,Compass,SUV,2022,4,Automatic,Petrol,2,50691,16880
Kia,Sorento,SUV,2022,4,CVT,Diesel,1,72030,19060
Toyota,Yaris Hatchback,Hatchback,2022,4,Manual,Petrol,2,68279,8990
Hyundai,Veloster,Coupe,2012,14,CVT,Petrol,1,359794,1200
Mini,Cooper,Hatchback,2025,1,CVT,Petrol,1,9900,22200
Tesla,Model 3,Sedan,2024,2,Automatic,Electric,1,41151,28440
Land Rover,Range Rover Sport,SUV,2021,5,Automatic,Petrol,1,69296,42350
Toyota,Corolla,Sedan,2020,6,CVT,Diesel,1,79900,11010
Kia,Rio,Hatchback,2015,11,Automatic,Petrol,3,99676,4930
Lexus,ES,Sedan,2022,4,Automatic,Petrol,1,53914,25270
Tesla,Model X,SUV,2025,1,Automatic,Electric,1,13361,64560
Skoda,Octavia,Sedan,2021,5,Manual,Petrol,1,54013,12810
Fiat,500,Hatchback,2019,7,Automatic,Petrol,2,129866,7290
BMW,5 Series,Sedan,2025,1,Manual,Diesel,1,19625,43880
Kia,Sorento,SUV,2016,10,Automatic,Hybrid,2,166089,9700
Toyota,Prius,Hatchback,2022,4,Automatic,Hybrid,2,100702,14330
Honda,Fit,Hatchback,2012,14,CVT,Petrol,5,210023,2290
BMW,3 Series,Sedan,2019,7,Automatic,Petrol,3,147898,15310
Mazda,MX-5 Miata,Convertible,2022,4,CVT,Petrol,2,37005,17190
Volkswagen,Passat,Sedan,2021,5,Manual,Diesel,2,61783,11830
Toyota,Tacoma,Truck,2017,9,CVT,Petrol,2,193579,6970
Toyota,Highlander,SUV,2024,2,Automatic,Hybrid,1,21752,27790
Nissan,370Z,Coupe,2020,6,Automatic,Diesel,2,49723,15310
Mercedes-Benz,C-Class Coupe,Coupe,2023,3,Automatic,Diesel,2,32230,30570
BMW,5 Series,Sedan,2025,1,Automatic,Petrol,1,17376,44480
Hyundai,i20,Hatchback,2026,0,Automatic,Diesel,1,500,15050
Kia,Rio,Hatchback,2021,5,CVT,Petrol,2,55958,9490
Hyundai,Santa Fe,SUV,2024,2,Automatic,Petrol,1,32013,24060
Nissan,Titan,Truck,2023,3,Automatic,Petrol,1,44627,23480
Nissan,Leaf,Hatchback,2020,6,Automatic,Electric,1,61494,13650
Kia,EV6,SUV,2015,11,Automatic,Electric,3,129137,10290
Volkswagen,ID.4,SUV,2017,9,Automatic,Electric,3,133593,12070
Honda,Pilot,SUV,2023,3,Automatic,Petrol,2,20149,25570
Tesla,Model Y,SUV,2020,6,Automatic,Electric,2,75735,20850
Peugeot,208,Hatchback,2025,1,Automatic,Petrol,1,22348,14960
Toyota,GR86,Coupe,2018,8,Automatic,Diesel,1,56800,11430
Tesla,Model Y,SUV,2021,5,Automatic,Electric,1,50233,25210
Kia,Carnival,Minivan,2014,12,Automatic,Diesel,2,297400,1990
Hyundai,Santa Fe,SUV,2025,1,CVT,Petrol,1,16443,25990
Mercedes-Benz,E-Class,Sedan,2017,9,Automatic,Petrol,1,146550,19700
Chevrolet,Bolt EV,Hatchback,2024,2,Automatic,Electric,1,21210,19330
GMC,Terrain,SUV,2022,4,Automatic,Petrol,2,47596,17510
Kia,Rio,Hatchback,2016,10,Automatic,Hybrid,1,120378,6040
BMW,5 Series,Sedan,2019,7,CVT,Petrol,3,121365,20160
Ford,Mustang Convertible,Convertible,2017,9,Automatic,Petrol,4,103037,12180
Kia,Forte,Sedan,2022,4,Automatic,Petrol,2,110941,10690
Audi,A6,Sedan,2020,6,Manual,Petrol,2,71761,24710
Toyota,Camry,Sedan,2021,5,Automatic,Petrol,1,51062,15910
Chevrolet,Spark,Hatchback,2021,5,CVT,Petrol,1,42826,8220
Ford,Mustang Mach-E,SUV,2016,10,Automatic,Electric,1,138981,13620
Honda,Fit,Hatchback,2024,2,Automatic,Petrol,1,24532,13770
Toyota,Yaris Hatchback,Hatchback,2021,5,Automatic,Petrol,1,100527,7960
Mercedes-Benz,E-Class,Sedan,2023,3,Automatic,Petrol,2,60039,33820
Volvo,XC90,SUV,2021,5,Manual,Petrol,2,78270,26940
Toyota,GR86,Coupe,2024,2,Automatic,Petrol,1,19456,20800
Kia,Carnival,Minivan,2024,2,Automatic,CNG,1,20653,25020
Hyundai,Tucson,SUV,2019,7,Automatic,Petrol,3,72536,11900
BMW,3 Series,Sedan,2022,4,Manual,Petrol,1,89900,24200
Mazda,MX-5 Miata,Convertible,2023,3,Automatic,Petrol,1,65226,19880
Toyota,Sienna,Minivan,2018,8,Manual,Petrol,3,128212,11760
Honda,Civic,Sedan,2022,4,CVT,Petrol,2,80015,13670
Honda,Civic,Sedan,2020,6,Automatic,Petrol,3,112437,9180
GMC,Sierra 1500,Truck,2019,7,Automatic,Petrol,2,123739,14900
Nissan,Sentra,Sedan,2019,7,Automatic,Petrol,1,139469,6510
GMC,Acadia,SUV,2021,5,Automatic,Petrol,1,79216,20080
Ford,Mustang Mach-E,SUV,2021,5,Automatic,Electric,1,59037,23640
Toyota,GR86,Coupe,2025,1,Manual,Petrol,1,10353,22380
Toyota,RAV4,SUV,2019,7,Automatic,Hybrid,1,95232,14250
Volkswagen,ID.4,SUV,2025,1,Automatic,Electric,1,26142,29260
Audi,Q7,SUV,2026,0,Automatic,Petrol,1,500,55100
Ford,Fusion,Sedan,2016,10,Manual,Petrol,2,129860,6570
Honda,Odyssey,Minivan,2023,3,Automatic,Petrol,1,32043,24040
Toyota,Yaris,Sedan,2024,2,Automatic,Petrol,1,44711,12110
Nissan,370Z,Coupe,2023,3,Manual,Petrol,1,30306,20780
Hyundai,Veloster,Coupe,2020,6,Manual,Petrol,3,108116,7850
Honda,City,Sedan,2020,6,Automatic,CNG,1,89920,7130
Nissan,Sentra,Sedan,2021,5,Manual,Diesel,1,66768,10070
Mazda,CX-9,SUV,2022,4,Automatic,Diesel,2,30711,22130
Honda,Odyssey,Minivan,2017,9,Automatic,Diesel,4,179451,9080
Kia,Sorento,SUV,2024,2,CVT,Petrol,1,14880,24950
Toyota,Camry,Sedan,2024,2,CVT,Petrol,1,29342,19130
Mercedes-Benz,GLC,SUV,2020,6,Automatic,Petrol,3,58772,23270
Toyota,Camry,Sedan,2020,6,Automatic,Diesel,3,43519,11910
Subaru,Outback,SUV,2015,11,Automatic,Diesel,4,157651,6860
Volkswagen,Passat,Sedan,2024,2,Automatic,Diesel,1,30079,17930
Mercedes-Benz,C-Class Coupe,Coupe,2023,3,Automatic,Petrol,1,23060,34270
Toyota,Prius Prime,Hatchback,2018,8,Automatic,Hybrid,1,114045,12170
Chevrolet,Camaro,Coupe,2021,5,Automatic,Petrol,1,28759,16130
Toyota,GR86,Coupe,2020,6,Automatic,Petrol,1,83001,15030
Honda,Odyssey,Minivan,2021,5,Automatic,Petrol,2,73926,17900
Jeep,Compass,SUV,2023,3,Automatic,Petrol,1,71310,18520
Toyota,Tacoma,Truck,2019,7,Automatic,Petrol,3,88017,12890
Ford,Focus,Hatchback,2024,2,Automatic,Hybrid,1,23062,15490
Toyota,Sienna,Minivan,2023,3,Automatic,Petrol,1,35522,23610
Ford,F-150,Truck,2024,2,Manual,Petrol,1,27203,24990
Toyota,Prius Prime,Hatchback,2019,7,Manual,Hybrid,3,156614,9560
Toyota,Corolla,Sedan,2022,4,Automatic,Petrol,1,27356,13450
Land Rover,Range Rover Evoque,SUV,2019,7,Manual,Hybrid,2,115791,20650
Lexus,IS,Sedan,2024,2,Automatic,Hybrid,1,19993,31240
Kia,EV6,SUV,2021,5,Automatic,Electric,1,100285,20400
Chrysler,Pacifica,Minivan,2019,7,Automatic,Petrol,2,82491,15850
Chevrolet,Equinox,SUV,2019,7,Automatic,Hybrid,2,167000,9880
Volkswagen,Tiguan,SUV,2017,9,Automatic,Petrol,2,100206,9840
Toyota,GR86,Coupe,2020,6,Automatic,Petrol,1,111216,14020
Mini,Cooper,Hatchback,2023,3,Automatic,Petrol,2,33612,17960
Toyota,Camry,Sedan,2023,3,Manual,Petrol,1,45024,18530
Hyundai,Elantra,Sedan,2022,4,Semi-Automatic,Petrol,1,38419,13630
Mini,Cooper Convertible,Convertible,2019,7,CVT,Petrol,3,102643,11120
Mini,Cooper Convertible,Convertible,2013,13,CVT,Petrol,3,198397,5900
Toyota,Highlander,SUV,2024,2,Manual,Hybrid,1,42296,28170
Volkswagen,Jetta,Sedan,2018,8,Automatic,Petrol,1,82645,8110
Kia,K5,Sedan,2021,5,Automatic,Petrol,1,74464,12900
Subaru,Forester,SUV,2023,3,Automatic,Petrol,2,35966,17470
Volvo,XC90,SUV,2016,10,CVT,Diesel,1,191529,15880
Ford,Mustang Mach-E,SUV,2018,8,Automatic,Electric,1,116661,16290
Kia,Sportage,SUV,2018,8,Automatic,Petrol,3,114866,9910
Honda,CR-V,SUV,2023,3,Automatic,Diesel,2,35219,17770
Ford,Mustang,Coupe,2019,7,CVT,Petrol,2,120995,12500
Lexus,ES,Sedan,2020,6,Automatic,Diesel,1,78253,19220
Tesla,Model 3,Sedan,2019,7,Automatic,Electric,1,55736,17910
Hyundai,i20,Hatchback,2018,8,Automatic,Hybrid,1,79483,5950
Mercedes-Benz,GLE,SUV,2019,7,Automatic,Hybrid,3,45741,27460
Kia,K5,Sedan,2011,15,Automatic,Petrol,2,262276,2680
Nissan,Rogue,SUV,2022,4,Semi-Automatic,CNG,2,35962,16160
Mazda,CX-9,SUV,2022,4,Automatic,Petrol,1,73194,20730
Audi,A6,Sedan,2011,15,Automatic,Petrol,4,271639,6660
Ford,Mustang,Coupe,2022,4,Automatic,Petrol,2,54675,18440
Mazda,CX-5,SUV,2017,9,Automatic,Diesel,3,123838,8980
Skoda,Octavia,Sedan,2024,2,Automatic,CNG,1,28720,16590
GMC,Sierra 1500,Truck,2025,1,Manual,CNG,1,12164,28440
Toyota,Tacoma,Truck,2023,3,Manual,Petrol,2,35840,20190
Mercedes-Benz,GLC,SUV,2017,9,Automatic,Petrol,4,175778,12780
Mazda,CX-5,SUV,2025,1,CVT,CNG,1,17706,22970
Ford,Focus,Hatchback,2019,7,Automatic,Petrol,3,161169,5970
Mazda,CX-9,SUV,2015,11,Automatic,Hybrid,1,141123,10690
Porsche,911,Coupe,2020,6,CVT,Petrol,1,111231,51970
Jeep,Grand Cherokee,SUV,2023,3,Manual,Petrol,1,56422,24590
Tesla,Model X,SUV,2025,1,Automatic,Electric,1,15762,66680
Land Rover,Range Rover Sport,SUV,2021,5,Automatic,Petrol,1,90179,41350
Nissan,Versa,Hatchback,2012,14,Automatic,Petrol,5,342315,1200
Mini,Cooper Convertible,Convertible,2022,4,Automatic,Petrol,2,46321,18400
Volkswagen,Atlas,SUV,2020,6,Manual,Petrol,2,84515,14990
Toyota,Yaris,Sedan,2020,6,Automatic,Petrol,3,95006,6740
Honda,Ridgeline,Truck,2021,5,Automatic,Petrol,2,76618,18900
BMW,5 Series,Sedan,2024,2,Automatic,Diesel,1,21952,38740
Chevrolet,Camaro,Coupe,2026,0,Automatic,Petrol,1,500,31730
Hyundai,i20,Hatchback,2020,6,Manual,Hybrid,2,58591,6970
Porsche,911,Coupe,2024,2,Manual,Petrol,1,35157,76350
Toyota,RAV4,SUV,2025,1,Automatic,CNG,1,14766,23990
Ram,1500,Truck,2025,1,Automatic,Diesel,1,15765,30330
Porsche,911,Coupe,2015,11,Automatic,Diesel,4,146072,29610
Honda,City,Sedan,2015,11,Automatic,Petrol,4,141780,4580
Ford,Explorer,SUV,2014,12,Automatic,Petrol,5,287611,4710
Hyundai,Santa Fe,SUV,2017,9,Automatic,Diesel,4,104257,10920
Nissan,Versa,Hatchback,2016,10,Automatic,Petrol,1,127672,4900
BMW,Z4,Convertible,2022,4,Automatic,Petrol,1,50959,32870
Toyota,Highlander,SUV,2015,11,Automatic,Hybrid,1,209460,9620
Chrysler,Pacifica,Minivan,2018,8,Automatic,Petrol,3,118312,12700
Chevrolet,Malibu,Sedan,2022,4,Automatic,CNG,1,57472,14180
Volvo,XC90,SUV,2025,1,Manual,Petrol,1,16975,46280
BMW,4 Series,Coupe,2023,3,Manual,Petrol,2,53434,29650
Chevrolet,Spark,Hatchback,2017,9,Automatic,Petrol,3,150426,3640
Lexus,ES,Sedan,2025,1,Automatic,Petrol,1,18256,35720
Kia,EV6,SUV,2015,11,Automatic,Electric,2,71268,12100
BMW,3 Series,Sedan,2019,7,Automatic,Petrol,1,55640,19800
Nissan,Leaf,Hatchback,2026,0,Automatic,Electric,1,500,24790
BMW,Z4,Convertible,2024,2,Semi-Automatic,Petrol,1,31627,40990
Volkswagen,ID.4,SUV,2020,6,Automatic,Electric,1,76494,18630
Nissan,Rogue,SUV,2022,4,Semi-Automatic,Hybrid,2,75793,18010
Tesla,Model S,Sedan,2018,8,Automatic,Electric,1,177529,23570
Tesla,Model X,SUV,2013,13,Automatic,Electric,1,147109,20320
BMW,X3,SUV,2024,2,Automatic,Petrol,1,24111,35050
Mazda,CX-9,SUV,2019,7,Automatic,CNG,1,60918,15870
Nissan,Rogue,SUV,2017,9,Automatic,Hybrid,3,53137,10550
Mercedes-Benz,GLC,SUV,2016,10,Automatic,Petrol,2,273975,12390
Ford,Focus,Hatchback,2015,11,CVT,Petrol,3,174215,4700
Hyundai,i20,Hatchback,2013,13,Automatic,Diesel,4,193773,2100
Honda,Ridgeline,Truck,2014,12,Manual,Petrol,5,176955,7400
BMW,X3,SUV,2024,2,Automatic,Hybrid,1,29831,34470
Kia,Carnival,Minivan,2013,13,Automatic,Diesel,2,149470,6870
Audi,A4,Sedan,2025,1,CVT,Diesel,1,14940,32200
Nissan,Leaf,Hatchback,2021,5,Automatic,Electric,1,63611,15250
Nissan,Sentra,Sedan,2021,5,Automatic,Petrol,1,58253,11900
Audi,A6,Sedan,2017,9,Automatic,Petrol,4,195213,15210
Mercedes-Benz,C-Class Coupe,Coupe,2022,4,Automatic,Diesel,2,52162,28160
Honda,Odyssey,Minivan,2023,3,CVT,Diesel,1,37199,23380
BMW,3 Series,Sedan,2019,7,Automatic,Hybrid,3,59205,18640
Hyundai,i20,Hatchback,2020,6,Automatic,Petrol,2,58887,7410
Fiat,500,Hatchback,2023,3,Automatic,Petrol,2,62704,11170
Chevrolet,Spark,Hatchback,2020,6,Automatic,Petrol,1,75292,7330
Mini,Cooper,Hatchback,2024,2,Automatic,Hybrid,1,42330,21350
Tesla,Model 3,Sedan,2021,5,Automatic,Electric,2,62290,21960
Audi,A5,Coupe,2024,2,CVT,Petrol,1,26161,35860
BMW,X5,SUV,2020,6,Manual,Petrol,1,68734,31340
Hyundai,Ioniq 5,SUV,2017,9,Automatic,Electric,2,85920,13430
Chevrolet,Malibu,Sedan,2018,8,Automatic,Petrol,1,117711,8550
Lexus,RX,SUV,2022,4,Automatic,Diesel,1,46722,27420
Ford,F-150,Truck,2021,5,Automatic,Petrol,1,55074,19060
Ford,Mustang Mach-E,SUV,2013,13,Automatic,Electric,1,233123,7520
Tesla,Model 3,Sedan,2016,10,Automatic,Electric,1,192840,10830
Hyundai,Santa Fe,SUV,2021,5,Manual,Petrol,1,65978,16650
Hyundai,Tucson,SUV,2016,10,Manual,Hybrid,4,237303,5090
GMC,Acadia,SUV,2025,1,Automatic,Diesel,1,6684,29400
Subaru,Outback,SUV,2024,2,Manual,Petrol,1,24428,21770
Nissan,Versa,Hatchback,2014,12,Automatic,CNG,4,141957,3380
Mazda,Mazda3,Sedan,2020,6,Manual,Diesel,3,86924,9030
Honda,Ridgeline,Truck,2023,3,Automatic,Petrol,1,36315,27190
Mini,Cooper Convertible,Convertible,2022,4,Automatic,Petrol,1,34881,17630
Chevrolet,Silverado 1500,Truck,2020,6,Automatic,Petrol,1,48605,17140
BMW,X5,SUV,2021,5,Automatic,Petrol,2,41174,31330
Suzuki,Swift,Hatchback,2023,3,Manual,Petrol,1,47342,8970
Chrysler,Pacifica,Minivan,2018,8,Automatic,Petrol,1,100332,14750
Jeep,Wrangler,SUV,2019,7,Semi-Automatic,Petrol,1,95813,16300
Honda,Odyssey,Minivan,2025,1,Automatic,Petrol,1,15312,30060
Ford,Mustang Convertible,Convertible,2024,2,Automatic,Diesel,1,16051,25810
Tesla,Model X,SUV,2022,4,Automatic,Electric,1,57969,51380
Land Rover,Range Rover Evoque,SUV,2016,10,Automatic,Hybrid,1,102718,16370
Nissan,370Z,Coupe,2019,7,Automatic,Petrol,1,123705,13940
Jeep,Grand Cherokee,SUV,2020,6,Automatic,Petrol,2,102452,18160
Hyundai,Veloster,Coupe,2023,3,Semi-Automatic,Diesel,1,34642,14940
Chrysler,Pacifica,Minivan,2022,4,CVT,Hybrid,1,50179,23000
Subaru,Legacy,Sedan,2025,1,Automatic,Petrol,1,14085,19840
Lexus,IS,Sedan,2025,1,Automatic,Petrol,1,11980,33480
Skoda,Octavia,Sedan,2015,11,Automatic,Petrol,3,98736,6650
Toyota,RAV4,SUV,2020,6,Automatic,Hybrid,3,59005,13550
Volvo,XC90,SUV,2020,6,Automatic,Petrol,2,79291,28590
GMC,Terrain,SUV,2017,9,Automatic,Petrol,1,110820,11280
Hyundai,Santa Fe,SUV,2018,8,Automatic,Petrol,2,89351,12410
Chevrolet,Spark,Hatchback,2024,2,Automatic,Hybrid,1,40289,10730
Mazda,CX-9,SUV,2023,3,Automatic,Petrol,1,61035,22500
Tesla,Model Y,SUV,2023,3,Automatic,Electric,2,38772,29670
Porsche,911,Coupe,2024,2,Automatic,Petrol,1,20615,81190
GMC,Sierra 1500,Truck,2023,3,Automatic,Hybrid,1,39888,27140
Tesla,Model 3,Sedan,2017,9,Automatic,Electric,2,146863,13170
Hyundai,Elantra,Sedan,2022,4,CVT,Petrol,1,28003,12730
Nissan,Versa,Hatchback,2021,5,Manual,Petrol,2,48399,8530
Subaru,Outback,SUV,2021,5,Automatic,Diesel,1,75047,15020
Ford,Focus,Hatchback,2020,6,Automatic,CNG,3,155391,5170
Chevrolet,Traverse,SUV,2021,5,Automatic,Petrol,2,44848,19000
Honda,CR-V,SUV,2018,8,CVT,CNG,3,159148,7450
Honda,CR-V,SUV,2020,6,Automatic,Hybrid,3,73095,14190
Mazda,MX-5 Miata,Convertible,2022,4,Automatic,Petrol,1,53812,18400
Mazda,Mazda6,Sedan,2017,9,Automatic,Petrol,1,189352,5230
Mercedes-Benz,C-Class,Sedan,2025,1,Automatic,Petrol,1,9095,36490
Mercedes-Benz,GLE,SUV,2019,7,Automatic,Petrol,2,87022,25580
Tesla,Model X,SUV,2020,6,Automatic,Electric,2,90362,37560
Ford,F-150,Truck,2020,6,CVT,Petrol,1,98781,16820
Mazda,CX-5,SUV,2023,3,CVT,Hybrid,2,23066,19660
Suzuki,Swift,Hatchback,2021,5,Manual,CNG,1,59418,7700
Kia,Forte,Sedan,2024,2,Automatic,Diesel,1,21094,13870
Jeep,Compass,SUV,2019,7,CVT,Petrol,1,104943,11550
Mazda,CX-5,SUV,2018,8,Semi-Automatic,Diesel,1,102023,10620
Peugeot,208,Hatchback,2019,7,Manual,Hybrid,3,119615,7120
Chevrolet,Traverse,SUV,2013,13,Automatic,Petrol,4,243752,4660
Mazda,Mazda6,Sedan,2018,8,Manual,Petrol,1,120413,8530
Toyota,Tacoma,Truck,2018,8,Automatic,Petrol,2,126492,11060
Skoda,Octavia,Sedan,2021,5,Manual,Petrol,2,99511,11490
Kia,EV6,SUV,2020,6,Automatic,Electric,2,65890,20950
Mazda,CX-5,SUV,2021,5,Automatic,Petrol,1,69876,16430
Chevrolet,Bolt EV,Hatchback,2017,9,Automatic,Electric,3,86009,7730
Subaru,Legacy,Sedan,2022,4,Semi-Automatic,Petrol,2,55687,14160
Audi,A4,Sedan,2013,13,Manual,Petrol,1,142229,9550
Toyota,RAV4,SUV,2019,7,Automatic,Hybrid,1,93989,14430
Toyota,GR86,Coupe,2018,8,CVT,Petrol,1,92962,12310
Honda,Ridgeline,Truck,2013,13,Automatic,Petrol,5,168060,7550
Hyundai,Elantra,Sedan,2023,3,Automatic,Diesel,1,48721,13130
Chevrolet,Camaro Convertible,Convertible,2018,8,Automatic,Diesel,2,182477,11480
Toyota,Yaris,Sedan,2020,6,Automatic,Petrol,3,64536,7100
Nissan,Sentra,Sedan,2021,5,Automatic,Diesel,1,100937,8930
Volkswagen,Atlas,SUV,2013,13,Automatic,Petrol,2,144798,8140
Toyota,Corolla,Sedan,2019,7,Automatic,Diesel,1,149294,6950
Ford,Explorer,SUV,2020,6,CVT,Petrol,1,65094,18280
BMW,X3,SUV,2022,4,Automatic,Petrol,1,26864,28190
Chevrolet,Equinox,SUV,2018,8,Automatic,Petrol,3,137548,9560
Ram,1500,Truck,2024,2,Automatic,Petrol,1,27014,27230
Tesla,Model Y,SUV,2020,6,Automatic,Electric,2,53825,21130
BMW,X5,SUV,2014,12,Automatic,Petrol,1,172323,16230
GMC,Acadia,SUV,2022,4,Automatic,Petrol,1,40688,23200
Subaru,Forester,SUV,2022,4,Manual,Petrol,1,70126,15850
Audi,A6,Sedan,2020,6,Manual,Petrol,1,64473,25680
Audi,A6,Sedan,2020,6,Automatic,Petrol,3,110042,23150
Volkswagen,Tiguan,SUV,2020,6,Manual,Petrol,1,105028,12400
Honda,City,Sedan,2021,5,Automatic,Hybrid,1,43024,9790
Jeep,Compass,SUV,2026,0,Automatic,Diesel,1,500,26840
Land Rover,Range Rover Sport,SUV,2016,10,Manual,Petrol,3,146780,22870
Volkswagen,Tiguan,SUV,2016,10,Manual,Petrol,3,76247,8100
Subaru,Legacy,Sedan,2019,7,Automatic,Petrol,1,61008,11570
Kia,Rio,Hatchback,2015,11,Semi-Automatic,Petrol,1,129934,5140
Honda,City,Sedan,2025,1,Semi-Automatic,Petrol,1,14429,15540
GMC,Terrain,SUV,2014,12,Automatic,Hybrid,5,113638,6470
Chevrolet,Spark,Hatchback,2023,3,Manual,Diesel,2,71399,7480
Toyota,Yaris,Sedan,2023,3,Semi-Automatic,Petrol,2,34042,10560
Lexus,RX,SUV,2021,5,Automatic,Petrol,2,67042,25830
Hyundai,Veloster,Coupe,2020,6,CVT,Petrol,3,157762,7240
Mazda,Mazda3,Sedan,2011,15,Semi-Automatic,Petrol,4,290389,1200
Volkswagen,Golf,Hatchback,2016,10,Manual,Petrol,3,133999,6840
Chevrolet,Malibu,Sedan,2015,11,Automatic,Petrol,1,161138,6290
Audi,Q5,SUV,2020,6,Manual,Diesel,1,53923,21280
Fiat,500,Hatchback,2023,3,Automatic,Petrol,1,55985,11050
Mini,Cooper,Hatchback,2017,9,Automatic,Petrol,3,215181,4080
Toyota,Camry,Sedan,2025,1,CVT,Hybrid,1,21715,23860
BMW,Z4,Convertible,2024,2,Automatic,CNG,1,17381,36730
Mazda,Mazda6,Sedan,2025,1,Automatic,Petrol,1,9785,20620
Mercedes-Benz,GLE,SUV,2019,7,Automatic,Petrol,2,145855,24930
Honda,Accord,Sedan,2021,5,Automatic,Petrol,2,83509,14220
Honda,CR-V,SUV,2023,3,Automatic,Hybrid,1,27940,21190
Mini,Cooper Convertible,Convertible,2020,6,Automatic,Petrol,2,91885,14400
Hyundai,Tucson,SUV,2022,4,Automatic,Hybrid,1,57273,18230
Honda,Insight,Sedan,2026,0,CVT,Diesel,1,500,22110
BMW,Z4,Convertible,2019,7,Automatic,Hybrid,3,171890,20480
Volkswagen,ID.4,SUV,2013,13,Automatic,Electric,4,204766,6880
Mazda,MX-5 Miata,Convertible,2018,8,Manual,Petrol,1,170670,9370
Hyundai,Santa Fe,SUV,2020,6,Automatic,Petrol,1,66665,17020
Lexus,ES,Sedan,2025,1,Automatic,Petrol,1,11977,34290
Nissan,Versa,Hatchback,2026,0,Automatic,Petrol,1,500,15500
Ford,F-150,Truck,2013,13,CVT,Petrol,3,206823,7110
Lexus,NX,SUV,2025,1,Automatic,Petrol,1,11266,34750
Honda,Insight,Sedan,2018,8,Automatic,Diesel,1,144901,7840
BMW,5 Series,Sedan,2019,7,Automatic,Hybrid,3,94218,22920
Toyota,Highlander,SUV,2021,5,Automatic,CNG,1,78371,19830
Ford,Explorer,SUV,2019,7,Automatic,Petrol,1,134731,15360
Toyota,GR86,Coupe,2020,6,Automatic,Petrol,2,124946,12730
Chevrolet,Silverado 1500,Truck,2016,10,CVT,Petrol,4,129104,9630
Mini,Cooper Convertible,Convertible,2022,4,Automatic,CNG,2,64450,15550
Honda,Civic,Sedan,2023,3,Manual,Petrol,2,28908,14470
Lexus,RX,SUV,2017,9,Automatic,Diesel,1,57627,17790
Volkswagen,Atlas,SUV,2022,4,Manual,Diesel,2,66283,19900
Nissan,Titan,Truck,2019,7,Automatic,Hybrid,3,144161,12850
Audi,A6,Sedan,2019,7,Automatic,Hybrid,2,88102,24730
Porsche,911,Coupe,2013,13,Automatic,Diesel,2,166265,22510
Mercedes-Benz,C-Class,Sedan,2019,7,Automatic,Petrol,3,76455,17660
Toyota,Highlander,SUV,2021,5,Automatic,Diesel,2,39473,20160
Tesla,Model Y,SUV,2023,3,Automatic,Electric,2,27110,28860
Hyundai,Elantra,Sedan,2018,8,Automatic,Petrol,1,63057,9030
Chrysler,Pacifica,Minivan,2020,6,Automatic,Petrol,3,109017,15850
Subaru,Legacy,Sedan,2016,10,Manual,Hybrid,4,204752,3860
Volkswagen,Jetta,Sedan,2025,1,Automatic,Petrol,1,25986,17540
Subaru,Legacy,Sedan,2018,8,Automatic,Petrol,1,78489,9550
Toyota,Corolla,Sedan,2025,1,Automatic,Petrol,1,15352,19210
Skoda,Octavia,Sedan,2018,8,Automatic,Petrol,3,118670,8810
BMW,Z4,Convertible,2026,0,CVT,CNG,1,500,47230
Jeep,Compass,SUV,2017,9,Automatic,Petrol,1,99283,10230
BMW,4 Series,Coupe,2023,3,CVT,Petrol,1,38478,31130
Toyota,GR86,Coupe,2023,3,CVT,Petrol,2,43534,18940
Renault,Clio,Hatchback,2025,1,CVT,Hybrid,1,11501,16190
Lexus,ES,Sedan,2015,11,Semi-Automatic,Petrol,4,134006,11360
Mercedes-Benz,C-Class Coupe,Coupe,2020,6,Manual,Diesel,3,50873,22140
Toyota,Camry,Sedan,2020,6,Automatic,Petrol,3,92953,12480
Jeep,Wrangler,SUV,2024,2,CVT,Diesel,1,34591,25400
Toyota,Tundra,Truck,2024,2,Manual,Hybrid,1,34019,27610
GMC,Acadia,SUV,2023,3,Manual,Petrol,1,58046,23610
Kia,Rio,Hatchback,2024,2,CVT,Diesel,1,26866,12940
Lexus,ES,Sedan,2019,7,Manual,Petrol,3,107675,15050
Chevrolet,Camaro Convertible,Convertible,2020,6,Manual,Petrol,3,40916,17040
Tesla,Model S,Sedan,2023,3,Automatic,Electric,2,55392,44550
Renault,Clio,Hatchback,2017,9,Automatic,Petrol,1,222990,4540
Ford,Explorer,SUV,2013,13,Semi-Automatic,Petrol,1,191733,7900
Lexus,ES,Sedan,2019,7,Automatic,Petrol,3,57446,16480
Jeep,Wrangler,SUV,2019,7,Automatic,Petrol,2,106096,13550
Volkswagen,ID.4,SUV,2021,5,Automatic,Electric,1,89195,19950
Tesla,Model X,SUV,2021,5,Automatic,Electric,2,44944,41050
Nissan,Titan,Truck,2017,9,CVT,Petrol,3,133104,11430
Toyota,Yaris Hatchback,Hatchback,2017,9,Manual,Petrol,2,100364,5480
Skoda,Octavia,Sedan,2015,11,Automatic,Petrol,3,208435,3570
Jeep,Wrangler,SUV,2015,11,Manual,Hybrid,2,89356,9950
Mercedes-Benz,GLC,SUV,2026,0,Automatic,Diesel,1,500,44030
Toyota,Prius,Hatchback,2023,3,Manual,Hybrid,1,35982,17860
Skoda,Octavia,Sedan,2022,4,Automatic,Petrol,1,79004,13400
Jeep,Wrangler,SUV,2025,1,Automatic,Diesel,1,25607,28520
BMW,3 Series,Sedan,2022,4,Automatic,Petrol,1,74602,25240
Nissan,Leaf,Hatchback,2021,5,Automatic,Electric,1,73824,13330
Mazda,CX-5,SUV,2021,5,Manual,Petrol,2,74031,13520
GMC,Terrain,SUV,2025,1,Automatic,Petrol,1,22418,25360
Honda,Insight,Sedan,2020,6,Automatic,Hybrid,1,90184,11840
BMW,Z4,Convertible,2023,3,Automatic,Petrol,1,56009,34690
Volkswagen,Passat,Sedan,2013,13,Automatic,Petrol,1,215300,4640
Toyota,Tundra,Truck,2018,8,CVT,CNG,3,154502,11720
Audi,A5,Coupe,2018,8,Automatic,Petrol,1,93585,18430
Volkswagen,Golf,Hatchback,2018,8,CVT,Diesel,1,158670,6850
BMW,4 Series,Coupe,2020,6,Automatic,Petrol,2,50947,24850
Peugeot,208,Hatchback,2023,3,Automatic,Petrol,1,28401,12230
Toyota,Tacoma,Truck,2024,2,Automatic,Petrol,1,28931,23370
Mazda,Mazda6,Sedan,2021,5,Semi-Automatic,Petrol,1,82477,14100
Honda,Insight,Sedan,2021,5,Automatic,Hybrid,1,55781,13670
Land Rover,Range Rover Evoque,SUV,2020,6,Automatic,Petrol,3,86536,22750
BMW,3 Series,Sedan,2024,2,Automatic,Petrol,1,16335,33700
Hyundai,Santa Fe,SUV,2022,4,CVT,Petrol,1,39371,18750
Kia,Sorento,SUV,2019,7,CVT,Hybrid,2,92952,14280
Nissan,Leaf,Hatchback,2022,4,Automatic,Electric,1,29278,15350
GMC,Acadia,SUV,2020,6,Semi-Automatic,Diesel,1,117517,17020
Toyota,Prius Prime,Hatchback,2022,4,CVT,Petrol,1,76458,16070
Kia,K5,Sedan,2021,5,Manual,Diesel,2,32690,12050
Honda,Insight,Sedan,2013,13,Manual,Hybrid,5,183082,4840
Toyota,Yaris Hatchback,Hatchback,2025,1,Automatic,Petrol,1,15684,15000
Toyota,RAV4,SUV,2021,5,Automatic,Hybrid,1,51175,16730
Toyota,Camry,Sedan,2026,0,Automatic,Diesel,1,500,25520
Volkswagen,Tiguan,SUV,2021,5,Automatic,Diesel,2,108896,14080
Land Rover,Range Rover Sport,SUV,2021,5,Automatic,Petrol,2,49665,44050
Chevrolet,Bolt EV,Hatchback,2020,6,Automatic,Electric,3,72935,11000
Porsche,911,Coupe,2021,5,Automatic,Petrol,2,80967,54640
Mazda,Mazda6,Sedan,2026,0,Automatic,Petrol,1,500,26250
Mercedes-Benz,C-Class Coupe,Coupe,2025,1,Automatic,CNG,1,12547,36600
Audi,A5,Coupe,2022,4,Manual,Diesel,1,46628,24750
Mercedes-Benz,C-Class,Sedan,2024,2,Manual,Petrol,1,40946,32050
Chevrolet,Spark,Hatchback,2025,1,CVT,Petrol,1,14840,12340
Nissan,Versa,Hatchback,2018,8,Semi-Automatic,Petrol,1,54074,6780
Suzuki,Swift,Hatchback,2022,4,Manual,Petrol,2,26033,8470
Subaru,Forester,SUV,2015,11,CVT,Petrol,2,135627,7430
Toyota,Sienna,Minivan,2023,3,Automatic,Petrol,2,35684,22270
Subaru,Outback,SUV,2016,10,Automatic,Diesel,1,183112,7650
Ford,Mustang Convertible,Convertible,2023,3,Automatic,Petrol,2,47463,24540
Skoda,Octavia,Sedan,2025,1,Manual,Diesel,1,9752,18210
Toyota,GR86,Coupe,2018,8,Automatic,Diesel,2,165235,9880
Tesla,Model Y,SUV,2019,7,Automatic,Electric,2,160163,14330
Ford,Mustang,Coupe,2021,5,Manual,Petrol,1,57610,17480
Volkswagen,Jetta,Sedan,2024,2,CVT,Petrol,1,18155,14690
Audi,Q7,SUV,2011,15,Automatic,Petrol,5,202104,10230
Volvo,XC60,SUV,2015,11,Automatic,Diesel,1,107240,12250
BMW,Z4,Convertible,2016,10,Automatic,Petrol,1,82041,17610
Volkswagen,ID.4,SUV,2017,9,Automatic,Electric,2,173556,11200
Ford,Escape,SUV,2020,6,CVT,Petrol,3,41369,12770
Volvo,XC90,SUV,2024,2,CVT,Petrol,1,17538,43320
Volkswagen,Golf,Hatchback,2024,2,CVT,Petrol,1,25231,17160
Toyota,Yaris,Sedan,2017,9,Automatic,Diesel,2,122790,4960
Chevrolet,Traverse,SUV,2022,4,Automatic,Petrol,1,50410,22280
Toyota,RAV4,SUV,2020,6,Automatic,Hybrid,1,61268,16040
Nissan,Leaf,Hatchback,2020,6,Automatic,Electric,2,130097,11230
Skoda,Octavia,Sedan,2023,3,Automatic,Petrol,1,50859,16860
Mazda,CX-5,SUV,2021,5,Automatic,Petrol,2,90877,15280
Hyundai,Elantra,Sedan,2019,7,Automatic,Petrol,1,53924,9960
Volkswagen,Jetta,Sedan,2023,3,Automatic,Diesel,2,64533,12570
Kia,Rio,Hatchback,2020,6,CVT,Hybrid,3,66458,8550
Audi,Q7,SUV,2021,5,Automatic,Hybrid,2,94486,32730
Ram,1500,Truck,2024,2,Manual,Petrol,1,26520,27200
Hyundai,Tucson,SUV,2021,5,Automatic,Hybrid,1,81540,15150
Honda,Odyssey,Minivan,2023,3,Automatic,Petrol,1,27133,24990
Toyota,Prius Prime,Hatchback,2013,13,Manual,Diesel,4,178852,5890
Hyundai,i20,Hatchback,2021,5,Automatic,Petrol,1,69272,8160
Lexus,IS,Sedan,2022,4,Automatic,Petrol,2,37206,23480
Subaru,Forester,SUV,2021,5,Automatic,Petrol,1,100188,14260
Toyota,Corolla,Sedan,2023,3,Automatic,Petrol,2,18947,14320
Mazda,Mazda6,Sedan,2016,10,Automatic,Petrol,1,154133,7720
Jeep,Grand Cherokee,SUV,2025,1,CVT,Petrol,1,12194,34070
Kia,Sportage,SUV,2011,15,Manual,Petrol,1,120677,5100
Jeep,Grand Cherokee,SUV,2023,3,Automatic,Petrol,1,25698,27380
Honda,City,Sedan,2020,6,Automatic,Diesel,2,72702,7870
Volkswagen,Jetta,Sedan,2021,5,Manual,Petrol,1,87885,10240
GMC,Terrain,SUV,2016,10,CVT,Petrol,2,128385,8850
Audi,Q7,SUV,2021,5,Automatic,Petrol,1,53774,33450
Tesla,Model 3,Sedan,2025,1,Automatic,Electric,1,14638,30370
Mercedes-Benz,E-Class,Sedan,2013,13,Automatic,Petrol,2,232349,11340
Toyota,Prius,Hatchback,2015,11,Manual,Petrol,3,160781,6690
GMC,Sierra 1500,Truck,2024,2,Automatic,Diesel,1,18860,29340
BMW,X5,SUV,2017,9,Manual,CNG,3,95224,18990
BMW,4 Series,Coupe,2018,8,Manual,Petrol,3,126685,17540
Toyota,Yaris,Sedan,2025,1,Automatic,Petrol,1,14251,13040
Ram,1500,Truck,2016,10,Automatic,Petrol,3,81237,10740
Mazda,Mazda3,Sedan,2022,4,Automatic,Petrol,2,38133,13360
Volkswagen,Passat,Sedan,2026,0,CVT,Petrol,1,500,25780
Volvo,XC90,SUV,2017,9,Automatic,Hybrid,2,142503,19740
Subaru,Outback,SUV,2015,11,CVT,Petrol,2,182283,7080
Honda,Civic,Sedan,2021,5,CVT,Petrol,2,64595,11730
Toyota,GR86,Coupe,2025,1,CVT,Petrol,1,6552,22860
Mercedes-Benz,E-Class,Sedan,2023,3,Manual,Diesel,2,65903,35110
Hyundai,Ioniq 5,SUV,2011,15,Automatic,Electric,1,158362,7810
Lexus,RX,SUV,2022,4,Automatic,Petrol,2,72665,26090
Suzuki,Swift,Hatchback,2019,7,Automatic,Hybrid,2,80864,6750
Toyota,Corolla,Sedan,2017,9,Automatic,Petrol,4,124806,6390
Honda,Ridgeline,Truck,2023,3,Automatic,Diesel,2,54555,23090
Chevrolet,Malibu,Sedan,2022,4,Automatic,Petrol,2,37029,14870
Kia,K5,Sedan,2022,4,CVT,Petrol,2,60351,14730
Tesla,Model Y,SUV,2022,4,Automatic,Electric,2,37613,26680
Ford,Mustang Mach-E,SUV,2020,6,Automatic,Electric,3,120523,18750
Toyota,Tacoma,Truck,2012,14,Manual,Petrol,3,131057,6080
Ford,Fusion,Sedan,2021,5,Automatic,Hybrid,1,61885,12730
Honda,Civic,Sedan,2026,0,Manual,Petrol,1,500,21140
Ford,Escape,SUV,2020,6,Automatic,CNG,1,84778,13150
Volkswagen,Passat,Sedan,2012,14,Manual,Diesel,4,167461,4450
Subaru,Legacy,Sedan,2021,5,Manual,Petrol,2,63693,12230
Toyota,Tundra,Truck,2019,7,Automatic,Diesel,1,41915,17480
Mercedes-Benz,E-Class,Sedan,2024,2,Automatic,Petrol,1,32565,42360
Chevrolet,Spark,Hatchback,2025,1,Semi-Automatic,Diesel,1,22695,11470
Tesla,Model S,Sedan,2020,6,Automatic,Electric,3,62473,30170
BMW,X3,SUV,2021,5,CVT,Petrol,2,75919,25260
Mercedes-Benz,GLC,SUV,2024,2,Manual,Petrol,1,21514,34750
Tesla,Model S,Sedan,2022,4,Automatic,Electric,2,70924,39180
BMW,5 Series,Sedan,2023,3,CVT,Petrol,2,54631,34120
Audi,Q5,SUV,2024,2,Manual,Petrol,1,43274,32470
Fiat,500,Hatchback,2021,5,Manual,Hybrid,2,63703,9880
Lexus,RX,SUV,2018,8,Automatic,Petrol,2,87963,18120
Volvo,XC90,SUV,2024,2,Automatic,Petrol,1,33430,42860
Kia,EV6,SUV,2025,1,Automatic,Electric,1,15966,36390
Chevrolet,Camaro Convertible,Convertible,2024,2,Automatic,Diesel,1,34325,26380
Fiat,500,Hatchback,2021,5,CVT,Petrol,2,94886,8860
Mazda,CX-5,SUV,2021,5,CVT,Petrol,2,64877,14920
Nissan,370Z,Coupe,2013,13,Automatic,Petrol,2,257907,4070
Kia,Rio,Hatchback,2017,9,Automatic,Petrol,1,149798,4620
Hyundai,Sonata,Sedan,2025,1,Manual,Hybrid,1,26573,19900
BMW,Z4,Convertible,2021,5,CVT,Petrol,1,59141,28270
Kia,Carnival,Minivan,2015,11,CVT,Petrol,3,179946,7200
Skoda,Octavia,Sedan,2022,4,Automatic,CNG,2,48132,14130
Mini,Cooper,Hatchback,2015,11,Automatic,Petrol,1,95959,7930
Volkswagen,Jetta,Sedan,2022,4,Automatic,Petrol,2,70697,11670
Audi,A4,Sedan,2025,1,Automatic,Petrol,1,25539,34180
Toyota,Camry,Sedan,2014,12,Automatic,Diesel,1,114696,6970
Toyota,Camry,Sedan,2020,6,Manual,Diesel,2,46619,11850
BMW,4 Series,Coupe,2022,4,Automatic,Petrol,2,81472,26430
Honda,Pilot,SUV,2026,0,Automatic,Diesel,1,500,35300
Tesla,Model Y,SUV,2023,3,Automatic,Electric,1,29635,30850
BMW,X5,SUV,2019,7,CVT,Diesel,2,81092,24750
Volkswagen,Jetta,Sedan,2022,4,CVT,Petrol,1,41818,13030
Tesla,Model Y,SUV,2013,13,Automatic,Electric,3,123141,9610
Jeep,Compass,SUV,2019,7,Automatic,CNG,2,77777,11510
Kia,Forte,Sedan,2024,2,Automatic,Hybrid,1,15730,16750
Toyota,Corolla,Sedan,2016,10,Manual,Petrol,4,219907,3220
Toyota,Tacoma,Truck,2019,7,Manual,Petrol,1,93664,12470
Nissan,Altima,Sedan,2022,4,Automatic,Petrol,2,60477,14300
BMW,3 Series,Sedan,2026,0,Automatic,Hybrid,1,500,45240
Volkswagen,ID.4,SUV,2019,7,Automatic,Electric,2,88193,16180
Mercedes-Benz,C-Class,Sedan,2017,9,Automatic,Petrol,3,205636,11820
Hyundai,Tucson,SUV,2023,3,Automatic,Hybrid,2,42523,19540
BMW,X3,SUV,2020,6,Automatic,Petrol,2,87871,20510
Chevrolet,Equinox,SUV,2022,4,Automatic,Petrol,1,42095,16610
Hyundai,Ioniq 5,SUV,2022,4,Automatic,Electric,1,47909,24350
Mini,Cooper Convertible,Convertible,2023,3,Manual,Petrol,2,50328,18440
Mercedes-Benz,GLE,SUV,2022,4,Automatic,Petrol,2,68480,33150
Tesla,Model X,SUV,2019,7,Automatic,Electric,1,92333,35120
Ram,1500,Truck,2024,2,Manual,Petrol,1,21408,26420
Mercedes-Benz,GLE,SUV,2023,3,Manual,Petrol,1,33899,39400
Subaru,Forester,SUV,2022,4,Automatic,Petrol,1,60186,16110
Chevrolet,Spark,Hatchback,2021,5,Automatic,Petrol,2,107459,7600
Toyota,Camry,Sedan,2019,7,Automatic,Hybrid,3,137085,10400
Ford,Fusion,Sedan,2017,9,Automatic,Petrol,4,194417,3880
BMW,Z4,Convertible,2025,1,Manual,CNG,1,13210,37530
Audi,Q7,SUV,2023,3,Automatic,Petrol,2,46443,40500
Honda,Civic,Sedan,2024,2,Automatic,Petrol,1,24621,17700
Jeep,Grand Cherokee,SUV,2022,4,Manual,Petrol,2,72920,20090
Lexus,IS,Sedan,2026,0,Automatic,Petrol,1,500,41040
Fiat,500,Hatchback,2019,7,CVT,Petrol,2,137427,5740
Kia,Rio,Hatchback,2012,14,Automatic,Hybrid,3,205779,2380
Hyundai,Sonata,Sedan,2020,6,Automatic,Diesel,1,137369,11000
Kia,Sorento,SUV,2016,10,Manual,Petrol,4,200571,6960
Toyota,Tundra,Truck,2022,4,Automatic,Petrol,2,49090,23840
Audi,A6,Sedan,2026,0,Automatic,Hybrid,1,500,58000
Lexus,RX,SUV,2014,12,Automatic,Diesel,5,231824,8270
Toyota,Tundra,Truck,2016,10,Automatic,Petrol,2,99359,12880
Kia,Sorento,SUV,2022,4,Automatic,Petrol,2,54587,19240
Volkswagen,Atlas,SUV,2019,7,Automatic,Petrol,3,77621,14670
Chevrolet,Silverado 1500,Truck,2025,1,Automatic,Petrol,1,23526,28300
Kia,K5,Sedan,2022,4,Manual,Hybrid,1,49491,15500
Mini,Cooper,Hatchback,2023,3,Manual,Petrol,2,34087,16090
Hyundai,i20,Hatchback,2024,2,Automatic,Petrol,1,44297,10240
Nissan,Murano,SUV,2023,3,Automatic,Petrol,2,72982,22670
Ford,Escape,SUV,2022,4,CVT,Petrol,1,95739,15840
Jeep,Compass,SUV,2019,7,Automatic,Petrol,3,159345,8640
GMC,Terrain,SUV,2020,6,CVT,Petrol,2,74427,12930
Mercedes-Benz,GLC,SUV,2016,10,Automatic,Petrol,1,124986,14510
Nissan,Altima,Sedan,2014,12,Automatic,Petrol,4,262150,2090
Nissan,Murano,SUV,2025,1,Manual,CNG,1,23887,24910
Volkswagen,Jetta,Sedan,2021,5,Automatic,Petrol,1,93215,10250
Mini,Cooper Convertible,Convertible,2016,10,Automatic,Petrol,4,107701,8200
Audi,Q7,SUV,2024,2,Automatic,Petrol,1,24572,41350
Volkswagen,Jetta,Sedan,2022,4,Automatic,Diesel,2,51243,11270
Honda,Insight,Sedan,2021,5,Automatic,Petrol,1,106091,12020
Mazda,Mazda3,Sedan,2025,1,Automatic,Hybrid,1,13090,18800
Volkswagen,Passat,Sedan,2026,0,Manual,Diesel,1,500,21730
Nissan,Titan,Truck,2024,2,Automatic,Petrol,1,50059,27540
Toyota,Camry,Sedan,2020,6,Automatic,Hybrid,3,105979,12240
Honda,Pilot,SUV,2021,5,Manual,Petrol,2,51672,19420
Ford,Mustang Mach-E,SUV,2017,9,Automatic,Electric,2,98490,14590
BMW,Z4,Convertible,2018,8,Automatic,Petrol,1,125158,19220
Honda,Pilot,SUV,2022,4,Automatic,CNG,1,83409,23130
BMW,Z4,Convertible,2024,2,CVT,Petrol,1,27295,37390
Nissan,370Z,Coupe,2020,6,Automatic,Petrol,1,55369,18010
Tesla,Model 3,Sedan,2015,11,Automatic,Electric,3,134072,10450
Hyundai,Santa Fe,SUV,2023,3,Automatic,Diesel,2,50102,19160
Volkswagen,Tiguan,SUV,2022,4,Manual,Diesel,1,93016,14310
Toyota,Tundra,Truck,2022,4,Automatic,Petrol,1,33197,25190
Toyota,Prius Prime,Hatchback,2017,9,Manual,CNG,4,141485,7540
GMC,Terrain,SUV,2016,10,Automatic,Petrol,2,241818,5440
Hyundai,Santa Fe,SUV,2020,6,Automatic,Petrol,2,45248,14840
Volvo,XC90,SUV,2026,0,Automatic,Hybrid,1,500,55180
Honda,Civic,Sedan,2024,2,Automatic,Petrol,1,20489,16900
Mercedes-Benz,GLC,SUV,2020,6,Automatic,Petrol,1,109312,21380
Volkswagen,Atlas,SUV,2022,4,Automatic,Petrol,1,68508,21800
Honda,Fit,Hatchback,2022,4,Automatic,Diesel,2,41128,9800
Mini,Cooper,Hatchback,2021,5,Manual,Petrol,1,90289,13280
Volvo,XC90,SUV,2021,5,Automatic,Petrol,1,52570,30390
Volkswagen,Jetta,Sedan,2021,5,Automatic,Petrol,2,93067,9950
Toyota,Tundra,Truck,2019,7,Automatic,Petrol,1,94724,16420
Chevrolet,Silverado 1500,Truck,2015,11,Manual,Petrol,1,137645,10460
Toyota,Camry,Sedan,2022,4,Automatic,Petrol,1,66382,16570
Mazda,CX-5,SUV,2025,1,Automatic,Petrol,1,19559,24750
Jeep,Wrangler,SUV,2022,4,Automatic,Petrol,1,69538,21140
Hyundai,Sonata,Sedan,2016,10,Automatic,Hybrid,4,149830,7170
Chevrolet,Bolt EV,Hatchback,2024,2,Automatic,Electric,1,35397,17330
Ford,Mustang,Coupe,2024,2,CVT,Petrol,1,20458,23840
Fiat,500,Hatchback,2017,9,Automatic,Petrol,1,127893,6320
Honda,CR-V,SUV,2024,2,Automatic,Hybrid,1,29935,22020
Mazda,Mazda3,Sedan,2019,7,Automatic,Petrol,2,85209,10150
Toyota,Yaris,Sedan,2022,4,Automatic,Petrol,1,42727,10040
Mazda,Mazda6,Sedan,2018,8,Automatic,Petrol,3,150052,7570
Kia,Carnival,Minivan,2020,6,Manual,Petrol,3,75331,14640
Toyota,Sienna,Minivan,2024,2,Automatic,Petrol,1,27888,26480
Audi,Q5,SUV,2022,4,Automatic,Petrol,1,52600,29690
Hyundai,Sonata,Sedan,2025,1,Automatic,CNG,1,15527,19540
Volkswagen,Tiguan,SUV,2018,8,Semi-Automatic,Petrol,1,100543,11370
Kia,Sportage,SUV,2019,7,Manual,Petrol,3,83552,10750
Suzuki,Swift,Hatchback,2025,1,Manual,Petrol,1,8863,11330
Chrysler,Pacifica,Minivan,2021,5,Automatic,Petrol,2,93305,19100
Tesla,Model S,Sedan,2019,7,Automatic,Electric,3,74629,26510
Chevrolet,Silverado 1500,Truck,2012,14,Manual,CNG,3,307067,2860
Toyota,Yaris Hatchback,Hatchback,2025,1,Manual,Petrol,1,18911,14350
Kia,Sportage,SUV,2021,5,Manual,Diesel,1,72886,13950
Toyota,Tundra,Truck,2019,7,Automatic,Petrol,2,146975,13250
Volkswagen,Passat,Sedan,2022,4,CVT,Petrol,2,50956,14210
Nissan,Altima,Sedan,2016,10,Manual,Hybrid,3,106306,6900
Kia,Sportage,SUV,2022,4,CVT,Diesel,2,56571,14580
Volkswagen,Golf,Hatchback,2020,6,CVT,Petrol,1,73129,11970
Toyota,Corolla,Sedan,2013,13,Automatic,Hybrid,1,90929,5820
Land Rover,Range Rover Sport,SUV,2025,1,CVT,Petrol,1,15008,69230
Subaru,Legacy,Sedan,2026,0,Automatic,Hybrid,1,500,26450
Mercedes-Benz,C-Class,Sedan,2020,6,CVT,Hybrid,1,100544,21610
Audi,A6,Sedan,2024,2,Automatic,Hybrid,1,29640,40610
Kia,Carnival,Minivan,2023,3,Automatic,Petrol,1,19212,21990
Mazda,CX-9,SUV,2022,4,Manual,Hybrid,1,66522,22210
Hyundai,i20,Hatchback,2026,0,Automatic,Petrol,1,500,15420
Volvo,XC60,SUV,2023,3,Manual,Petrol,2,39278,29060
Mini,Cooper Convertible,Convertible,2016,10,Automatic,CNG,2,102706,9320
Ford,Mustang Mach-E,SUV,2020,6,Automatic,Electric,1,99256,18890
Mazda,MX-5 Miata,Convertible,2018,8,Automatic,Petrol,1,195975,7720
Toyota,Tundra,Truck,2023,3,Manual,Petrol,1,42938,24820
Audi,A6,Sedan,2022,4,Manual,CNG,2,100204,26830
Land Rover,Range Rover Sport,SUV,2024,2,Automatic,Diesel,1,20933,60600
Lexus,ES,Sedan,2018,8,CVT,Petrol,3,129970,13590
BMW,4 Series,Coupe,2023,3,Manual,Petrol,1,43149,29350
Audi,A4,Sedan,2021,5,Automatic,Petrol,1,97727,21900
Land Rover,Range Rover Evoque,SUV,2023,3,Manual,Diesel,2,23174,30310
Toyota,Corolla,Sedan,2016,10,CVT,Diesel,4,158403,5150
Hyundai,Veloster,Coupe,2023,3,Automatic,Hybrid,1,49791,15620
Mercedes-Benz,GLC,SUV,2025,1,Semi-Automatic,Diesel,1,12677,35950
Hyundai,Elantra,Sedan,2017,9,Semi-Automatic,Petrol,2,125933,7280
Mercedes-Benz,GLE,SUV,2025,1,Automatic,Petrol,1,10186,49470
Hyundai,Sonata,Sedan,2024,2,CVT,Hybrid,1,39839,18490
Volkswagen,Golf,Hatchback,2021,5,Automatic,Petrol,1,52590,13780
Hyundai,Ioniq 5,SUV,2021,5,Automatic,Electric,1,113214,20430
Mercedes-Benz,GLE,SUV,2023,3,Automatic,Hybrid,2,27685,44100
Jeep,Grand Cherokee,SUV,2020,6,Automatic,Petrol,3,53497,16840
Mazda,MX-5 Miata,Convertible,2025,1,Manual,Petrol,1,18558,21000
Hyundai,Santa Fe,SUV,2019,7,Automatic,Petrol,1,51806,13880
Honda,Pilot,SUV,2026,0,Manual,Petrol,1,500,34820
Chevrolet,Malibu,Sedan,2013,13,Manual,Hybrid,1,302729,2030
BMW,X5,SUV,2023,3,Automatic,Petrol,1,59544,42740
GMC,Sierra 1500,Truck,2025,1,Automatic,Diesel,1,14097,30400
Land Rover,Range Rover Evoque,SUV,2021,5,CVT,Petrol,1,80551,26580
Chevrolet,Bolt EV,Hatchback,2023,3,Automatic,Electric,2,51838,15770
Nissan,370Z,Coupe,2023,3,Automatic,Diesel,2,45487,22630
Suzuki,Swift,Hatchback,2019,7,Automatic,Diesel,1,100872,6600
Mini,Cooper Convertible,Convertible,2016,10,CVT,Diesel,2,174365,8690
Mini,Cooper Convertible,Convertible,2022,4,CVT,Petrol,1,88225,17950
Lexus,RX,SUV,2021,5,CVT,Petrol,2,74890,24860
Land Rover,Range Rover Evoque,SUV,2021,5,CVT,Diesel,2,109829,23100
Renault,Clio,Hatchback,2024,2,Automatic,Petrol,1,30421,13820
Subaru,Legacy,Sedan,2018,8,Automatic,Diesel,1,91895,8970
Nissan,Versa,Hatchback,2021,5,Automatic,Diesel,2,40028,8360
Lexus,ES,Sedan,2024,2,Manual,Hybrid,1,45992,29160
GMC,Sierra 1500,Truck,2015,11,Automatic,Petrol,4,113396,10280
Porsche,911,Coupe,2019,7,Automatic,Petrol,1,98564,48660
Honda,Insight,Sedan,2017,9,Automatic,Hybrid,4,127336,7900
Nissan,Sentra,Sedan,2025,1,Automatic,Hybrid,1,22183,18170
Toyota,Corolla,Sedan,2023,3,Automatic,Petrol,1,24807,14220
Ram,1500,Truck,2025,1,Automatic,Petrol,1,21271,29070
Skoda,Octavia,Sedan,2022,4,Automatic,Petrol,1,39757,14920
Kia,Forte,Sedan,2019,7,Automatic,Diesel,3,122317,7100
Honda,CR-V,SUV,2020,6,Manual,Petrol,1,91149,13110
Hyundai,Sonata,Sedan,2025,1,CVT,Petrol,1,21513,21210
Ford,Mustang Convertible,Convertible,2026,0,Automatic,Petrol,1,500,37760
Hyundai,Ioniq 5,SUV,2021,5,Automatic,Electric,1,33840,22190
Mazda,MX-5 Miata,Convertible,2018,8,CVT,Petrol,1,64754,11020
Jeep,Wrangler,SUV,2023,3,CVT,Petrol,1,65343,20970
Ford,Mustang Convertible,Convertible,2024,2,Automatic,Petrol,1,39990,27550
Toyota,Camry,Sedan,2018,8,Automatic,Petrol,1,80423,10680
Nissan,Rogue,SUV,2018,8,Automatic,Diesel,3,83319,10370
Toyota,Corolla,Sedan,2019,7,Automatic,Hybrid,3,61044,9950
Peugeot,208,Hatchback,2016,10,Automatic,Petrol,2,149598,5180
Ford,Mustang Mach-E,SUV,2019,7,Automatic,Electric,2,165699,16120
Ford,Explorer,SUV,2021,5,Manual,Diesel,2,63017,19390
Ford,Escape,SUV,2020,6,Automatic,Diesel,1,120326,12310
Peugeot,208,Hatchback,2016,10,Automatic,Petrol,4,87868,5360
Mini,Cooper,Hatchback,2017,9,Automatic,Diesel,3,108329,7880
Volkswagen,Jetta,Sedan,2012,14,Automatic,Diesel,3,206945,3180
Toyota,Tundra,Truck,2021,5,Automatic,Diesel,1,79742,20350
Tesla,Model Y,SUV,2023,3,Automatic,Electric,1,57342,29880
Subaru,Outback,SUV,2011,15,Automatic,Petrol,5,120678,4460
Mercedes-Benz,GLC,SUV,2016,10,Automatic,Petrol,3,109863,15000
BMW,X3,SUV,2025,1,Manual,Diesel,1,19562,35640
BMW,X3,SUV,2012,14,Manual,Petrol,1,161353,8900
Toyota,Prius,Hatchback,2020,6,Automatic,Diesel,2,45913,11880
Hyundai,Tucson,SUV,2025,1,CVT,Hybrid,1,13391,25530
BMW,X3,SUV,2020,6,CVT,Petrol,1,82053,21850
Lexus,RX,SUV,2018,8,Automatic,Petrol,1,61191,19740
Lexus,ES,Sedan,2020,6,Automatic,Petrol,1,70968,20770
Mercedes-Benz,E-Class,Sedan,2016,10,Automatic,Petrol,4,266682,12660
Hyundai,Tucson,SUV,2020,6,Manual,Hybrid,3,50316,13650
Chevrolet,Camaro Convertible,Convertible,2020,6,Manual,Diesel,2,100407,16530
Nissan,Murano,SUV,2011,15,Automatic,Petrol,1,320371,3730
Volkswagen,Tiguan,SUV,2018,8,Semi-Automatic,Petrol,3,92530,10270
Jeep,Compass,SUV,2019,7,CVT,Diesel,3,122755,9460
Hyundai,Ioniq 5,SUV,2013,13,Automatic,Electric,4,98101,9000
BMW,X3,SUV,2023,3,CVT,Diesel,1,53133,27870
Toyota,Tundra,Truck,2019,7,Manual,Hybrid,2,134900,14500
BMW,Z4,Convertible,2022,4,Automatic,Diesel,1,67812,30180
Hyundai,Tucson,SUV,2014,12,Automatic,Petrol,5,134736,5740
Toyota,Sienna,Minivan,2022,4,Automatic,Diesel,2,81855,20150
Kia,Forte,Sedan,2018,8,Automatic,Petrol,3,133272,7000
Honda,Ridgeline,Truck,2019,7,CVT,Petrol,1,139084,14420
Honda,Ridgeline,Truck,2024,2,Automatic,Petrol,1,43001,26540
Mazda,MX-5 Miata,Convertible,2023,3,Automatic,Petrol,1,48620,20140
Mazda,MX-5 Miata,Convertible,2016,10,Automatic,Petrol,3,85095,8040
BMW,3 Series,Sedan,2022,4,CVT,Petrol,2,95867,23350
Chevrolet,Malibu,Sedan,2016,10,Automatic,Petrol,3,118638,7350
Mazda,Mazda3,Sedan,2020,6,Automatic,Petrol,1,57733,10390
Toyota,Tacoma,Truck,2026,0,Manual,Petrol,1,500,27520
Toyota,Highlander,SUV,2017,9,Manual,Hybrid,1,115773,13610
Lexus,RX,SUV,2023,3,Manual,Petrol,1,64134,29790
Chevrolet,Bolt EV,Hatchback,2022,4,Automatic,Electric,1,80611,13070
GMC,Sierra 1500,Truck,2018,8,Automatic,Petrol,1,183658,13390
Volkswagen,Tiguan,SUV,2016,10,Automatic,Petrol,2,115315,8360
GMC,Terrain,SUV,2022,4,Automatic,Hybrid,1,88692,17350
Lexus,ES,Sedan,2023,3,CVT,Petrol,1,57532,28370
BMW,Z4,Convertible,2020,6,CVT,Diesel,1,61981,22930
Land Rover,Range Rover Evoque,SUV,2025,1,Automatic,Petrol,1,14613,42970
Kia,Rio,Hatchback,2022,4,Automatic,Petrol,2,38005,10820
GMC,Acadia,SUV,2021,5,Automatic,Petrol,2,41139,18970
BMW,X5,SUV,2021,5,Automatic,Petrol,1,84962,32200
Ford,Fusion,Sedan,2019,7,Automatic,CNG,3,135740,6720
Honda,CR-V,SUV,2022,4,Automatic,Petrol,1,47784,16960
BMW,4 Series,Coupe,2017,9,Automatic,Petrol,4,210090,13560
Honda,Odyssey,Minivan,2022,4,Automatic,Diesel,1,47715,21070
Nissan,Sentra,Sedan,2019,7,Automatic,Petrol,3,86839,8740
Jeep,Wrangler,SUV,2026,0,Manual,Petrol,1,500,30470
Honda,Fit,Hatchback,2026,0,Automatic,Petrol,1,500,18160
Skoda,Octavia,Sedan,2014,12,Automatic,Petrol,5,150230,5400
Chevrolet,Silverado 1500,Truck,2021,5,Automatic,Petrol,1,80528,17840
Kia,Sportage,SUV,2025,1,Automatic,Petrol,1,12230,22330
Toyota,Yaris Hatchback,Hatchback,2019,7,Automatic,Petrol,3,131768,5410
Jeep,Grand Cherokee,SUV,2018,8,Automatic,Petrol,2,90164,15770
Toyota,Yaris,Sedan,2025,1,Automatic,Petrol,1,12699,14300
Toyota,RAV4,SUV,2012,14,Automatic,Hybrid,4,163275,6090
Chevrolet,Silverado 1500,Truck,2025,1,Automatic,Hybrid,1,11235,29850
Volkswagen,Jetta,Sedan,2019,7,Manual,Petrol,3,75275,8590
Toyota,Yaris Hatchback,Hatchback,2017,9,Automatic,Petrol,2,86154,5920
Volkswagen,Jetta,Sedan,2024,2,Automatic,Petrol,1,47402,14990
Toyota,Prius,Hatchback,2016,10,Automatic,Diesel,3,125822,8000
Volkswagen,Atlas,SUV,2022,4,Automatic,Petrol,1,40887,23620
Toyota,Camry,Sedan,2022,4,Automatic,Diesel,1,50068,16020
Mazda,Mazda6,Sedan,2022,4,Semi-Automatic,Diesel,1,43409,15840
Hyundai,Ioniq 5,SUV,2018,8,Automatic,Electric,1,92758,16770
Hyundai,Elantra,Sedan,2019,7,Automatic,Petrol,1,114322,8780
Tesla,Model Y,SUV,2021,5,Automatic,Electric,1,74873,24090
Audi,A6,Sedan,2025,1,Automatic,CNG,1,13312,44200
Kia,Carnival,Minivan,2025,1,CVT,Petrol,1,9726,27210
Kia,EV6,SUV,2025,1,Automatic,Electric,1,14063,36700
Honda,Odyssey,Minivan,2018,8,Manual,Petrol,1,147561,11600
Volkswagen,ID.4,SUV,2023,3,Automatic,Electric,2,46041,26130
Lexus,RX,SUV,2015,11,Automatic,Petrol,4,193605,11100
Kia,Carnival,Minivan,2025,1,Automatic,Diesel,1,10023,28180
Jeep,Grand Cherokee,SUV,2021,5,Automatic,Diesel,1,46282,21770
Volkswagen,Tiguan,SUV,2019,7,Automatic,Diesel,1,97076,11190
Hyundai,Sonata,Sedan,2018,8,CVT,Hybrid,2,104834,10220
Nissan,Titan,Truck,2017,9,CVT,Petrol,3,83255,10990
Kia,Carnival,Minivan,2017,9,Automatic,Petrol,2,73880,10930
Renault,Clio,Hatchback,2020,6,CVT,Petrol,1,108780,8150
Kia,Sorento,SUV,2023,3,Manual,Hybrid,1,47753,21270
Hyundai,Santa Fe,SUV,2022,4,Automatic,Petrol,2,41537,19250
GMC,Sierra 1500,Truck,2015,11,Automatic,Petrol,4,250892,6460
BMW,3 Series,Sedan,2026,0,Automatic,Hybrid,1,500,42940
Fiat,500,Hatchback,2017,9,CVT,Petrol,1,103418,6070
BMW,3 Series,Sedan,2020,6,Automatic,Petrol,3,67982,19910
Skoda,Octavia,Sedan,2021,5,Automatic,CNG,2,109263,9350
Ford,Mustang Mach-E,SUV,2020,6,Automatic,Electric,2,88716,20840
Jeep,Compass,SUV,2023,3,Automatic,Petrol,2,40232,18440
BMW,Z4,Convertible,2019,7,Automatic,Petrol,3,63913,19920
Nissan,Murano,SUV,2023,3,CVT,Petrol,2,64750,22080
Land Rover,Range Rover Sport,SUV,2026,0,Automatic,Petrol,1,500,81290
Ford,Focus,Hatchback,2024,2,Automatic,Petrol,1,12297,15580
Chevrolet,Bolt EV,Hatchback,2020,6,Automatic,Electric,3,108917,9530
BMW,X3,SUV,2013,13,CVT,Petrol,1,122143,11340
Nissan,Rogue,SUV,2019,7,Automatic,Hybrid,3,174532,10580
Honda,Civic,Sedan,2023,3,Automatic,Diesel,1,69059,13890
BMW,X3,SUV,2018,8,Manual,Hybrid,2,151704,16550
Ford,Focus,Hatchback,2016,10,CVT,Hybrid,2,174875,4450
Toyota,Yaris,Sedan,2017,9,Manual,Diesel,1,137686,4430
Subaru,Outback,SUV,2023,3,Automatic,Petrol,1,35627,20150
Tesla,Model S,Sedan,2018,8,Automatic,Electric,2,126771,25890
Chevrolet,Traverse,SUV,2012,14,Automatic,Hybrid,2,180004,8230
Mazda,CX-5,SUV,2024,2,Semi-Automatic,Petrol,1,43870,19750
Honda,Odyssey,Minivan,2020,6,Automatic,Petrol,1,91480,15950
BMW,X3,SUV,2024,2,Automatic,CNG,1,24501,33460
Toyota,Camry,Sedan,2015,11,Manual,Petrol,1,196340,5630
Volkswagen,Passat,Sedan,2026,0,Automatic,Hybrid,1,500,26350
Chevrolet,Silverado 1500,Truck,2018,8,CVT,Petrol,3,148535,11530
Toyota,Corolla,Sedan,2024,2,Automatic,Petrol,1,36940,16520
Hyundai,Ioniq 5,SUV,2022,4,Automatic,Electric,1,51321,23540
Honda,Fit,Hatchback,2025,1,Automatic,Petrol,1,8673,13550
Audi,Q5,SUV,2019,7,CVT,Petrol,3,115497,18640
Ford,Explorer,SUV,2020,6,CVT,Petrol,1,71117,17310
Tesla,Model Y,SUV,2024,2,Automatic,Electric,1,26382,31140
Skoda,Octavia,Sedan,2015,11,Automatic,Diesel,4,115261,6070
Honda,Insight,Sedan,2017,9,Semi-Automatic,Diesel,4,93159,7350
Lexus,RX,SUV,2022,4,Manual,Petrol,2,63482,25870
Chevrolet,Spark,Hatchback,2017,9,Automatic,Diesel,2,92176,5300
Tesla,Model X,SUV,2021,5,Automatic,Electric,1,59063,45710
Toyota,Tacoma,Truck,2013,13,Automatic,Petrol,2,337813,3360
Ram,1500,Truck,2018,8,Manual,Petrol,3,75405,13920
Ford,Focus,Hatchback,2019,7,Automatic,Petrol,2,99113,8510
Nissan,370Z,Coupe,2017,9,Automatic,Petrol,3,101165,12270
Audi,A4,Sedan,2024,2,Manual,Petrol,1,22911,31570
Chevrolet,Equinox,SUV,2012,14,Automatic,Diesel,3,149939,5440
Chevrolet,Camaro,Coupe,2017,9,Manual,Petrol,3,90229,9930
Tesla,Model S,Sedan,2015,11,Automatic,Electric,1,202055,17690
Toyota,Camry,Sedan,2022,4,Automatic,Hybrid,1,61688,18160
Ram,1500,Truck,2022,4,CVT,Petrol,1,109678,19690
Kia,Forte,Sedan,2022,4,Automatic,Petrol,1,39458,12930
Volvo,XC90,SUV,2021,5,Automatic,Petrol,1,105288,30700
Peugeot,208,Hatchback,2023,3,Automatic,Petrol,1,22420,12620
Chevrolet,Traverse,SUV,2023,3,Automatic,Hybrid,1,48694,24420
Nissan,Sentra,Sedan,2023,3,Automatic,Hybrid,1,28452,13970
Nissan,Sentra,Sedan,2019,7,Automatic,Petrol,2,64737,8870
Kia,Forte,Sedan,2023,3,Automatic,Petrol,2,62655,12460
Volkswagen,Jetta,Sedan,2013,13,Automatic,Petrol,2,230140,3600
Audi,Q5,SUV,2023,3,CVT,Diesel,1,35909,30680
Chevrolet,Camaro Convertible,Convertible,2022,4,Automatic,Petrol,1,48030,23360
Hyundai,Santa Fe,SUV,2014,12,Automatic,Petrol,1,140647,8870
Tesla,Model Y,SUV,2019,7,Automatic,Electric,2,82584,18450
Volkswagen,Golf,Hatchback,2020,6,Automatic,Diesel,3,65773,11230
Toyota,Tundra,Truck,2018,8,Automatic,Petrol,2,64723,14280
GMC,Acadia,SUV,2020,6,Automatic,Petrol,1,70128,19170
Toyota,Camry,Sedan,2023,3,Automatic,Diesel,2,35312,16390
Toyota,Corolla,Sedan,2023,3,Automatic,Petrol,1,22760,14650
Hyundai,Sonata,Sedan,2023,3,Automatic,Petrol,2,36615,17470
Renault,Clio,Hatchback,2020,6,Manual,Petrol,3,81372,8590
Chevrolet,Bolt EV,Hatchback,2024,2,Automatic,Electric,1,20526,19790
Toyota,Tundra,Truck,2020,6,Automatic,Diesel,3,46231,18540
Subaru,Forester,SUV,2023,3,Manual,Diesel,1,67408,17300
Peugeot,208,Hatchback,2016,10,Automatic,Hybrid,4,87252,6510
Toyota,Sienna,Minivan,2020,6,Manual,Petrol,3,118633,14530
Volkswagen,Tiguan,SUV,2026,0,Automatic,Petrol,1,500,28740
Mazda,Mazda3,Sedan,2019,7,Automatic,Petrol,2,132987,7890
Hyundai,Ioniq 5,SUV,2018,8,Automatic,Electric,2,155191,14700
Nissan,Rogue,SUV,2017,9,Manual,CNG,4,224264,5080
Fiat,500,Hatchback,2018,8,Automatic,CNG,1,115209,6250
Lexus,ES,Sedan,2024,2,Automatic,Petrol,1,25555,30370
Toyota,Yaris,Sedan,2017,9,Automatic,Petrol,2,162219,3970
BMW,X3,SUV,2024,2,Automatic,Petrol,1,21764,36980
Audi,Q5,SUV,2023,3,Automatic,Diesel,2,79436,26630
Ford,Mustang,Coupe,2017,9,Manual,Petrol,3,163280,8190
Ford,Escape,SUV,2018,8,Automatic,Petrol,3,166962,7760
Honda,Fit,Hatchback,2017,9,Automatic,Hybrid,4,84595,5750
Chevrolet,Traverse,SUV,2021,5,Manual,Petrol,2,106753,16850
Fiat,500,Hatchback,2022,4,CVT,Petrol,2,89926,8980
Honda,Civic,Sedan,2023,3,Manual,Petrol,2,39178,13690
BMW,Z4,Convertible,2023,3,Manual,Petrol,2,67456,31740
Kia,K5,Sedan,2023,3,Automatic,Diesel,2,30876,16550
Ford,Escape,SUV,2023,3,CVT,Petrol,2,30008,17770
Toyota,Corolla,Sedan,2020,6,Automatic,Petrol,1,122509,9190
Ford,Explorer,SUV,2019,7,Automatic,Petrol,2,83677,16540
Nissan,Leaf,Hatchback,2022,4,Automatic,Electric,1,69686,14570
Porsche,911,Coupe,2014,12,Semi-Automatic,Petrol,5,128705,26890
Porsche,911,Coupe,2020,6,Automatic,Petrol,3,130156,51670
Suzuki,Swift,Hatchback,2021,5,Automatic,Hybrid,2,45825,7930
Jeep,Grand Cherokee,SUV,2020,6,Manual,Petrol,1,73177,19190
Toyota,GR86,Coupe,2025,1,Manual,Diesel,1,8661,23850
Mazda,MX-5 Miata,Convertible,2020,6,Automatic,Hybrid,3,102001,11810
Ram,1500,Truck,2017,9,Automatic,Petrol,3,173035,11390
Toyota,RAV4,SUV,2021,5,CVT,Petrol,1,118484,12680
Mercedes-Benz,GLE,SUV,2019,7,CVT,Diesel,3,72255,23150
Nissan,Rogue,SUV,2017,9,Automatic,Petrol,2,74864,9900
Tesla,Model 3,Sedan,2019,7,Automatic,Electric,1,106201,17300
Mini,Cooper,Hatchback,2021,5,Automatic,Petrol,1,86501,13580
Toyota,Yaris Hatchback,Hatchback,2020,6,Manual,Diesel,3,66237,7980
Nissan,Versa,Hatchback,2023,3,Automatic,Petrol,2,42381,10200
Mercedes-Benz,C-Class Coupe,Coupe,2017,9,Semi-Automatic,Diesel,4,94514,15070
Mazda,Mazda6,Sedan,2024,2,Automatic,Hybrid,1,39254,18700
GMC,Sierra 1500,Truck,2024,2,Automatic,Petrol,1,43084,28110
Toyota,RAV4,SUV,2021,5,Automatic,Hybrid,1,50517,16520
Ford,Fusion,Sedan,2016,10,Automatic,Diesel,1,87744,7760
Mini,Cooper Convertible,Convertible,2025,1,Automatic,Petrol,1,25052,23580
Toyota,Corolla,Sedan,2019,7,Automatic,Diesel,1,144908,7860
Mini,Cooper,Hatchback,2014,12,Automatic,Diesel,3,174095,5530
Chevrolet,Equinox,SUV,2020,6,Manual,Diesel,1,66732,12830
Kia,Rio,Hatchback,2020,6,Automatic,Petrol,1,64419,8580
GMC,Terrain,SUV,2020,6,Automatic,CNG,2,91771,13040
BMW,X3,SUV,2022,4,Automatic,Diesel,1,72637,26250
BMW,X5,SUV,2023,3,Automatic,Diesel,2,73202,40330
Chevrolet,Malibu,Sedan,2019,7,Automatic,Hybrid,2,111354,9720
Kia,Sorento,SUV,2023,3,Automatic,Hybrid,1,44186,24040
Audi,A6,Sedan,2026,0,Automatic,Petrol,1,500,55830
Toyota,Corolla,Sedan,2022,4,Manual,Petrol,2,47999,13380
Renault,Clio,Hatchback,2024,2,Automatic,Petrol,1,23699,13530
Nissan,370Z,Coupe,2026,0,CVT,Diesel,1,500,32360
Ford,Escape,SUV,2023,3,CVT,Diesel,1,19804,18460
Honda,Accord,Sedan,2016,10,Automatic,Petrol,3,270172,5110
Ford,Explorer,SUV,2022,4,Manual,Petrol,1,28815,22170
Chevrolet,Silverado 1500,Truck,2016,10,Automatic,Petrol,3,55488,11240
Ford,Fusion,Sedan,2021,5,Automatic,Petrol,2,49748,12590
Skoda,Octavia,Sedan,2020,6,Automatic,Petrol,1,59245,12860
Volkswagen,Passat,Sedan,2021,5,CVT,Diesel,2,43196,12270
Volkswagen,Jetta,Sedan,2025,1,Automatic,Petrol,1,25467,17260
GMC,Acadia,SUV,2015,11,Manual,Diesel,1,181623,8790
Honda,CR-V,SUV,2019,7,Automatic,Petrol,1,63195,12500
Honda,City,Sedan,2013,13,Automatic,Petrol,1,196701,2920
Mazda,Mazda3,Sedan,2017,9,Manual,Petrol,4,93724,6920
Honda,Civic,Sedan,2023,3,Automatic,Diesel,1,57035,14910
Volkswagen,Tiguan,SUV,2017,9,Automatic,CNG,4,154360,6620
Mini,Cooper Convertible,Convertible,2018,8,Semi-Automatic,Petrol,2,93681,12510
Ford,Escape,SUV,2018,8,Automatic,Hybrid,1,79976,11200
Honda,City,Sedan,2020,6,Manual,CNG,1,35686,7180
Volkswagen,ID.4,SUV,2020,6,Automatic,Electric,3,147883,15400
Volkswagen,Jetta,Sedan,2025,1,Automatic,CNG,1,9341,15730
BMW,X5,SUV,2020,6,Automatic,Hybrid,1,91179,32360
Hyundai,Elantra,Sedan,2021,5,Automatic,Petrol,1,70462,11420
Lexus,RX,SUV,2021,5,Automatic,Petrol,2,128622,22930
Toyota,Sienna,Minivan,2021,5,Automatic,Diesel,1,105686,17390
Toyota,Camry,Sedan,2024,2,Automatic,Petrol,1,24349,21370
Ford,Mustang,Coupe,2023,3,CVT,Petrol,2,26935,21420
Hyundai,i20,Hatchback,2020,6,Automatic,Petrol,3,63242,7300
Hyundai,Elantra,Sedan,2020,6,CVT,Diesel,3,110909,7800
Volkswagen,ID.4,SUV,2026,0,Automatic,Electric,1,500,36080
Mazda,Mazda6,Sedan,2021,5,Automatic,Petrol,1,73508,13920
Audi,A4,Sedan,2019,7,Automatic,Diesel,2,92113,17620
Chevrolet,Equinox,SUV,2023,3,Automatic,Diesel,1,36335,18050
Chevrolet,Spark,Hatchback,2018,8,Automatic,Diesel,2,89862,5730
Lexus,RX,SUV,2013,13,Automatic,Petrol,1,348852,2530
Ford,Fusion,Sedan,2025,1,CVT,Hybrid,1,11195,20830
Honda,City,Sedan,2016,10,Manual,Petrol,1,89662,5670
Volkswagen,Passat,Sedan,2025,1,Manual,Hybrid,1,8765,21460
Honda,Accord,Sedan,2019,7,Automatic,Petrol,2,127645,10270
Chevrolet,Camaro Convertible,Convertible,2013,13,Automatic,Hybrid,2,171647,8370
Toyota,Highlander,SUV,2021,5,Automatic,Hybrid,2,72111,20280
Chevrolet,Spark,Hatchback,2023,3,Automatic,Petrol,1,44975,9550
Audi,A6,Sedan,2016,10,Automatic,Petrol,3,79230,17010
Mazda,MX-5 Miata,Convertible,2018,8,Automatic,Petrol,3,54556,10540
Hyundai,Ioniq 5,SUV,2017,9,Automatic,Electric,1,107229,14920
BMW,X3,SUV,2019,7,Automatic,Petrol,2,152487,17060
Suzuki,Swift,Hatchback,2022,4,Manual,Diesel,1,99577,6230
Ford,Mustang Convertible,Convertible,2024,2,Automatic,Petrol,1,40169,28520
Jeep,Wrangler,SUV,2018,8,Automatic,Petrol,1,85390,14500
Subaru,Forester,SUV,2021,5,Automatic,Petrol,1,79139,15240
Tesla,Model Y,SUV,2011,15,Automatic,Electric,4,245294,5840
Mazda,Mazda6,Sedan,2022,4,Manual,Petrol,1,57235,13880
Lexus,ES,Sedan,2021,5,Automatic,Petrol,1,80820,21270
Ford,Mustang,Coupe,2023,3,Automatic,Petrol,1,24860,21780
Audi,Q5,SUV,2015,11,Automatic,Petrol,2,125324,12630
Ford,F-150,Truck,2023,3,Manual,Petrol,2,44931,21390
Kia,Rio,Hatchback,2025,1,Manual,Petrol,1,17722,13430
Volvo,XC90,SUV,2025,1,Automatic,Petrol,1,19226,44410
Toyota,Yaris Hatchback,Hatchback,2024,2,CVT,Diesel,1,16795,13000
Ford,Focus,Hatchback,2026,0,CVT,Petrol,1,500,20950
Toyota,Highlander,SUV,2020,6,Automatic,Hybrid,2,87185,18760
BMW,X5,SUV,2021,5,Automatic,Hybrid,1,43100,35440
Jeep,Compass,SUV,2015,11,CVT,Petrol,3,128247,7520
Honda,Odyssey,Minivan,2025,1,Automatic,Petrol,1,7618,29800
Lexus,RX,SUV,2025,1,Manual,CNG,1,22439,34100
BMW,X5,SUV,2026,0,Manual,Petrol,1,500,62010
Volkswagen,Passat,Sedan,2025,1,Manual,Petrol,1,19271,21140
Toyota,Camry,Sedan,2017,9,Automatic,Diesel,2,144204,8000
Jeep,Grand Cherokee,SUV,2023,3,CVT,Petrol,2,27157,25260
Mazda,CX-5,SUV,2022,4,Manual,Petrol,1,59492,16930
Volkswagen,Tiguan,SUV,2023,3,Automatic,Diesel,1,39039,19690
Jeep,Compass,SUV,2016,10,Manual,Petrol,3,204111,5030
Mini,Cooper Convertible,Convertible,2019,7,Automatic,Petrol,2,171121,11950
Nissan,Murano,SUV,2019,7,Manual,Diesel,3,91075,13420
Ford,Mustang Convertible,Convertible,2016,10,Automatic,Petrol,1,99131,12430
Ford,Explorer,SUV,2016,10,Automatic,Petrol,3,106030,11400
Toyota,GR86,Coupe,2022,4,Semi-Automatic,Petrol,1,49095,18350
Volkswagen,Atlas,SUV,2018,8,Manual,Diesel,1,152041,11330
Volkswagen,Atlas,SUV,2020,6,Automatic,Petrol,2,69252,17390
Hyundai,i20,Hatchback,2026,0,Automatic,Diesel,1,500,13600
Suzuki,Swift,Hatchback,2020,6,Automatic,Hybrid,2,89554,7340
Audi,A4,Sedan,2017,9,Automatic,Diesel,2,154389,12330
Ford,Mustang Convertible,Convertible,2022,4,Semi-Automatic,Petrol,2,45645,24210
Lexus,NX,SUV,2026,0,Automatic,Petrol,1,500,40780
Volkswagen,Atlas,SUV,2016,10,CVT,Petrol,2,152122,11330
Toyota,Sienna,Minivan,2022,4,Manual,Petrol,2,86020,20310
Honda,Pilot,SUV,2024,2,Manual,Petrol,1,22404,27350
Mini,Cooper Convertible,Convertible,2019,7,Automatic,Petrol,3,89862,11670
Nissan,370Z,Coupe,2022,4,Automatic,Petrol,2,86019,19090
Audi,A5,Coupe,2022,4,Automatic,Petrol,1,82131,29340
Mazda,CX-9,SUV,2024,2,Automatic,Petrol,1,25413,27880
Hyundai,Veloster,Coupe,2021,5,Automatic,Hybrid,2,70207,11220
Hyundai,Ioniq 5,SUV,2023,3,Automatic,Electric,2,41136,27480
Kia,EV6,SUV,2017,9,Automatic,Electric,1,110377,14240
Mazda,MX-5 Miata,Convertible,2019,7,CVT,Petrol,3,85488,11420
Honda,Civic,Sedan,2024,2,Automatic,Diesel,1,24943,16160
BMW,X5,SUV,2023,3,Automatic,Petrol,1,32699,45010
Toyota,Tundra,Truck,2017,9,Automatic,Diesel,1,58492,13110
Toyota,Camry,Sedan,2021,5,Manual,Petrol,2,35606,13930
Kia,Sorento,SUV,2025,1,Manual,Hybrid,1,7151,28020
Audi,A6,Sedan,2011,15,Manual,Diesel,3,229657,7370
BMW,X5,SUV,2021,5,Automatic,Petrol,2,54270,33830
Ram,1500,Truck,2013,13,Automatic,Hybrid,3,283969,5900
Chevrolet,Silverado 1500,Truck,2011,15,Automatic,Petrol,1,207171,6450
Land Rover,Range Rover Evoque,SUV,2015,11,Manual,Petrol,2,232723,9810
Nissan,Leaf,Hatchback,2020,6,Automatic,Electric,1,87991,13000
Nissan,Murano,SUV,2016,10,Manual,CNG,4,124737,8790
Chevrolet,Camaro Convertible,Convertible,2013,13,Manual,Petrol,1,158037,8300
BMW,3 Series,Sedan,2017,9,Automatic,Diesel,1,203513,11410
Nissan,Titan,Truck,2021,5,Automatic,Petrol,1,89522,18830
Honda,Fit,Hatchback,2024,2,CVT,Petrol,1,28211,13570
Mercedes-Benz,C-Class,Sedan,2021,5,Manual,Petrol,1,81605,24150
Mercedes-Benz,E-Class,Sedan,2022,4,Semi-Automatic,Petrol,1,37195,34830
Volkswagen,Atlas,SUV,2022,4,Automatic,Petrol,2,52504,21440
Nissan,Altima,Sedan,2017,9,Automatic,Diesel,3,141954,7540
Honda,Ridgeline,Truck,2019,7,Semi-Automatic,Petrol,1,83988,17600
Audi,A6,Sedan,2024,2,Manual,Petrol,1,37018,41280
Nissan,Sentra,Sedan,2018,8,Automatic,Petrol,2,103884,7950
Toyota,RAV4,SUV,2025,1,Automatic,Petrol,1,14211,26250
Nissan,Murano,SUV,2024,2,Automatic,Petrol,1,24238,25490
Volvo,XC90,SUV,2014,12,Automatic,Petrol,4,136010,13940
Audi,Q5,SUV,2017,9,Semi-Automatic,Petrol,2,103557,15900
Ford,Mustang Mach-E,SUV,2018,8,Automatic,Electric,3,62244,14940
Chevrolet,Traverse,SUV,2021,5,Automatic,Diesel,2,40160,19440
Chevrolet,Camaro,Coupe,2021,5,CVT,Petrol,2,84866,14620
Audi,A5,Coupe,2020,6,Automatic,Petrol,3,84094,20830
Ford,Mustang Convertible,Convertible,2022,4,Automatic,Petrol,1,58517,22190
Volkswagen,Passat,Sedan,2022,4,Semi-Automatic,Hybrid,2,58054,15340
Honda,City,Sedan,2022,4,Automatic,Diesel,1,63343,9350
Mercedes-Benz,C-Class Coupe,Coupe,2021,5,Automatic,Petrol,2,73435,23860
BMW,5 Series,Sedan,2015,11,Automatic,Petrol,2,99980,15320
Toyota,GR86,Coupe,2023,3,Semi-Automatic,Diesel,2,43450,18310
Kia,Rio,Hatchback,2018,8,CVT,Petrol,3,143822,5160
GMC,Terrain,SUV,2026,0,Automatic,Petrol,1,500,28910
Audi,A6,Sedan,2019,7,Manual,Petrol,2,42477,23070
Jeep,Compass,SUV,2014,12,Automatic,Diesel,2,139769,6470
Honda,Civic,Sedan,2020,6,Manual,Diesel,2,51800,9720
Hyundai,Santa Fe,SUV,2021,5,Automatic,Petrol,1,70103,18350
Mercedes-Benz,E-Class,Sedan,2025,1,Manual,Petrol,1,6967,48300
Jeep,Grand Cherokee,SUV,2012,14,Semi-Automatic,Petrol,4,205052,7160
Honda,Fit,Hatchback,2022,4,Manual,Petrol,2,84820,8100
Ford,Escape,SUV,2024,2,Automatic,Petrol,1,38924,20970
Toyota,Sienna,Minivan,2014,12,Semi-Automatic,Petrol,3,174576,8280
Volkswagen,Tiguan,SUV,2015,11,CVT,Petrol,3,177617,6320
Nissan,Murano,SUV,2022,4,CVT,Petrol,2,30105,18970
Skoda,Octavia,Sedan,2024,2,Automatic,Petrol,1,32957,18530
Honda,Civic,Sedan,2023,3,Semi-Automatic,Petrol,1,61917,15980
Lexus,IS,Sedan,2021,5,Manual,Hybrid,1,89769,21780
Toyota,Sienna,Minivan,2021,5,Manual,Diesel,2,71190,16150
Mazda,CX-5,SUV,2024,2,Automatic,Hybrid,1,41528,20730
Audi,Q5,SUV,2020,6,Automatic,Hybrid,2,110308,21890
Volkswagen,Tiguan,SUV,2020,6,Manual,Petrol,3,92639,11950
Tesla,Model X,SUV,2015,11,Automatic,Electric,2,187177,22660
Peugeot,208,Hatchback,2026,0,CVT,Diesel,1,500,19180
Tesla,Model S,Sedan,2022,4,Automatic,Electric,2,61610,42740
Hyundai,Veloster,Coupe,2017,9,Semi-Automatic,Petrol,4,130947,6840
Land Rover,Range Rover Evoque,SUV,2025,1,Automatic,Petrol,1,21443,42520
Nissan,Sentra,Sedan,2022,4,Manual,Petrol,1,31068,11730
Nissan,370Z,Coupe,2020,6,Semi-Automatic,Petrol,2,107346,15230
Nissan,Altima,Sedan,2023,3,Automatic,Petrol,1,34587,16760
Ford,Mustang Convertible,Convertible,2022,4,Automatic,Hybrid,2,44350,21670
Nissan,Titan,Truck,2019,7,Automatic,Petrol,3,140276,12160
Suzuki,Swift,Hatchback,2024,2,Automatic,Petrol,1,21095,12100
Ford,Escape,SUV,2023,3,CVT,Petrol,1,39373,17640
Volkswagen,Jetta,Sedan,2020,6,Manual,Petrol,3,121827,8560
Toyota,Sienna,Minivan,2020,6,Manual,Petrol,1,79773,16860
Lexus,IS,Sedan,2017,9,CVT,Hybrid,4,61606,12710
Peugeot,208,Hatchback,2017,9,Automatic,Petrol,1,201108,2830
Lexus,NX,SUV,2025,1,Manual,Petrol,1,13579,34250
Mini,Cooper Convertible,Convertible,2024,2,Automatic,Diesel,1,23316,22630
Nissan,370Z,Coupe,2021,5,Automatic,Petrol,2,68297,17280
Kia,K5,Sedan,2018,8,CVT,Petrol,2,114713,9410
Chevrolet,Camaro,Coupe,2016,10,Automatic,Petrol,1,79400,10670
Ford,F-150,Truck,2014,12,Automatic,Petrol,5,149647,8530
Honda,Insight,Sedan,2023,3,Automatic,Hybrid,1,28800,18050
Ford,Fusion,Sedan,2024,2,CVT,Petrol,1,14922,17980
Chevrolet,Silverado 1500,Truck,2024,2,CVT,Diesel,1,30803,25930
Toyota,Camry,Sedan,2024,2,Automatic,Diesel,1,25171,19360
Hyundai,Sonata,Sedan,2022,4,Manual,Petrol,2,65819,14560
Mercedes-Benz,GLE,SUV,2018,8,Automatic,Petrol,2,174734,21350
Hyundai,Elantra,Sedan,2021,5,Manual,Hybrid,1,67227,12090
Honda,Pilot,SUV,2021,5,Manual,Petrol,1,67725,20610
Audi,A5,Coupe,2017,9,CVT,Petrol,2,99662,16170
Subaru,Forester,SUV,2025,1,Automatic,Petrol,1,14147,23340
Hyundai,Sonata,Sedan,2017,9,Automatic,Hybrid,4,117133,7700
Mazda,MX-5 Miata,Convertible,2024,2,Automatic,Diesel,1,29255,21960
Chrysler,Pacifica,Minivan,2023,3,Manual,Diesel,1,60913,20300
Jeep,Compass,SUV,2024,2,Automatic,Petrol,1,22939,21020
GMC,Acadia,SUV,2020,6,Automatic,Petrol,1,75587,16920
Mercedes-Benz,GLE,SUV,2023,3,Automatic,Petrol,1,56568,40340
Ford,Fusion,Sedan,2025,1,Automatic,CNG,1,10162,17620
Mercedes-Benz,GLC,SUV,2019,7,Automatic,Petrol,3,95013,19430
Toyota,RAV4,SUV,2025,1,Manual,CNG,1,11026,21630
Chrysler,Pacifica,Minivan,2021,5,Automatic,Diesel,1,63663,18250
Skoda,Octavia,Sedan,2026,0,Manual,Petrol,1,500,21470
GMC,Acadia,SUV,2024,2,CVT,Petrol,1,35135,24960
Audi,Q7,SUV,2020,6,Manual,Petrol,1,89562,28210
Audi,Q5,SUV,2014,12,Automatic,Petrol,2,132134,11930
Toyota,Tacoma,Truck,2024,2,Manual,Hybrid,1,48667,21650
Toyota,Tundra,Truck,2021,5,Automatic,Petrol,2,93865,19190
Volkswagen,Golf,Hatchback,2016,10,Automatic,Petrol,2,80305,8120
Lexus,NX,SUV,2025,1,CVT,Petrol,1,22100,32500
Toyota,Prius,Hatchback,2023,3,CVT,Hybrid,2,38745,16330
Volkswagen,Atlas,SUV,2024,2,Automatic,Petrol,1,25967,28250
Toyota,Tundra,Truck,2014,12,Automatic,Petrol,1,140609,10170
Toyota,Corolla,Sedan,2017,9,Automatic,Petrol,2,187642,5520
Audi,A4,Sedan,2020,6,Automatic,Petrol,3,81139,19310
Nissan,Sentra,Sedan,2020,6,Automatic,Hybrid,1,70901,11010
Chevrolet,Camaro Convertible,Convertible,2017,9,Manual,Petrol,3,223683,8150
Lexus,NX,SUV,2023,3,Automatic,Petrol,1,37558,25780
Kia,Forte,Sedan,2019,7,Manual,Petrol,1,105383,8030
Mazda,Mazda3,Sedan,2017,9,Manual,Petrol,2,125414,7220
Fiat,500,Hatchback,2019,7,Automatic,Diesel,2,150669,5250
Audi,A5,Coupe,2022,4,CVT,Petrol,2,38460,26010
Subaru,Outback,SUV,2023,3,Automatic,Petrol,1,24488,20240
Ford,Explorer,SUV,2024,2,CVT,Petrol,1,13847,28590
Suzuki,Swift,Hatchback,2022,4,Automatic,Diesel,2,50109,8740
Ford,Fusion,Sedan,2017,9,Automatic,Petrol,3,151856,6230
GMC,Acadia,SUV,2019,7,CVT,Petrol,1,94234,16550
Hyundai,i20,Hatchback,2023,3,Semi-Automatic,CNG,1,61228,8700
Ford,Fusion,Sedan,2020,6,Automatic,Petrol,2,76604,10480
Chevrolet,Traverse,SUV,2023,3,CVT,Hybrid,2,53310,23090
Nissan,Titan,Truck,2021,5,Automatic,Hybrid,2,110503,17400
Honda,CR-V,SUV,2024,2,Manual,Petrol,1,26930,20770
Jeep,Wrangler,SUV,2013,13,Automatic,Diesel,2,215788,6410
Peugeot,208,Hatchback,2016,10,CVT,Petrol,4,149064,5170
Honda,Ridgeline,Truck,2013,13,Automatic,Hybrid,4,157929,9140
BMW,4 Series,Coupe,2022,4,Semi-Automatic,Petrol,1,80186,28370
Porsche,911,Coupe,2013,13,Manual,Petrol,5,126111,19960
Toyota,GR86,Coupe,2018,8,CVT,Petrol,3,114025,10580
Mercedes-Benz,C-Class Coupe,Coupe,2025,1,CVT,CNG,1,9218,38230
BMW,5 Series,Sedan,2023,3,Semi-Automatic,Hybrid,1,32098,41950
Volkswagen,Passat,Sedan,2022,4,Manual,Diesel,2,68741,13280
Lexus,NX,SUV,2016,10,Manual,Hybrid,4,90219,12400
Audi,A4,Sedan,2025,1,CVT,Petrol,1,11402,35430
Mini,Cooper,Hatchback,2018,8,Automatic,Petrol,1,81124,11010
Chevrolet,Silverado 1500,Truck,2016,10,Automatic,Petrol,3,118236,10680
Ford,Mustang Mach-E,SUV,2014,12,Automatic,Electric,1,154676,11710
Honda,Civic,Sedan,2024,2,Automatic,Petrol,1,28332,17240
Tesla,Model Y,SUV,2022,4,Automatic,Electric,1,73775,26260
Subaru,Legacy,Sedan,2014,12,CVT,Diesel,1,222077,3000
Honda,Insight,Sedan,2025,1,Manual,Hybrid,1,20219,18870
Ford,Escape,SUV,2025,1,CVT,Petrol,1,11265,24800
Mercedes-Benz,E-Class,Sedan,2015,11,Manual,Petrol,1,125013,16860
Honda,Pilot,SUV,2016,10,Semi-Automatic,Hybrid,2,95113,13100
Ram,1500,Truck,2021,5,Automatic,Petrol,1,104340,20600
BMW,4 Series,Coupe,2018,8,Automatic,Petrol,2,145461,17920
Subaru,Forester,SUV,2023,3,Manual,Petrol,1,49774,17700
Subaru,Outback,SUV,2022,4,Automatic,Petrol,1,67846,17520
Toyota,Sienna,Minivan,2024,2,Automatic,Diesel,1,36922,27110
Chevrolet,Equinox,SUV,2019,7,Manual,Diesel,1,95987,10720
Mazda,Mazda6,Sedan,2022,4,Automatic,Petrol,1,64209,14420
Chevrolet,Camaro Convertible,Convertible,2023,3,CVT,Petrol,2,48088,24390
Kia,Sorento,SUV,2022,4,Automatic,Hybrid,2,80117,19090
Audi,A4,Sedan,2019,7,Automatic,Petrol,3,181758,13650
BMW,Z4,Convertible,2021,5,Manual,Petrol,2,59211,27230
Ram,1500,Truck,2019,7,CVT,Petrol,2,79461,16300
Chevrolet,Spark,Hatchback,2024,2,Semi-Automatic,Petrol,1,18527,11280
Honda,Accord,Sedan,2023,3,Automatic,CNG,2,64797,15940
Mercedes-Benz,C-Class,Sedan,2023,3,Automatic,Hybrid,2,62979,30110
Jeep,Compass,SUV,2021,5,CVT,Petrol,1,99379,14530
Mercedes-Benz,C-Class,Sedan,2021,5,Automatic,Petrol,2,104944,21740
GMC,Sierra 1500,Truck,2023,3,Manual,Petrol,2,32212,24810
Nissan,Altima,Sedan,2016,10,Manual,Petrol,3,110902,7480
Fiat,500,Hatchback,2025,1,CVT,Petrol,1,14037,14040
Mazda,Mazda6,Sedan,2018,8,Manual,Diesel,1,108639,9010
Chevrolet,Traverse,SUV,2019,7,CVT,Petrol,3,73649,14970
Ford,Mustang,Coupe,2018,8,Automatic,Petrol,3,145784,10280
Audi,A6,Sedan,2015,11,CVT,Petrol,3,167561,14300
Mazda,CX-9,SUV,2022,4,CVT,Diesel,2,37185,21000
Volvo,XC90,SUV,2021,5,Automatic,Diesel,2,35548,26970
Jeep,Wrangler,SUV,2016,10,Automatic,Petrol,1,94105,10740
Ford,Escape,SUV,2022,4,Automatic,Petrol,2,37313,16310
Chevrolet,Equinox,SUV,2024,2,CVT,Diesel,1,27461,20820
Mazda,CX-5,SUV,2021,5,Automatic,Petrol,1,45806,15070
Ford,Fusion,Sedan,2017,9,Automatic,Diesel,3,163320,6230
Honda,CR-V,SUV,2026,0,Automatic,Hybrid,1,500,29850
Ford,Mustang Mach-E,SUV,2024,2,Automatic,Electric,1,31228,31760
Ford,Mustang,Coupe,2025,1,Manual,Petrol,1,9120,27150
Land Rover,Range Rover Sport,SUV,2026,0,Automatic,Petrol,1,500,82840
Renault,Clio,Hatchback,2022,4,CVT,Diesel,2,56473,10090
Nissan,Sentra,Sedan,2023,3,CVT,Petrol,1,65191,12630
Mercedes-Benz,GLE,SUV,2025,1,Automatic,Diesel,1,9221,46060
Honda,Fit,Hatchback,2024,2,Semi-Automatic,CNG,1,33397,11960
Toyota,Prius,Hatchback,2014,12,Manual,Hybrid,4,278653,3710
Ford,Mustang Mach-E,SUV,2016,10,Automatic,Electric,2,111821,12270
Ford,Mustang,Coupe,2016,10,CVT,Diesel,1,68307,10520
Skoda,Octavia,Sedan,2016,10,Automatic,Petrol,4,210583,4400
Hyundai,Veloster,Coupe,2025,1,Automatic,Petrol,1,22488,18340
Jeep,Compass,SUV,2024,2,CVT,Petrol,1,26490,19360
Kia,Forte,Sedan,2018,8,CVT,Petrol,2,109863,8000
Audi,Q5,SUV,2025,1,Automatic,Diesel,1,13673,38120
Honda,City,Sedan,2025,1,CVT,Petrol,1,15014,14070
GMC,Acadia,SUV,2018,8,Automatic,Petrol,1,101558,14440
Nissan,Murano,SUV,2023,3,Manual,Petrol,1,35469,21460
Kia,Rio,Hatchback,2020,6,CVT,Petrol,3,97968,7500
BMW,Z4,Convertible,2025,1,Automatic,Petrol,1,10905,46350
Mazda,Mazda6,Sedan,2021,5,Automatic,Petrol,1,117712,11560
Chevrolet,Equinox,SUV,2022,4,Manual,Petrol,1,68467,14570
Lexus,ES,Sedan,2020,6,Automatic,Petrol,3,67681,18020
Mazda,Mazda6,Sedan,2018,8,Automatic,Diesel,1,127179,8450
Honda,City,Sedan,2025,1,Manual,Petrol,1,26175,12660
Land Rover,Range Rover Sport,SUV,2026,0,Manual,Petrol,1,500,78690
Nissan,Rogue,SUV,2022,4,Manual,Hybrid,1,86018,15980
Suzuki,Swift,Hatchback,2019,7,Automatic,Diesel,3,149136,4070
Skoda,Octavia,Sedan,2019,7,Automatic,Diesel,3,116350,8920
Ford,Explorer,SUV,2022,4,Automatic,Petrol,2,41524,21300
Tesla,Model S,Sedan,2024,2,Automatic,Electric,1,20257,53780
Toyota,Prius Prime,Hatchback,2019,7,Automatic,Hybrid,1,146293,11100
BMW,4 Series,Coupe,2016,10,Manual,Diesel,3,178852,11890
Nissan,Versa,Hatchback,2023,3,CVT,Petrol,2,58695,10610
Volkswagen,Golf,Hatchback,2020,6,Automatic,Petrol,3,101539,10620
BMW,5 Series,Sedan,2020,6,CVT,Petrol,1,69021,26130
Mercedes-Benz,E-Class,Sedan,2023,3,Automatic,Petrol,1,45862,40960
Subaru,Outback,SUV,2022,4,Manual,Petrol,2,91090,16300
Subaru,Outback,SUV,2017,9,Automatic,Petrol,2,138106,9310
Subaru,Forester,SUV,2025,1,Automatic,Petrol,1,11285,22150
Nissan,Rogue,SUV,2020,6,Automatic,Hybrid,3,64177,13170
BMW,X5,SUV,2017,9,Manual,Petrol,3,138852,18530
Nissan,Rogue,SUV,2020,6,Automatic,Hybrid,2,74172,13940
Toyota,GR86,Coupe,2017,9,Automatic,Petrol,1,104238,10390
Toyota,Tundra,Truck,2024,2,Automatic,Petrol,1,32996,29710
BMW,3 Series,Sedan,2021,5,Semi-Automatic,Diesel,2,35796,21320
Audi,A4,Sedan,2020,6,CVT,Hybrid,3,90544,19600
Audi,Q5,SUV,2022,4,Automatic,CNG,2,58723,23260
Honda,Ridgeline,Truck,2021,5,Automatic,Petrol,2,34212,19520
Volkswagen,Golf,Hatchback,2022,4,Automatic,Petrol,2,45031,13700
Volkswagen,Atlas,SUV,2017,9,Automatic,Diesel,4,183419,9200
Ram,1500,Truck,2018,8,Automatic,Petrol,3,73986,13530
Toyota,Tundra,Truck,2020,6,Automatic,Hybrid,1,127894,17310
Chevrolet,Camaro Convertible,Convertible,2021,5,Automatic,Diesel,2,120158,16520
Honda,CR-V,SUV,2015,11,CVT,Petrol,2,144465,7620
Ford,F-150,Truck,2023,3,Automatic,Hybrid,2,61900,23250
Subaru,Forester,SUV,2017,9,Automatic,Petrol,2,196904,5480
Mazda,Mazda6,Sedan,2016,10,Automatic,Petrol,4,173488,5760
Mazda,Mazda3,Sedan,2021,5,Manual,Diesel,2,30912,11190
Mini,Cooper,Hatchback,2021,5,Automatic,Petrol,1,39415,15180
Mazda,Mazda6,Sedan,2017,9,Automatic,Diesel,2,129170,8150
Honda,Civic,Sedan,2025,1,Automatic,Petrol,1,20366,19150
Subaru,Forester,SUV,2021,5,Automatic,Petrol,1,57862,14050
Kia,Sportage,SUV,2016,10,Automatic,Petrol,4,131001,8210
Toyota,Camry,Sedan,2023,3,Manual,Petrol,1,40585,17510
GMC,Sierra 1500,Truck,2025,1,Manual,Diesel,1,13591,28980
Land Rover,Range Rover Evoque,SUV,2022,4,Automatic,Petrol,2,67029,28020
GMC,Sierra 1500,Truck,2020,6,Automatic,Petrol,2,55082,17370
Audi,Q5,SUV,2024,2,Automatic,Petrol,1,27307,34510
Jeep,Grand Cherokee,SUV,2013,13,Automatic,Petrol,4,235096,6600
Ram,1500,Truck,2022,4,Automatic,Petrol,1,39261,22380
Tesla,Model X,SUV,2016,10,Automatic,Electric,1,173353,25110
Mazda,Mazda3,Sedan,2017,9,Automatic,Diesel,1,174981,5840
Nissan,370Z,Coupe,2024,2,Automatic,Petrol,1,35028,25820
Ford,Mustang Mach-E,SUV,2021,5,Automatic,Electric,1,94466,20610
Nissan,370Z,Coupe,2022,4,Manual,Petrol,2,93470,16790
Audi,A5,Coupe,2023,3,Automatic,Petrol,2,40081,30990
Toyota,Yaris,Sedan,2013,13,Manual,Diesel,4,209643,1890
Audi,A6,Sedan,2021,5,Automatic,Diesel,2,113850,26560
Honda,CR-V,SUV,2022,4,Manual,Hybrid,2,45401,18100
Chevrolet,Camaro,Coupe,2024,2,CVT,Petrol,1,46572,22860
Audi,Q5,SUV,2025,1,Automatic,Petrol,1,16083,40650
Chevrolet,Camaro Convertible,Convertible,2017,9,Manual,Petrol,1,90321,13890
Tesla,Model X,SUV,2021,5,Automatic,Electric,2,77224,41480
Toyota,Yaris,Sedan,2019,7,Automatic,Petrol,1,93283,7540
Lexus,RX,SUV,2016,10,Automatic,Petrol,4,231698,11890
Hyundai,Sonata,Sedan,2023,3,Automatic,Diesel,1,37350,17790
Volkswagen,ID.4,SUV,2019,7,Automatic,Electric,2,88115,16230
Jeep,Wrangler,SUV,2019,7,Manual,Hybrid,2,55232,14580
Audi,Q7,SUV,2025,1,Automatic,Diesel,1,9298,48030
Land Rover,Range Rover Evoque,SUV,2017,9,CVT,Petrol,2,165177,15680
Tesla,Model S,Sedan,2019,7,Automatic,Electric,3,91919,27200
Tesla,Model S,Sedan,2025,1,Automatic,Electric,1,10542,54140
BMW,X5,SUV,2016,10,Manual,Diesel,2,161020,16010
GMC,Sierra 1500,Truck,2020,6,Automatic,Hybrid,2,83683,17950
BMW,5 Series,Sedan,2022,4,CVT,Diesel,2,86768,32130
Ford,Fusion,Sedan,2019,7,CVT,Hybrid,1,57019,10830
Tesla,Model X,SUV,2020,6,Automatic,Electric,3,58720,36360
Honda,Odyssey,Minivan,2011,15,Semi-Automatic,Petrol,4,305874,4110
Hyundai,i20,Hatchback,2011,15,Automatic,Petrol,5,255253,1200
Volkswagen,Jetta,Sedan,2021,5,Manual,Hybrid,2,64452,11750
Mercedes-Benz,GLE,SUV,2019,7,Automatic,Diesel,2,116202,22920
GMC,Terrain,SUV,2019,7,Automatic,Petrol,1,129541,12450
Toyota,Prius,Hatchback,2018,8,Manual,Hybrid,1,78495,10260
GMC,Acadia,SUV,2022,4,Automatic,Petrol,1,84883,21110
Mercedes-Benz,E-Class,Sedan,2024,2,Manual,Petrol,1,30964,42190
BMW,X3,SUV,2013,13,Automatic,Petrol,5,167416,9230
Ford,Mustang,Coupe,2012,14,Semi-Automatic,Diesel,5,246852,3970
Ford,Focus,Hatchback,2021,5,Automatic,Diesel,2,29028,11020
Skoda,Octavia,Sedan,2023,3,Automatic,Petrol,1,31069,17520
Chrysler,Pacifica,Minivan,2024,2,Automatic,Diesel,1,13111,26200
GMC,Terrain,SUV,2022,4,Manual,Petrol,2,52317,15150
GMC,Sierra 1500,Truck,2026,0,Automatic,Petrol,1,500,36810
Jeep,Compass,SUV,2019,7,Automatic,Petrol,2,85567,12250
BMW,3 Series,Sedan,2018,8,Automatic,Diesel,1,102598,17060
Mini,Cooper Convertible,Convertible,2025,1,Automatic,Petrol,1,10876,25050
Volkswagen,Golf,Hatchback,2025,1,CVT,Petrol,1,7284,21310
Mercedes-Benz,C-Class,Sedan,2023,3,CVT,Petrol,1,38838,30690
Mazda,MX-5 Miata,Convertible,2023,3,Automatic,Petrol,2,21793,18810
Lexus,ES,Sedan,2018,8,Automatic,Diesel,3,117053,13520
Nissan,Rogue,SUV,2026,0,Automatic,Diesel,1,500,26640
Tesla,Model Y,SUV,2023,3,Automatic,Electric,2,62351,26200
Ford,Mustang Convertible,Convertible,2016,10,Automatic,Petrol,1,103761,11980
Tesla,Model 3,Sedan,2025,1,Automatic,Electric,1,21512,29750
Ram,1500,Truck,2016,10,Automatic,Petrol,3,124067,11430
Kia,K5,Sedan,2014,12,Semi-Automatic,Petrol,2,172988,5540
Hyundai,Santa Fe,SUV,2022,4,Automatic,Petrol,1,84375,18270
Mercedes-Benz,C-Class,Sedan,2019,7,Automatic,Petrol,2,58708,19710
BMW,X3,SUV,2016,10,Manual,Petrol,2,75370,13600
Chevrolet,Spark,Hatchback,2016,10,Manual,Diesel,2,131480,4330
Mercedes-Benz,C-Class Coupe,Coupe,2022,4,Manual,Petrol,2,67662,27630
Ford,Explorer,SUV,2022,4,Automatic,Diesel,2,46519,20930
Audi,Q5,SUV,2024,2,Automatic,Petrol,1,25396,36820
Lexus,NX,SUV,2026,0,Automatic,Hybrid,1,500,39940
Hyundai,Tucson,SUV,2026,0,Manual,Hybrid,1,500,27990
Ford,Mustang Mach-E,SUV,2024,2,Automatic,Electric,1,16940,33510
GMC,Sierra 1500,Truck,2022,4,Automatic,Petrol,2,99801,19910
Mini,Cooper,Hatchback,2022,4,Manual,Petrol,2,46288,14230
Subaru,Outback,SUV,2020,6,Manual,Petrol,3,62834,12020
BMW,Z4,Convertible,2024,2,Automatic,Diesel,1,37834,36900
Hyundai,Tucson,SUV,2020,6,Automatic,Hybrid,2,79361,13960
Nissan,Altima,Sedan,2021,5,CVT,Diesel,1,70337,12370
Ford,F-150,Truck,2024,2,Automatic,Hybrid,1,42411,27820
Lexus,NX,SUV,2020,6,Automatic,Petrol,1,122584,19220
Honda,Odyssey,Minivan,2016,10,Automatic,Hybrid,3,155113,10480
Mazda,CX-5,SUV,2017,9,Automatic,Petrol,2,115756,9980
GMC,Terrain,SUV,2019,7,Automatic,Petrol,2,80524,13430
Skoda,Octavia,Sedan,2021,5,Automatic,Petrol,2,50704,12610
Land Rover,Range Rover Sport,SUV,2023,3,Automatic,Petrol,2,23304,50080
Ford,Mustang,Coupe,2017,9,Automatic,CNG,4,124955,9270
Toyota,Corolla,Sedan,2021,5,Manual,Hybrid,1,51580,12240
Nissan,Rogue,SUV,2018,8,Automatic,Diesel,1,89194,11700
Hyundai,i20,Hatchback,2016,10,Automatic,Petrol,2,118824,5070
Jeep,Wrangler,SUV,2012,14,Automatic,Hybrid,3,238873,5130
Fiat,500,Hatchback,2021,5,Automatic,Petrol,1,54273,9940
Tesla,Model Y,SUV,2017,9,Automatic,Electric,2,119155,14960
Ford,Mustang Mach-E,SUV,2019,7,Automatic,Electric,3,183380,14440
Ford,Escape,SUV,2016,10,Automatic,Petrol,1,177128,7130
Volvo,XC90,SUV,2020,6,CVT,Diesel,2,95301,25300
Ford,Fusion,Sedan,2024,2,Automatic,Petrol,1,27908,18730
Ford,Focus,Hatchback,2013,13,Automatic,Petrol,2,116574,4880
Mazda,MX-5 Miata,Convertible,2016,10,Automatic,Petrol,2,132802,9330
Ram,1500,Truck,2016,10,Semi-Automatic,Diesel,3,237653,9240
Tesla,Model Y,SUV,2019,7,Automatic,Electric,1,80963,19380
Audi,A5,Coupe,2017,9,Manual,Petrol,2,161987,13230
Toyota,Tundra,Truck,2021,5,CVT,Petrol,1,58769,20830
Lexus,ES,Sedan,2026,0,CVT,Diesel,1,500,36960
Toyota,GR86,Coupe,2018,8,Automatic,Petrol,2,104793,10620
Chevrolet,Bolt EV,Hatchback,2023,3,Automatic,Electric,1,67851,15550
Kia,K5,Sedan,2016,10,Automatic,Petrol,4,147007,5990
Renault,Clio,Hatchback,2025,1,Manual,CNG,1,13575,14410
Chevrolet,Silverado 1500,Truck,2020,6,Automatic,Petrol,3,115751,15140
Chevrolet,Bolt EV,Hatchback,2018,8,Automatic,Electric,3,98237,8680
Nissan,Sentra,Sedan,2026,0,Manual,Diesel,1,500,17810
Mercedes-Benz,GLE,SUV,2017,9,Automatic,Petrol,1,188218,18970
Jeep,Compass,SUV,2019,7,Manual,Diesel,1,152315,9940
Toyota,Highlander,SUV,2016,10,Semi-Automatic,Petrol,3,162759,10740
Nissan,Titan,Truck,2016,10,CVT,Diesel,3,134371,10620
GMC,Sierra 1500,Truck,2026,0,Automatic,Diesel,1,500,38190
Renault,Clio,Hatchback,2021,5,Automatic,Petrol,1,61228,10810
Nissan,Sentra,Sedan,2013,13,Manual,CNG,3,312872,1200
Volkswagen,ID.4,SUV,2020,6,Automatic,Electric,3,116742,15660
Ford,Mustang Convertible,Convertible,2021,5,Automatic,Petrol,1,76151,21330
Mercedes-Benz,C-Class,Sedan,2014,12,Automatic,Hybrid,3,243428,7210
Toyota,Yaris Hatchback,Hatchback,2021,5,Manual,Hybrid,1,63854,9560
Lexus,ES,Sedan,2024,2,CVT,Petrol,1,17868,28680
Volkswagen,ID.4,SUV,2025,1,Automatic,Electric,1,19808,30360
Honda,City,Sedan,2018,8,Automatic,Hybrid,2,93502,6550
Kia,Rio,Hatchback,2021,5,Automatic,Diesel,1,38260,8860
BMW,Z4,Convertible,2021,5,Automatic,Diesel,2,60893,26780
Volkswagen,Atlas,SUV,2022,4,Automatic,Petrol,1,96668,20460
Audi,A4,Sedan,2020,6,Automatic,Diesel,3,110491,17820
GMC,Sierra 1500,Truck,2022,4,Automatic,Petrol,2,105361,20730
Toyota,Prius Prime,Hatchback,2020,6,Automatic,Petrol,1,134529,13120
Audi,A4,Sedan,2015,11,Automatic,Petrol,1,218992,9690
Fiat,500,Hatchback,2018,8,Manual,Diesel,2,62014,6820
Hyundai,Tucson,SUV,2025,1,Automatic,Diesel,1,12278,24500
Toyota,Highlander,SUV,2013,13,Manual,Petrol,2,269436,4080
Hyundai,Tucson,SUV,2020,6,Automatic,Petrol,1,124063,11750
Chrysler,Pacifica,Minivan,2024,2,Automatic,CNG,1,16433,25720
Subaru,Outback,SUV,2020,6,Manual,Petrol,2,67918,13470
Hyundai,Ioniq 5,SUV,2012,14,Automatic,Electric,5,94729,7500
Tesla,Model Y,SUV,2019,7,Automatic,Electric,1,94051,18020
Chevrolet,Traverse,SUV,2022,4,CVT,Petrol,2,34881,21100
Honda,Fit,Hatchback,2024,2,Manual,Petrol,1,38269,12410
BMW,Z4,Convertible,2025,1,Semi-Automatic,Petrol,1,23434,45110
Subaru,Legacy,Sedan,2018,8,Manual,Petrol,1,111973,9150
Lexus,ES,Sedan,2021,5,Automatic,Petrol,2,137088,19970
Toyota,Prius,Hatchback,2016,10,Manual,Petrol,3,187796,6530
Kia,K5,Sedan,2023,3,Automatic,Petrol,2,20029,16980
Ford,Mustang Convertible,Convertible,2022,4,CVT,Diesel,1,59607,20880
GMC,Terrain,SUV,2019,7,Manual,Diesel,3,123700,10240
Nissan,Leaf,Hatchback,2017,9,Automatic,Electric,1,126611,8860
Ford,Mustang Convertible,Convertible,2011,15,Automatic,Diesel,5,124764,5760
Toyota,Tacoma,Truck,2019,7,CVT,Petrol,2,112936,12380
Audi,A6,Sedan,2025,1,Automatic,Petrol,1,10132,44260
Toyota,Highlander,SUV,2023,3,Manual,Diesel,1,35357,21890
Mazda,MX-5 Miata,Convertible,2023,3,Semi-Automatic,Diesel,2,32204,18040
Peugeot,208,Hatchback,2023,3,Automatic,Petrol,2,71293,11420
Chevrolet,Silverado 1500,Truck,2025,1,Automatic,Petrol,1,9293,31430
Tesla,Model X,SUV,2023,3,Automatic,Electric,1,49615,55810
Nissan,Murano,SUV,2023,3,CVT,Diesel,1,71031,20210
Honda,Insight,Sedan,2024,2,Semi-Automatic,Petrol,1,43741,18690
Honda,Civic,Sedan,2019,7,Automatic,Diesel,2,159258,8610
Volvo,XC90,SUV,2014,12,Automatic,Hybrid,3,163496,13980
Honda,Fit,Hatchback,2025,1,Automatic,Petrol,1,13643,13830
Chrysler,Pacifica,Minivan,2017,9,Manual,Petrol,4,113097,10740
Toyota,Tacoma,Truck,2024,2,Semi-Automatic,Petrol,1,41612,22090
Chevrolet,Traverse,SUV,2019,7,Automatic,Petrol,2,132724,15430
Ford,Escape,SUV,2023,3,Semi-Automatic,Petrol,2,28331,18680
BMW,X5,SUV,2020,6,Automatic,Petrol,3,108322,25880
Mazda,CX-9,SUV,2015,11,Automatic,Hybrid,1,153476,10210
Ford,Focus,Hatchback,2021,5,Manual,Diesel,2,54336,10390
Honda,Odyssey,Minivan,2021,5,Manual,Hybrid,1,50758,19600
Hyundai,Tucson,SUV,2020,6,Automatic,Petrol,3,79770,13290
Suzuki,Swift,Hatchback,2021,5,Automatic,Petrol,1,35965,7960
BMW,5 Series,Sedan,2023,3,Automatic,Petrol,1,46645,35330
Kia,K5,Sedan,2024,2,Automatic,CNG,1,35868,15770
Chevrolet,Camaro,Coupe,2023,3,CVT,Diesel,2,58159,18980
Toyota,GR86,Coupe,2022,4,Manual,Petrol,2,61432,16320
Tesla,Model 3,Sedan,2019,7,Automatic,Electric,2,114512,14880
Audi,Q7,SUV,2024,2,Automatic,Petrol,1,25112,45630
Toyota,Prius Prime,Hatchback,2021,5,Manual,Petrol,2,76446,14620
BMW,4 Series,Coupe,2021,5,Manual,Hybrid,1,74517,25170
Hyundai,Veloster,Coupe,2016,10,Automatic,Petrol,2,226559,2730
Mini,Cooper Convertible,Convertible,2018,8,CVT,CNG,3,111013,9530
Nissan,Murano,SUV,2020,6,Semi-Automatic,Petrol,1,56356,17910
Kia,Sorento,SUV,2022,4,Automatic,Petrol,2,41730,18680
Renault,Clio,Hatchback,2021,5,Automatic,Petrol,2,62317,10020
Ford,Fusion,Sedan,2021,5,CVT,Petrol,2,91602,10780
Nissan,Murano,SUV,2018,8,CVT,Petrol,1,69953,14420
Audi,A5,Coupe,2020,6,CVT,Petrol,3,68170,20380
Nissan,Titan,Truck,2021,5,Automatic,Diesel,2,76709,19160
Volvo,XC90,SUV,2024,2,Automatic,Diesel,1,17457,40170
Porsche,911,Coupe,2025,1,Automatic,Hybrid,1,12511,88350
Chevrolet,Bolt EV,Hatchback,2017,9,Automatic,Electric,1,62806,8560
Ford,Mustang,Coupe,2022,4,Manual,Petrol,1,27697,18240
Chevrolet,Spark,Hatchback,2019,7,Automatic,Petrol,3,78956,6120
Hyundai,Sonata,Sedan,2016,10,Automatic,Diesel,2,159799,6980
Audi,A4,Sedan,2017,9,Manual,Petrol,3,126124,13320
Chrysler,Pacifica,Minivan,2014,12,Semi-Automatic,Hybrid,5,126452,8510
GMC,Acadia,SUV,2021,5,Automatic,Petrol,2,72137,20250
Hyundai,Santa Fe,SUV,2018,8,CVT,Hybrid,1,138480,11840
Honda,Odyssey,Minivan,2025,1,Manual,Diesel,1,17210,25630
Tesla,Model X,SUV,2022,4,Automatic,Electric,1,37367,46680
Nissan,370Z,Coupe,2017,9,Automatic,Hybrid,2,104328,13130
Ram,1500,Truck,2018,8,Automatic,Diesel,2,77688,13770
Honda,City,Sedan,2014,12,Automatic,Diesel,4,186864,2890
Nissan,Versa,Hatchback,2021,5,CVT,Petrol,2,55101,8000
Skoda,Octavia,Sedan,2025,1,Automatic,Petrol,1,12364,20650
Nissan,Altima,Sedan,2022,4,Manual,CNG,2,60645,12610
Skoda,Octavia,Sedan,2024,2,Automatic,Petrol,1,23987,17610
Tesla,Model X,SUV,2018,8,Automatic,Electric,3,120115,29330
Toyota,GR86,Coupe,2025,1,Semi-Automatic,Petrol,1,20640,25990
Skoda,Octavia,Sedan,2023,3,Manual,Petrol,2,63814,13880
Mazda,Mazda3,Sedan,2020,6,Automatic,Diesel,1,133566,9460
Chevrolet,Traverse,SUV,2018,8,Automatic,Petrol,3,101648,13700
Lexus,NX,SUV,2024,2,Automatic,Diesel,1,23549,28020
Toyota,Prius,Hatchback,2025,1,Manual,Petrol,1,14761,21920
Chevrolet,Camaro Convertible,Convertible,2017,9,CVT,Petrol,2,155698,11940
Kia,Carnival,Minivan,2024,2,Automatic,CNG,1,38363,23820
Hyundai,Sonata,Sedan,2025,1,Automatic,Petrol,1,19858,20530
Ford,Explorer,SUV,2023,3,Automatic,Petrol,1,38477,25680
Hyundai,Elantra,Sedan,2025,1,Automatic,Diesel,1,11303,16270
Mercedes-Benz,GLE,SUV,2022,4,Automatic,Petrol,1,70669,36370
Ford,Mustang Mach-E,SUV,2023,3,Automatic,Electric,1,50578,27660
Mazda,MX-5 Miata,Convertible,2014,12,Automatic,Hybrid,3,142979,7540
Toyota,Sienna,Minivan,2019,7,CVT,Petrol,1,112353,14800
Fiat,500,Hatchback,2025,1,Semi-Automatic,Diesel,1,13352,14860
Subaru,Outback,SUV,2014,12,Semi-Automatic,Petrol,4,161071,6820
Mini,Cooper,Hatchback,2026,0,Automatic,Petrol,1,500,24820
Chevrolet,Malibu,Sedan,2020,6,Manual,Petrol,3,39219,10760
Audi,Q5,SUV,2024,2,Automatic,Diesel,1,34353,32690
Mercedes-Benz,C-Class Coupe,Coupe,2024,2,Automatic,Diesel,1,39074,36610
Ford,Explorer,SUV,2021,5,Automatic,Petrol,2,64433,20460
Toyota,Tundra,Truck,2021,5,Manual,Hybrid,1,92913,21270
Volkswagen,Tiguan,SUV,2026,0,CVT,Diesel,1,500,26850
Honda,Accord,Sedan,2022,4,Manual,Petrol,1,46392,16590
Hyundai,Sonata,Sedan,2023,3,Automatic,Diesel,1,57154,16790
Mercedes-Benz,E-Class,Sedan,2017,9,Manual,Petrol,4,100868,16910
Nissan,Leaf,Hatchback,2024,2,Automatic,Electric,1,19425,19260
BMW,5 Series,Sedan,2018,8,CVT,Petrol,1,119016,22030
Hyundai,Tucson,SUV,2016,10,CVT,Hybrid,2,259502,2970
Hyundai,Elantra,Sedan,2018,8,Automatic,Petrol,1,120157,7420
Mini,Cooper Convertible,Convertible,2016,10,Automatic,Petrol,4,97718,8980
BMW,X5,SUV,2021,5,Automatic,Diesel,1,51705,33740
BMW,4 Series,Coupe,2017,9,CVT,Petrol,2,78898,15650
Hyundai,Veloster,Coupe,2022,4,Automatic,Hybrid,2,39037,13000
Volkswagen,Golf,Hatchback,2015,11,Manual,Petrol,3,135569,5960
Toyota,RAV4,SUV,2017,9,Automatic,Petrol,1,176558,8740
Honda,Ridgeline,Truck,2026,0,Automatic,Petrol,1,500,38070
Nissan,Altima,Sedan,2018,8,Automatic,Petrol,1,73264,10150
Renault,Clio,Hatchback,2022,4,Manual,Petrol,1,72753,10250
Kia,Sportage,SUV,2015,11,Automatic,Diesel,1,212309,6720
BMW,X5,SUV,2020,6,Automatic,Petrol,1,77506,30010
Volkswagen,Atlas,SUV,2021,5,Automatic,Petrol,1,37416,19060
Honda,Fit,Hatchback,2022,4,Automatic,Petrol,2,41668,10870
Kia,K5,Sedan,2012,14,Automatic,Petrol,5,316554,1200
Tesla,Model 3,Sedan,2016,10,Automatic,Electric,4,159537,10720
Peugeot,208,Hatchback,2025,1,Automatic,Petrol,1,13284,15270
Volkswagen,Golf,Hatchback,2025,1,Automatic,Petrol,1,8853,19680
Volkswagen,Tiguan,SUV,2014,12,Automatic,Petrol,5,152087,6430
Chevrolet,Silverado 1500,Truck,2022,4,Automatic,Hybrid,2,61472,22560
Audi,A6,Sedan,2016,10,Automatic,Petrol,2,159903,16490
Honda,Pilot,SUV,2014,12,Semi-Automatic,Petrol,5,277294,4130
BMW,3 Series,Sedan,2024,2,Manual,Diesel,1,19982,31610
Volvo,XC90,SUV,2016,10,Automatic,Petrol,4,182121,13800
Nissan,Titan,Truck,2025,1,Automatic,Petrol,1,15330,27740
Volkswagen,Jetta,Sedan,2020,6,Manual,Petrol,1,55393,9630
Audi,Q5,SUV,2019,7,Automatic,Petrol,2,56760,20460
Skoda,Octavia,Sedan,2014,12,Automatic,CNG,1,209224,4200
Lexus,NX,SUV,2024,2,Manual,Petrol,1,14947,30720
Volkswagen,Golf,Hatchback,2025,1,Manual,Petrol,1,7759,19900
Toyota,Camry,Sedan,2020,6,Automatic,Petrol,1,89231,13690
Hyundai,Santa Fe,SUV,2022,4,Automatic,Diesel,2,64154,18500
Nissan,Leaf,Hatchback,2022,4,Automatic,Electric,1,35430,16790
Mazda,CX-5,SUV,2021,5,Manual,Petrol,2,66790,15180
Honda,City,Sedan,2024,2,Manual,Petrol,1,39826,11620
Honda,Ridgeline,Truck,2021,5,Automatic,Petrol,2,129243,18790
Suzuki,Swift,Hatchback,2023,3,Automatic,Petrol,1,56148,10580
BMW,4 Series,Coupe,2021,5,Manual,Petrol,1,98921,23990
Honda,Insight,Sedan,2014,12,Automatic,Diesel,2,147062,5830
Toyota,Yaris,Sedan,2014,12,CVT,Petrol,5,206425,2290
Tesla,Model Y,SUV,2022,4,Automatic,Electric,1,72460,26270
Toyota,Yaris Hatchback,Hatchback,2022,4,Automatic,Petrol,2,87296,8570
Nissan,Altima,Sedan,2026,0,Automatic,Hybrid,1,500,24190
GMC,Acadia,SUV,2023,3,Automatic,Petrol,1,61563,23120
Audi,A6,Sedan,2022,4,Automatic,CNG,2,57134,32330
Kia,EV6,SUV,2020,6,Automatic,Electric,3,129867,18060
Jeep,Wrangler,SUV,2017,9,Manual,Petrol,2,71772,12090
Toyota,Tacoma,Truck,2015,11,Automatic,Hybrid,2,197169,7370
Ford,Mustang,Coupe,2013,13,Automatic,Petrol,1,130355,7450
Mazda,Mazda6,Sedan,2017,9,Automatic,Petrol,3,115714,7900
Nissan,Altima,Sedan,2014,12,Manual,Petrol,1,173135,6090
Mini,Cooper,Hatchback,2022,4,CVT,Hybrid,1,39874,15380
Ford,F-150,Truck,2022,4,Automatic,Petrol,1,57510,22540
Kia,EV6,SUV,2021,5,Automatic,Electric,2,72567,22450
Tesla,Model 3,Sedan,2024,2,Automatic,Electric,1,14239,27200
Chevrolet,Equinox,SUV,2021,5,Automatic,Hybrid,2,57684,15860
Jeep,Compass,SUV,2013,13,Automatic,Petrol,4,210694,3820
Hyundai,Santa Fe,SUV,2020,6,Automatic,Petrol,3,83567,13890
Nissan,370Z,Coupe,2016,10,CVT,Petrol,4,127284,9920
Chevrolet,Camaro Convertible,Convertible,2011,15,Manual,Hybrid,3,229427,5340
Ram,1500,Truck,2022,4,Automatic,Petrol,1,52845,23190
Lexus,ES,Sedan,2021,5,Automatic,Petrol,2,41184,22150
Tesla,Model X,SUV,2024,2,Automatic,Electric,1,46598,61640
GMC,Sierra 1500,Truck,2018,8,Automatic,Petrol,2,117844,13250
Chrysler,Pacifica,Minivan,2015,11,Automatic,Petrol,4,180256,7350
Mercedes-Benz,GLC,SUV,2021,5,Automatic,Diesel,2,46876,23850
Hyundai,i20,Hatchback,2020,6,Automatic,Petrol,3,131166,5650
Volvo,XC60,SUV,2026,0,Automatic,Petrol,1,500,43940
Lexus,ES,Sedan,2019,7,CVT,Hybrid,1,100093,19050
Lexus,RX,SUV,2020,6,Automatic,Petrol,3,143299,18340
Mazda,CX-9,SUV,2015,11,Automatic,Petrol,2,133952,9730
Audi,A5,Coupe,2024,2,CVT,Petrol,1,39748,33440
Honda,Insight,Sedan,2021,5,Automatic,Hybrid,2,87882,11670
Mazda,CX-5,SUV,2020,6,Automatic,Petrol,2,109701,12130
Mazda,Mazda3,Sedan,2018,8,Automatic,Petrol,3,116134,7240
Chevrolet,Camaro Convertible,Convertible,2016,10,CVT,Petrol,1,258011,8170
Nissan,370Z,Coupe,2013,13,Automatic,Petrol,1,147989,8090
Toyota,Prius,Hatchback,2024,2,Automatic,Hybrid,1,41913,21380
Chrysler,Pacifica,Minivan,2024,2,Automatic,Diesel,1,17923,24930
GMC,Acadia,SUV,2024,2,CVT,Petrol,1,36024,25870
Ford,Focus,Hatchback,2024,2,Semi-Automatic,Petrol,1,38198,15470
Mazda,Mazda6,Sedan,2014,12,Automatic,Petrol,1,228214,3190
Honda,Fit,Hatchback,2018,8,Automatic,Diesel,1,136778,5750
Kia,Carnival,Minivan,2021,5,Semi-Automatic,Diesel,2,81179,17760
Chevrolet,Equinox,SUV,2017,9,Automatic,Petrol,1,101700,10250
Ford,Mustang,Coupe,2012,14,CVT,Petrol,1,164619,6420
Toyota,Highlander,SUV,2018,8,Semi-Automatic,Hybrid,2,170922,12560
Volkswagen,Jetta,Sedan,2017,9,Automatic,Petrol,3,131470,6880
Chevrolet,Camaro Convertible,Convertible,2023,3,Semi-Automatic,Diesel,1,40211,24940
Chevrolet,Equinox,SUV,2017,9,Automatic,Petrol,2,141306,8630
Skoda,Octavia,Sedan,2020,6,Manual,Petrol,2,153696,9080
Chevrolet,Spark,Hatchback,2017,9,Automatic,Diesel,4,138787,4010
Toyota,Yaris,Sedan,2016,10,Semi-Automatic,Petrol,4,194321,3420
Chevrolet,Camaro Convertible,Convertible,2015,11,Manual,Petrol,2,117410,10290
Hyundai,Sonata,Sedan,2017,9,Automatic,Petrol,1,74846,8630
Tesla,Model Y,SUV,2018,8,Automatic,Electric,1,114780,16270
Hyundai,Ioniq 5,SUV,2021,5,Automatic,Electric,1,74260,20920
Hyundai,Ioniq 5,SUV,2023,3,Automatic,Electric,2,68633,24590
Hyundai,Ioniq 5,SUV,2018,8,Automatic,Electric,1,149488,14890
Land Rover,Range Rover Evoque,SUV,2018,8,Automatic,Hybrid,3,136487,18820
Porsche,911,Coupe,2019,7,CVT,Diesel,1,142608,42050
Volkswagen,ID.4,SUV,2023,3,Automatic,Electric,2,29385,24400
Ram,1500,Truck,2023,3,Automatic,Petrol,1,48532,25860
Volkswagen,Jetta,Sedan,2019,7,Manual,Petrol,1,91407,9610
Ford,Mustang Mach-E,SUV,2018,8,Automatic,Electric,2,88315,15350
Audi,A5,Coupe,2019,7,Automatic,Petrol,2,84622,19360
Kia,Sorento,SUV,2015,11,Manual,Hybrid,2,163506,7560
Mini,Cooper,Hatchback,2025,1,Automatic,Diesel,1,14689,21770
Ford,Mustang,Coupe,2018,8,CVT,Petrol,3,117132,12130
Audi,Q5,SUV,2020,6,Automatic,Diesel,1,58026,22150
Honda,City,Sedan,2019,7,Automatic,Diesel,1,105936,7050
Mercedes-Benz,GLC,SUV,2018,8,Automatic,Hybrid,1,102148,20270
Nissan,Leaf,Hatchback,2018,8,Automatic,Electric,2,76163,10450
Nissan,Titan,Truck,2021,5,Automatic,Petrol,1,47790,20040
Chevrolet,Camaro,Coupe,2024,2,Manual,Petrol,1,28420,22730
Mazda,Mazda3,Sedan,2019,7,CVT,Petrol,1,99185,9070
Mercedes-Benz,GLC,SUV,2022,4,Automatic,Petrol,1,79161,29490
Tesla,Model 3,Sedan,2013,13,Automatic,Electric,4,225457,6960
Hyundai,Tucson,SUV,2026,0,Automatic,Petrol,1,500,27690
BMW,5 Series,Sedan,2023,3,Manual,Petrol,1,24636,35340
Volkswagen,Atlas,SUV,2024,2,Manual,Hybrid,1,31578,25060
Toyota,Prius,Hatchback,2015,11,Automatic,Diesel,3,130343,6860
Mazda,Mazda6,Sedan,2019,7,Automatic,Petrol,1,75517,11430
Honda,Civic,Sedan,2022,4,Automatic,Petrol,2,61447,14210
BMW,X3,SUV,2018,8,Manual,Petrol,2,140248,14450
Fiat,500,Hatchback,2022,4,Automatic,Diesel,1,46047,11490
BMW,X5,SUV,2023,3,Automatic,Petrol,2,25696,39140
Mercedes-Benz,E-Class,Sedan,2022,4,Automatic,Petrol,2,52963,34320
Nissan,Altima,Sedan,2019,7,Automatic,Hybrid,1,87140,11880
Chrysler,Pacifica,Minivan,2014,12,Automatic,Petrol,4,245989,5860
Ford,F-150,Truck,2022,4,Automatic,Petrol,1,64004,21930
Kia,K5,Sedan,2024,2,CVT,Hybrid,1,17342,19130
Mercedes-Benz,C-Class,Sedan,2022,4,Semi-Automatic,Hybrid,2,52827,27610
Mini,Cooper,Hatchback,2013,13,Automatic,Petrol,1,248195,3720
Hyundai,Santa Fe,SUV,2026,0,CVT,Petrol,1,500,29690
Chevrolet,Bolt EV,Hatchback,2018,8,Automatic,Electric,3,74929,9430
Nissan,Murano,SUV,2022,4,Automatic,Petrol,2,70961,21020
Ford,Explorer,SUV,2023,3,Automatic,Diesel,1,51091,25200
Chevrolet,Silverado 1500,Truck,2013,13,Automatic,Petrol,5,162398,7700
Honda,City,Sedan,2025,1,Automatic,Hybrid,1,7485,15620
Ford,Mustang,Coupe,2023,3,Manual,Diesel,2,39233,20670
Tesla,Model X,SUV,2023,3,Automatic,Electric,1,42874,52490
Chrysler,Pacifica,Minivan,2020,6,Semi-Automatic,Petrol,1,77770,17000
Nissan,Titan,Truck,2024,2,Automatic,Petrol,1,43014,26630
Nissan,Leaf,Hatchback,2023,3,Automatic,Electric,2,47508,16360
Mercedes-Benz,C-Class Coupe,Coupe,2023,3,CVT,Petrol,2,41578,31720
Honda,Pilot,SUV,2024,2,Automatic,Petrol,1,27945,29550
Toyota,Corolla,Sedan,2021,5,Automatic,Petrol,2,85559,10930
Kia,Forte,Sedan,2026,0,CVT,Petrol,1,500,18230
Mercedes-Benz,C-Class Coupe,Coupe,2022,4,CVT,Petrol,2,30758,29340
GMC,Acadia,SUV,2013,13,CVT,Petrol,4,202294,6120
Volkswagen,ID.4,SUV,2025,1,Automatic,Electric,1,9251,31430
Volkswagen,Passat,Sedan,2021,5,CVT,Diesel,2,29884,12710
Toyota,RAV4,SUV,2022,4,Semi-Automatic,Hybrid,2,59469,18720
Nissan,Versa,Hatchback,2019,7,CVT,Diesel,3,110515,5700
Kia,EV6,SUV,2012,14,Automatic,Electric,4,225029,6490
Volvo,XC90,SUV,2023,3,Automatic,Hybrid,1,23828,42140
BMW,X5,SUV,2013,13,CVT,Petrol,5,169751,12340
Audi,A4,Sedan,2021,5,CVT,Petrol,1,81993,22430
Mini,Cooper,Hatchback,2016,10,Automatic,Petrol,1,82390,9090
Hyundai,Sonata,Sedan,2014,12,CVT,Petrol,5,135048,5520
Toyota,Camry,Sedan,2021,5,Automatic,Petrol,2,106623,13380
Renault,Clio,Hatchback,2022,4,CVT,Petrol,2,70796,10810
Lexus,NX,SUV,2018,8,Automatic,Hybrid,3,123864,13690
Mazda,Mazda3,Sedan,2020,6,Manual,Diesel,3,99117,8910
Lexus,NX,SUV,2016,10,CVT,Petrol,2,117568,12370
Audi,A6,Sedan,2024,2,Automatic,Petrol,1,24141,43220
Audi,Q5,SUV,2019,7,Automatic,Petrol,1,125840,17740
BMW,X3,SUV,2014,12,Automatic,Petrol,1,174377,11950
Mazda,MX-5 Miata,Convertible,2013,13,Automatic,CNG,5,167268,4970
Hyundai,Elantra,Sedan,2020,6,Automatic,Petrol,1,83918,10440
Ford,Focus,Hatchback,2020,6,Manual,Petrol,3,63444,8850
Toyota,Yaris Hatchback,Hatchback,2017,9,CVT,CNG,4,196821,3620
Mazda,CX-9,SUV,2015,11,Manual,Petrol,4,149578,9200
Toyota,Corolla,Sedan,2021,5,Manual,Hybrid,1,79142,11390
Mini,Cooper,Hatchback,2024,2,Manual,Petrol,1,19113,20150
Honda,Odyssey,Minivan,2016,10,Automatic,Diesel,3,97192,10340
Hyundai,Tucson,SUV,2023,3,Manual,Petrol,2,56055,17400
Toyota,Highlander,SUV,2021,5,Manual,Petrol,2,65139,19350
Mini,Cooper Convertible,Convertible,2011,15,Automatic,Petrol,1,236022,4950
Suzuki,Swift,Hatchback,2023,3,Automatic,Petrol,2,44093,10250
Land Rover,Range Rover Sport,SUV,2022,4,Automatic,Petrol,1,54515,51050
Porsche,911,Coupe,2021,5,Semi-Automatic,Hybrid,2,94197,57180
BMW,5 Series,Sedan,2017,9,Automatic,Petrol,2,133851,19040
Toyota,GR86,Coupe,2021,5,Automatic,Petrol,2,98984,14740
Renault,Clio,Hatchback,2024,2,Automatic,Petrol,1,32418,13450
Volkswagen,ID.4,SUV,2025,1,Automatic,Electric,1,12763,30320
Honda,Ridgeline,Truck,2016,10,Automatic,Diesel,2,205221,9960
Renault,Clio,Hatchback,2020,6,Automatic,Petrol,3,82094,8520
Mini,Cooper,Hatchback,2019,7,Manual,Petrol,3,85384,9530
Toyota,Sienna,Minivan,2025,1,Automatic,Petrol,1,19030,29220
Kia,Rio,Hatchback,2018,8,Manual,Petrol,3,79058,5870
Volvo,XC60,SUV,2022,4,CVT,Diesel,1,46385,26050
Chrysler,Pacifica,Minivan,2024,2,CVT,Petrol,1,33004,24640
Ford,F-150,Truck,2018,8,CVT,Petrol,1,79256,14120
Ford,Focus,Hatchback,2024,2,Automatic,Petrol,1,29399,14610
Kia,Carnival,Minivan,2019,7,Automatic,Petrol,2,75156,15010
Mazda,MX-5 Miata,Convertible,2020,6,Automatic,Petrol,2,73067,14600
Mazda,CX-5,SUV,2020,6,Automatic,Petrol,3,66465,12330
Nissan,370Z,Coupe,2019,7,Manual,Petrol,3,80488,14090
Honda,Civic,Sedan,2024,2,CVT,Petrol,1,29055,16880
Mazda,MX-5 Miata,Convertible,2026,0,Manual,Petrol,1,500,24750
Chrysler,Pacifica,Minivan,2025,1,Automatic,Petrol,1,18104,30920
Nissan,Murano,SUV,2023,3,Automatic,Petrol,2,38644,21440
Nissan,Altima,Sedan,2021,5,Automatic,Petrol,2,55383,14180
Hyundai,Ioniq 5,SUV,2017,9,Automatic,Electric,4,90746,12150
Toyota,Camry,Sedan,2018,8,Automatic,Hybrid,3,130384,9960
Volkswagen,Tiguan,SUV,2019,7,Manual,Petrol,3,108370,10570
Nissan,Rogue,SUV,2022,4,Automatic,Hybrid,2,60666,16430
GMC,Acadia,SUV,2023,3,Manual,Petrol,1,24815,23660
Toyota,Sienna,Minivan,2017,9,Automatic,Petrol,3,174475,9330
Audi,Q5,SUV,2025,1,Automatic,CNG,1,15917,33890
Honda,Pilot,SUV,2019,7,Automatic,Petrol,3,83396,14910
Nissan,Rogue,SUV,2019,7,Automatic,Petrol,1,67141,12670
Volkswagen,ID.4,SUV,2011,15,Automatic,Electric,3,226639,5510
Honda,Insight,Sedan,2025,1,Automatic,Hybrid,1,25160,21600
Audi,A4,Sedan,2014,12,Manual,Petrol,3,239335,5400
Chevrolet,Camaro Convertible,Convertible,2016,10,CVT,Petrol,2,248807,8470
BMW,X5,SUV,2024,2,Automatic,Petrol,1,26664,46270
Jeep,Compass,SUV,2022,4,Manual,Petrol,1,44600,16510
Ford,Explorer,SUV,2025,1,Automatic,Diesel,1,12883,30110
Nissan,Leaf,Hatchback,2019,7,Automatic,Electric,2,63241,10710
Hyundai,Santa Fe,SUV,2019,7,Semi-Automatic,Hybrid,3,91847,14810
Hyundai,Elantra,Sedan,2021,5,Manual,Hybrid,1,78859,10520
Audi,A5,Coupe,2020,6,Manual,Hybrid,2,42080,23000
Jeep,Compass,SUV,2020,6,Manual,Petrol,2,145686,10390
Toyota,Yaris,Sedan,2022,4,Automatic,Petrol,2,94566,7790
Volkswagen,ID.4,SUV,2025,1,Automatic,Electric,1,13456,30030
Toyota,Prius Prime,Hatchback,2024,2,Automatic,Hybrid,1,28342,21710
Honda,Fit,Hatchback,2021,5,CVT,Diesel,2,64356,8330
Land Rover,Range Rover Sport,SUV,2024,2,Semi-Automatic,Petrol,1,32882,63830
Hyundai,Sonata,Sedan,2016,10,Manual,Hybrid,4,91175,7490
Kia,EV6,SUV,2025,1,Automatic,Electric,1,9031,32480
Mazda,MX-5 Miata,Convertible,2020,6,CVT,Petrol,3,85305,12980
Toyota,Highlander,SUV,2022,4,Manual,Hybrid,1,43180,24060
Mazda,MX-5 Miata,Convertible,2025,1,Automatic,Petrol,1,9718,24550
Volkswagen,Tiguan,SUV,2017,9,CVT,Petrol,1,130677,10100
BMW,X3,SUV,2019,7,CVT,Petrol,1,99342,18930
Mercedes-Benz,C-Class Coupe,Coupe,2024,2,Semi-Automatic,Petrol,1,32067,38250
Ford,Mustang,Coupe,2016,10,Automatic,Petrol,2,109731,9480
Honda,CR-V,SUV,2022,4,Automatic,Hybrid,2,61794,18150
Audi,Q7,SUV,2022,4,Automatic,Petrol,1,36754,37370
Nissan,Titan,Truck,2019,7,Automatic,Petrol,3,165312,12830
Honda,Civic,Sedan,2019,7,Automatic,Petrol,1,127319,9190
Tesla,Model X,SUV,2016,10,Automatic,Electric,4,143458,25730
Volkswagen,Jetta,Sedan,2020,6,Automatic,Hybrid,3,73878,10230
Mazda,Mazda3,Sedan,2025,1,Automatic,Petrol,1,14308,17390
Tesla,Model X,SUV,2020,6,Automatic,Electric,3,59770,38290
BMW,5 Series,Sedan,2022,4,Automatic,Hybrid,1,79656,32190
Honda,Odyssey,Minivan,2022,4,CVT,Hybrid,2,57188,20000
Audi,A4,Sedan,2018,8,Automatic,Diesel,3,131887,12860
Audi,Q5,SUV,2020,6,Automatic,Petrol,1,55066,23020
Mercedes-Benz,GLE,SUV,2018,8,Automatic,Petrol,3,134439,21040
Nissan,370Z,Coupe,2015,11,Manual,Petrol,1,207528,7400
Mazda,CX-9,SUV,2015,11,CVT,Petrol,1,125044,10510
Ford,F-150,Truck,2022,4,Automatic,Diesel,1,82552,19780
Skoda,Octavia,Sedan,2021,5,Manual,Petrol,1,59321,12190
BMW,4 Series,Coupe,2025,1,Automatic,Petrol,1,19487,43280
Suzuki,Swift,Hatchback,2017,9,CVT,Diesel,3,110875,5070
Honda,Accord,Sedan,2019,7,Automatic,Petrol,3,53848,12290
Honda,Insight,Sedan,2020,6,Semi-Automatic,Petrol,2,68172,11560
Toyota,Tacoma,Truck,2013,13,Manual,Petrol,3,161497,6160
Tesla,Model Y,SUV,2016,10,Automatic,Electric,1,162060,13570
Jeep,Wrangler,SUV,2021,5,Automatic,Petrol,2,73446,18940
Ford,Explorer,SUV,2018,8,Automatic,Petrol,2,77775,15040
Honda,Accord,Sedan,2022,4,Automatic,Petrol,2,100896,14440
Mercedes-Benz,E-Class,Sedan,2015,11,Automatic,Petrol,2,138195,16170
Honda,City,Sedan,2016,10,Automatic,Petrol,4,105666,4820
Kia,Sorento,SUV,2024,2,Automatic,Hybrid,1,29924,25140
Ford,Mustang,Coupe,2017,9,Automatic,Petrol,2,180725,10080
Ford,Explorer,SUV,2022,4,Automatic,Petrol,2,40321,21690
Mazda,Mazda6,Sedan,2022,4,Manual,Petrol,1,77426,13940
Ford,Escape,SUV,2016,10,CVT,Petrol,2,102516,8340
Ford,F-150,Truck,2022,4,Automatic,Petrol,2,40741,20760
Toyota,Yaris,Sedan,2020,6,Automatic,Petrol,1,80601,8260
Ram,1500,Truck,2021,5,Automatic,Petrol,1,42440,19990
BMW,X3,SUV,2025,1,Automatic,Petrol,1,25560,40910
Jeep,Wrangler,SUV,2025,1,CVT,Petrol,1,21489,28160
Nissan,Rogue,SUV,2026,0,Manual,Petrol,1,500,27020
Audi,Q7,SUV,2018,8,Manual,Diesel,1,51890,20300
Audi,A4,Sedan,2015,11,CVT,Petrol,2,118319,11790
Chevrolet,Camaro,Coupe,2012,14,CVT,Petrol,4,225692,4650
Jeep,Wrangler,SUV,2020,6,Automatic,Petrol,1,99278,16450
BMW,Z4,Convertible,2020,6,Automatic,Petrol,3,39030,23120
Mercedes-Benz,C-Class,Sedan,2020,6,Automatic,Diesel,3,64374,20190
Toyota,GR86,Coupe,2019,7,Manual,Petrol,3,90218,11180
Audi,A5,Coupe,2025,1,Automatic,Petrol,1,15044,37100
Jeep,Wrangler,SUV,2026,0,Automatic,Hybrid,1,500,34660
Mazda,Mazda3,Sedan,2021,5,Automatic,Petrol,1,114030,10270
Hyundai,Tucson,SUV,2021,5,Semi-Automatic,Hybrid,2,54570,16690
Renault,Clio,Hatchback,2021,5,Manual,Petrol,2,112526,8670
Volkswagen,Atlas,SUV,2022,4,Automatic,Petrol,2,68105,20350
Hyundai,Elantra,Sedan,2017,9,CVT,Petrol,2,206497,4240
Chevrolet,Traverse,SUV,2013,13,Automatic,Hybrid,4,141452,8040
Mini,Cooper Convertible,Convertible,2024,2,Automatic,Petrol,1,35961,23400
Toyota,Yaris Hatchback,Hatchback,2021,5,Manual,Petrol,1,89019,8250
BMW,3 Series,Sedan,2024,2,Semi-Automatic,Petrol,1,32552,32520
Nissan,Titan,Truck,2015,11,Semi-Automatic,Petrol,2,152445,9890
Skoda,Octavia,Sedan,2017,9,Automatic,CNG,1,129732,7790
Subaru,Forester,SUV,2019,7,Automatic,Diesel,2,128445,10110
Lexus,NX,SUV,2022,4,Manual,Petrol,2,68443,20480
Toyota,Sienna,Minivan,2025,1,Automatic,Petrol,1,8078,31950
Toyota,Yaris,Sedan,2019,7,CVT,Petrol,3,103186,5650
Nissan,Rogue,SUV,2023,3,Semi-Automatic,Petrol,2,56035,18430
Land Rover,Range Rover Sport,SUV,2018,8,Semi-Automatic,Petrol,2,118467,28800
Jeep,Compass,SUV,2018,8,Automatic,Petrol,1,113511,10160
Nissan,Versa,Hatchback,2018,8,Automatic,Petrol,3,131813,5070
Mercedes-Benz,C-Class,Sedan,2022,4,Automatic,Diesel,2,39786,26350
Chevrolet,Bolt EV,Hatchback,2020,6,Automatic,Electric,1,69591,12010
Land Rover,Range Rover Sport,SUV,2025,1,Automatic,Petrol,1,11529,66500
Mazda,Mazda6,Sedan,2025,1,CVT,Petrol,1,17528,21170
Mazda,Mazda6,Sedan,2023,3,Automatic,CNG,2,27363,15890
Honda,Accord,Sedan,2024,2,Manual,Petrol,1,23820,19230
BMW,3 Series,Sedan,2018,8,Automatic,Petrol,2,143747,14170
Ford,Escape,SUV,2017,9,Automatic,Petrol,2,121762,9510
Audi,Q7,SUV,2016,10,Automatic,Petrol,1,84528,19220
Lexus,NX,SUV,2025,1,Automatic,Petrol,1,19281,32360
Kia,K5,Sedan,2020,6,Manual,Petrol,2,116989,9190
Ram,1500,Truck,2018,8,Automatic,Hybrid,3,190432,9930
Land Rover,Range Rover Sport,SUV,2022,4,Manual,Petrol,2,82609,43850
BMW,4 Series,Coupe,2020,6,Automatic,Petrol,1,79613,22540
BMW,X3,SUV,2025,1,Automatic,Petrol,1,15567,37920
Suzuki,Swift,Hatchback,2018,8,Automatic,Petrol,1,176734,2740
Hyundai,Sonata,Sedan,2013,13,Automatic,Hybrid,5,294148,1200
Lexus,ES,Sedan,2024,2,Manual,Petrol,1,20918,29030
Mercedes-Benz,GLE,SUV,2018,8,Automatic,Petrol,1,142433,22250
GMC,Terrain,SUV,2025,1,Manual,Petrol,1,8322,23820
Kia,K5,Sedan,2018,8,CVT,Petrol,2,144889,8160
Honda,Fit,Hatchback,2021,5,Automatic,Petrol,1,62528,9770
Kia,Carnival,Minivan,2021,5,Automatic,Petrol,1,64658,19310
GMC,Terrain,SUV,2025,1,CVT,Diesel,1,12010,22280
Chevrolet,Silverado 1500,Truck,2024,2,Automatic,Petrol,1,26174,26360
Chevrolet,Malibu,Sedan,2021,5,Manual,CNG,2,86906,11080
Toyota,Tacoma,Truck,2023,3,Automatic,Petrol,1,62620,20990
Audi,A5,Coupe,2020,6,CVT,Petrol,3,65735,21870
Audi,A5,Coupe,2022,4,Automatic,Petrol,2,70023,26010
Honda,Pilot,SUV,2025,1,Manual,Petrol,1,15336,33210
BMW,3 Series,Sedan,2022,4,Automatic,Petrol,1,73668,25980
Hyundai,Sonata,Sedan,2015,11,Semi-Automatic,Hybrid,3,164897,6690
Kia,Sportage,SUV,2020,6,Manual,Diesel,2,86889,11900
Chevrolet,Bolt EV,Hatchback,2020,6,Automatic,Electric,1,115332,10910
Ford,Escape,SUV,2017,9,Automatic,Petrol,2,208585,7770
Land Rover,Range Rover Evoque,SUV,2023,3,Automatic,Petrol,2,54300,29100
Audi,A4,Sedan,2021,5,Manual,CNG,1,35540,21230
Toyota,Highlander,SUV,2020,6,Automatic,Hybrid,3,140539,15860
Mazda,MX-5 Miata,Convertible,2017,9,Manual,Petrol,3,103153,8280
Mercedes-Benz,GLE,SUV,2025,1,CVT,Petrol,1,12182,49510
Mazda,MX-5 Miata,Convertible,2025,1,CVT,Petrol,1,10017,23630
Chrysler,Pacifica,Minivan,2017,9,Manual,Petrol,3,125018,10690
Honda,Odyssey,Minivan,2021,5,Automatic,Petrol,1,87100,19030
Hyundai,i20,Hatchback,2018,8,Automatic,Petrol,2,96312,5770
Toyota,Camry,Sedan,2020,6,CVT,Petrol,3,115131,10830
Audi,A5,Coupe,2022,4,Automatic,Petrol,2,37976,26340
Toyota,Yaris Hatchback,Hatchback,2012,14,Automatic,Petrol,2,198283,2930
Ford,Mustang,Coupe,2015,11,Manual,Petrol,3,136689,8850
Hyundai,Veloster,Coupe,2014,12,CVT,Hybrid,2,211151,3170
Chevrolet,Bolt EV,Hatchback,2012,14,Automatic,Electric,3,186346,4840
GMC,Sierra 1500,Truck,2021,5,Manual,Petrol,1,94184,19250
Volkswagen,Jetta,Sedan,2024,2,Automatic,Diesel,1,33071,14330
Mini,Cooper,Hatchback,2025,1,Manual,Petrol,1,18037,22050
GMC,Acadia,SUV,2021,5,Automatic,Petrol,1,73691,20300
Kia,Rio,Hatchback,2021,5,Manual,CNG,1,65715,8420
Lexus,RX,SUV,2026,0,Automatic,Petrol,1,500,44740
BMW,3 Series,Sedan,2015,11,Automatic,Petrol,2,214581,10030
Audi,A4,Sedan,2024,2,Manual,Hybrid,1,45586,28070
Mercedes-Benz,C-Class,Sedan,2012,14,Automatic,Petrol,3,179628,9530
Mazda,CX-9,SUV,2021,5,Automatic,Hybrid,1,41341,22030
Lexus,IS,Sedan,2020,6,Automatic,Petrol,3,143142,15200
Toyota,Corolla,Sedan,2020,6,Manual,Petrol,2,75872,9650
Honda,Odyssey,Minivan,2020,6,Manual,Petrol,3,69004,15280
Chevrolet,Traverse,SUV,2020,6,Automatic,Petrol,1,100685,16780
Mercedes-Benz,C-Class Coupe,Coupe,2015,11,Automatic,Petrol,3,139103,13500
Mini,Cooper Convertible,Convertible,2021,5,Semi-Automatic,Hybrid,2,91004,15250
Tesla,Model Y,SUV,2016,10,Automatic,Electric,4,95751,11280
Toyota,Prius,Hatchback,2023,3,Manual,Petrol,1,37399,16890
Chevrolet,Malibu,Sedan,2019,7,Automatic,Petrol,3,87303,10000
GMC,Acadia,SUV,2023,3,Automatic,Petrol,1,32515,24440
Volkswagen,ID.4,SUV,2025,1,Automatic,Electric,1,9770,29410
Toyota,Sienna,Minivan,2016,10,Automatic,Petrol,1,112133,11470
Kia,Forte,Sedan,2018,8,Manual,Diesel,3,89953,6520
Volkswagen,ID.4,SUV,2025,1,Automatic,Electric,1,16027,32290
Hyundai,Tucson,SUV,2026,0,CVT,CNG,1,500,25150
Honda,City,Sedan,2023,3,Automatic,Petrol,1,38628,12410
Mazda,Mazda6,Sedan,2021,5,Automatic,CNG,1,59591,12630
Mercedes-Benz,C-Class Coupe,Coupe,2022,4,Manual,Petrol,2,79093,25240
BMW,4 Series,Coupe,2015,11,Manual,Diesel,4,102064,12010
Volkswagen,Jetta,Sedan,2014,12,Automatic,Petrol,5,114766,5160
Toyota,Tacoma,Truck,2023,3,CVT,Petrol,2,22826,19670
Skoda,Octavia,Sedan,2019,7,Automatic,Petrol,1,98789,10430
Hyundai,Veloster,Coupe,2020,6,Automatic,Petrol,3,89021,9760
Kia,Sorento,SUV,2022,4,CVT,Petrol,2,46643,18200
Kia,Sorento,SUV,2017,9,Automatic,Petrol,2,188697,7930
Honda,Odyssey,Minivan,2023,3,Automatic,Petrol,1,30475,23670
Volkswagen,ID.4,SUV,2024,2,Automatic,Electric,1,41168,27150
Mercedes-Benz,GLC,SUV,2025,1,Semi-Automatic,Petrol,1,14362,41500
Ford,Escape,SUV,2024,2,Automatic,Petrol,1,41845,19930
Nissan,Murano,SUV,2014,12,Automatic,Petrol,2,189971,7290
Land Rover,Range Rover Sport,SUV,2020,6,CVT,Diesel,2,84244,38530
Mazda,Mazda3,Sedan,2024,2,CVT,CNG,1,19038,14850
Chevrolet,Spark,Hatchback,2024,2,Automatic,Petrol,1,46838,10330
Ford,Explorer,SUV,2015,11,Automatic,Hybrid,4,248202,7320
Lexus,IS,Sedan,2025,1,Automatic,Diesel,1,23552,32280
BMW,Z4,Convertible,2020,6,Automatic,Petrol,2,104976,23580
Toyota,Prius Prime,Hatchback,2023,3,CVT,Petrol,1,46585,20020
Jeep,Wrangler,SUV,2023,3,Automatic,Petrol,1,42288,23010
Tesla,Model S,Sedan,2026,0,Automatic,Electric,1,500,63830
Toyota,Sienna,Minivan,2011,15,Manual,Diesel,5,167972,5540
Honda,Civic,Sedan,2026,0,Automatic,Petrol,1,500,24080
Toyota,RAV4,SUV,2022,4,Automatic,Hybrid,1,56262,17560
Hyundai,Santa Fe,SUV,2020,6,Automatic,CNG,3,54750,14300
Toyota,GR86,Coupe,2018,8,Automatic,Petrol,3,85473,11160
Mini,Cooper,Hatchback,2024,2,Automatic,Petrol,1,13930,20780
Peugeot,208,Hatchback,2023,3,Manual,Petrol,2,52030,11810
Chevrolet,Equinox,SUV,2023,3,CVT,Petrol,1,26877,18110
Ford,Mustang Mach-E,SUV,2016,10,Automatic,Electric,1,137561,12570
BMW,X5,SUV,2020,6,Automatic,Petrol,2,110696,27920
Kia,Forte,Sedan,2015,11,CVT,Petrol,2,123515,5660
Kia,K5,Sedan,2023,3,CVT,Hybrid,1,42350,17560
Kia,Rio,Hatchback,2026,0,CVT,Petrol,1,500,15970
Toyota,Yaris Hatchback,Hatchback,2022,4,Automatic,Hybrid,1,33242,11180
Suzuki,Swift,Hatchback,2020,6,CVT,Diesel,2,61726,7390
Honda,Odyssey,Minivan,2019,7,Automatic,Petrol,1,78292,14520
Lexus,ES,Sedan,2024,2,Manual,Petrol,1,25785,28550
Lexus,ES,Sedan,2024,2,Automatic,Petrol,1,25244,30140
Hyundai,Tucson,SUV,2017,9,Manual,Diesel,1,124273,9240
Tesla,Model X,SUV,2018,8,Automatic,Electric,2,107550,33410
Audi,A5,Coupe,2013,13,Automatic,Diesel,1,212562,9100
Mercedes-Benz,GLC,SUV,2022,4,Manual,Petrol,2,54796,25620
Kia,Carnival,Minivan,2025,1,Automatic,Petrol,1,18971,28500
BMW,X5,SUV,2022,4,Automatic,Petrol,1,31805,37980
Jeep,Grand Cherokee,SUV,2023,3,Automatic,Petrol,2,29039,27520
Land Rover,Range Rover Sport,SUV,2025,1,Automatic,Petrol,1,11691,67970
Audi,A4,Sedan,2021,5,Automatic,Petrol,1,86391,21010
Lexus,ES,Sedan,2022,4,Manual,Petrol,2,47536,21940
Suzuki,Swift,Hatchback,2017,9,Manual,Petrol,2,185032,2390
Nissan,Leaf,Hatchback,2024,2,Automatic,Electric,1,14899,19390
Chrysler,Pacifica,Minivan,2017,9,Manual,CNG,2,176241,9510
Tesla,Model 3,Sedan,2011,15,Automatic,Electric,2,326194,1200
Suzuki,Swift,Hatchback,2020,6,Automatic,Diesel,2,66930,7470
Chevrolet,Silverado 1500,Truck,2015,11,Automatic,Petrol,3,125023,9330
Nissan,Sentra,Sedan,2023,3,Automatic,Petrol,2,43407,13080
Kia,Sorento,SUV,2019,7,Automatic,Hybrid,3,110998,13610
Mercedes-Benz,GLC,SUV,2022,4,CVT,Petrol,2,67787,27900
Chevrolet,Silverado 1500,Truck,2016,10,Automatic,Diesel,3,142820,9480
Ford,Focus,Hatchback,2024,2,Automatic,CNG,1,28878,14600
Ram,1500,Truck,2015,11,Automatic,Petrol,2,167953,9460
Tesla,Model Y,SUV,2021,5,Automatic,Electric,2,90328,21790
Hyundai,Santa Fe,SUV,2015,11,Automatic,Petrol,2,109411,9040
Ford,Mustang Mach-E,SUV,2021,5,Automatic,Electric,2,75393,21690
Mazda,CX-5,SUV,2012,14,CVT,Petrol,4,368182,1200
Hyundai,Santa Fe,SUV,2023,3,Manual,Petrol,2,30554,18990
Hyundai,Sonata,Sedan,2022,4,Automatic,Petrol,1,94564,13800
Hyundai,Sonata,Sedan,2022,4,Manual,Diesel,1,51440,13330
Chevrolet,Camaro Convertible,Convertible,2019,7,Automatic,Hybrid,1,90590,17850
Chevrolet,Camaro,Coupe,2020,6,Automatic,Petrol,1,156550,13310
Ford,Mustang Convertible,Convertible,2022,4,Manual,Petrol,1,50098,22580
Volkswagen,Tiguan,SUV,2019,7,Automatic,Petrol,2,120135,10600
Honda,Ridgeline,Truck,2023,3,Automatic,Petrol,1,55521,25270
Tesla,Model 3,Sedan,2023,3,Automatic,Electric,2,31094,24180
Skoda,Octavia,Sedan,2014,12,Manual,Petrol,5,121817,5760
Lexus,NX,SUV,2022,4,Manual,Diesel,2,48000,21300
Lexus,IS,Sedan,2020,6,Automatic,Hybrid,3,82570,20140
Hyundai,Veloster,Coupe,2025,1,Semi-Automatic,Diesel,1,17374,17680
Toyota,Camry,Sedan,2024,2,Automatic,Petrol,1,28263,20260
Audi,Q7,SUV,2022,4,Automatic,Diesel,2,41917,31490
Mazda,CX-9,SUV,2020,6,Automatic,Diesel,1,81098,17410
Kia,Sorento,SUV,2017,9,Automatic,Diesel,3,202634,7180
